SourceRegion,RegionA,RegionA,RegionA,RegionB,RegionB,RegionB,RegionC,RegionC,RegionC,RegionD,RegionD,RegionD,RegionE,RegionE,RegionE,RegionF,RegionF,RegionF
TaskType,RealTimeInference,BatchInference,AITraining,RealTimeInference,BatchInference,AITraining,RealTimeInference,BatchInference,AITraining,RealTimeInference,BatchInference,AITraining,RealTimeInference,BatchInference,AITraining,RealTimeInference,BatchInference,AITraining
ArrivalHour,,,,,,,,,,,,,,,,,,
0,38.45,25.133333333333333,0.0,49.349999999999994,0.0,158.0,3.6,21.666666666666668,0.0,0.0,0.0,1009.1500000000001,0.0,44.85,89.46666666666665,0.0,0.0,665.0666666666667
1,11.066666666666666,143.0,0.0,11.733333333333334,0.0,0.0,0.0,96.96666666666667,891.5166666666667,2.6,71.73333333333333,645.4166666666666,0.0,0.0,160.53333333333333,0.0,0.0,796.5999999999999
2,81.58333333333333,129.66666666666666,0.0,22.266666666666666,140.2,308.0833333333333,4.6,65.6,0.0,0.0,153.11666666666665,1141.6000000000001,0.0,82.18333333333334,188.58333333333334,0.0,0.0,826.95
3,108.48333333333335,53.1,0.0,34.25,27.466666666666665,163.23333333333332,0.0,0.0,0.0,0.0,17.849999999999998,350.3,0.0,51.150000000000006,400.48333333333335,0.0,0.0,698.1666666666667
4,34.11666666666667,94.5,0.0,13.066666666666666,184.03333333333333,0.0,13.75,37.0,0.0,0.0,0.0,155.41666666666666,0.0,0.0,758.4166666666667,0.0,24.833333333333336,0.0
5,54.81666666666666,0.0,0.0,42.266666666666666,0.0,0.0,3.8,147.9,0.0,6.950000000000001,38.099999999999994,687.85,10.25,11.6,53.199999999999996,0.0,14.9,545.8333333333334
6,8.25,0.0,0.0,102.05,157.31666666666666,0.0,40.81666666666667,34.4,295.26666666666665,0.0,0.0,338.8,0.0,0.0,0.0,0.0,50.4,511.4666666666667
7,34.6,45.5,73.19999999999999,7.7,104.69999999999999,19.25,0.0,0.0,529.65,0.0,16.5,904.35,0.0,39.0,203.96666666666667,0.0,129.7,211.11666666666667
8,22.833333333333336,105.23333333333333,368.0,90.56666666666666,0.0,83.7,96.26666666666667,0.0,0.0,0.0,0.0,627.0833333333333,14.200000000000001,24.566666666666666,336.0,0.0,85.14999999999999,201.85
9,0.0,0.0,0.0,81.48333333333333,75.89999999999999,0.0,0.0,31.883333333333333,0.0,0.0,16.200000000000003,48.15,25.083333333333332,195.16666666666666,522.45,0.0,50.83333333333333,0.0
10,13.5,0.0,0.0,29.48333333333333,46.31666666666666,0.0,7.3,59.633333333333326,0.0,0.0,0.0,590.4,0.0,102.11666666666666,990.6666666666666,0.0,0.0,230.0
11,43.8,54.4,0.0,30.583333333333332,24.916666666666664,0.0,14.900000000000002,27.166666666666668,0.0,0.0,227.39999999999998,568.4333333333334,0.0,65.10000000000001,0.0,0.0,29.133333333333333,826.0833333333333
12,21.766666666666666,6.4,0.0,2.4499999999999997,0.0,602.9333333333333,41.18333333333334,52.7,169.86666666666667,0.0,41.66666666666667,385.3166666666666,0.0,106.66666666666666,249.48333333333332,50.449999999999996,74.23333333333332,0.0
13,24.383333333333333,279.5,28.5,11.866666666666667,111.66666666666666,0.0,24.6,161.96666666666667,13.533333333333333,0.0,149.08333333333331,0.0,0.0,68.2,1105.7333333333333,13.066666666666666,0.0,868.5
14,13.983333333333333,0.0,0.0,91.96666666666667,28.833333333333332,0.0,41.166666666666664,0.0,0.0,7.5,19.466666666666665,817.5,0.0,10.133333333333333,229.8,0.0,53.8,222.33333333333331
15,49.9,0.0,0.0,89.63333333333333,44.800000000000004,454.0666666666667,58.0,162.25,0.0,0.0,0.0,1073.6166666666668,1.7,50.233333333333334,61.75,0.0,45.233333333333334,660.3166666666667
16,33.1,117.76666666666665,91.66666666666666,5.233333333333333,90.1,209.31666666666666,45.61666666666667,0.0,0.0,10.2,0.0,0.0,0.0,87.39999999999999,0.0,0.0,0.0,0.0
17,16.650000000000002,27.55,0.0,47.38333333333333,136.76666666666665,78.1,25.049999999999997,101.66666666666666,0.0,0.0,5.699999999999999,214.60000000000002,15.866666666666667,0.0,465.01666666666665,0.0,23.2,1517.4333333333334
18,33.65,46.516666666666666,269.91666666666663,51.666666666666664,40.2,363.33333333333337,15.983333333333334,108.46666666666667,148.66666666666669,0.0,7.5,635.4666666666667,0.0,0.0,0.0,0.0,26.666666666666664,371.29999999999995
19,26.21666666666667,135.71666666666667,1424.5166666666667,16.5,11.666666666666668,826.1833333333334,3.5833333333333335,0.0,49.83333333333333,0.0,56.85,1084.5833333333335,0.0,83.2,85.55000000000001,0.0,106.35,138.26666666666665
20,4.033333333333333,174.73333333333335,0.0,0.36666666666666664,25.766666666666666,200.20000000000002,27.0,0.0,0.0,2.3333333333333335,58.38333333333333,362.3833333333333,0.0,125.5,461.83333333333337,0.0,0.0,603.3833333333333
21,57.7,44.36666666666667,222.23333333333332,0.0,86.4,61.0,2.216666666666667,55.199999999999996,0.0,0.0,0.0,489.25000000000006,0.0,0.0,868.0333333333333,0.0,0.0,933.5166666666667
22,30.08333333333334,0.0,0.0,52.68333333333334,0.0,0.0,35.68333333333334,18.8,21.75,0.0,0.0,702.7833333333334,0.0,0.0,0.0,30.25,25.483333333333334,0.0
23,45.8,100.1,289.1,34.18333333333334,79.8,0.0,44.68333333333334,36.599999999999994,0.0,0.0,46.8,63.7,0.0,109.08333333333334,0.0,21.400000000000002,157.39999999999998,105.6
24,31.4,11.55,0.0,18.0,59.85,0.0,0.0,0.0,0.0,0.0,107.7,694.8833333333332,0.0,203.75,266.7,0.0,137.43333333333334,1110.9833333333331
25,21.083333333333332,36.050000000000004,0.0,32.53333333333333,27.783333333333335,154.51666666666665,5.133333333333334,44.449999999999996,0.0,0.0,0.0,0.0,0.0,0.0,419.1333333333333,0.0,11.75,170.20000000000002
26,80.5,0.0,0.0,12.1,0.0,0.0,0.0,45.599999999999994,393.68333333333334,0.0,112.91666666666667,202.25,28.5,173.96666666666667,135.71666666666667,1.0666666666666667,108.71666666666667,1372.3666666666668
27,34.166666666666664,0.0,0.0,62.16666666666667,113.46666666666667,0.0,15.75,0.0,51.75,7.183333333333334,27.299999999999997,574.5333333333333,42.46666666666667,0.0,122.85000000000001,0.0,54.38333333333334,689.9333333333334
28,60.233333333333334,15.8,0.0,5.666666666666667,43.38333333333333,0.0,42.86666666666667,128.6,0.0,0.0,0.0,1164.25,0.0,99.36666666666666,817.4833333333333,30.099999999999998,14.349999999999998,652.7
29,13.833333333333334,53.81666666666666,621.25,32.13333333333333,0.0,0.0,66.16666666666667,133.4,0.0,0.0,170.16666666666669,972.05,0.0,0.0,992.3166666666666,12.133333333333333,21.2,309.0333333333333
30,43.0,8.666666666666666,376.7166666666667,36.7,0.0,571.1999999999999,7.0,26.199999999999996,0.0,0.0,155.91666666666666,0.0,0.0,0.0,111.46666666666665,0.0,0.0,0.0
31,93.91666666666667,10.583333333333334,150.15,17.28333333333333,56.25,0.0,22.066666666666666,21.583333333333336,0.0,0.0,111.46666666666667,102.28333333333333,0.0,70.63333333333333,0.0,0.0,0.0,0.0
32,0.0,5.733333333333333,0.0,60.300000000000004,78.76666666666667,0.0,4.6000000000000005,258.1333333333333,486.9333333333334,0.0,167.26666666666665,456.1333333333333,0.0,19.066666666666666,466.23333333333335,4.583333333333333,0.0,1733.1166666666668
33,9.083333333333332,208.66666666666669,0.0,24.1,0.0,0.0,46.08333333333333,0.0,110.2,0.0,101.66666666666666,76.5,0.0,85.43333333333334,1079.6333333333332,15.266666666666667,14.8,681.75
34,47.28333333333333,84.25,337.45,7.766666666666667,204.16666666666669,0.0,20.616666666666664,130.13333333333333,370.2166666666667,0.0,0.0,1142.3166666666666,0.0,15.25,1393.4,0.0,132.48333333333335,775.2333333333333
35,20.6,25.5,0.0,0.0,8.0,0.0,9.666666666666666,109.15,0.0,0.0,120.75,732.4833333333333,0.0,27.866666666666667,245.93333333333334,5.333333333333333,56.2,0.0
36,36.55,44.5,283.33333333333337,12.899999999999999,90.06666666666666,479.76666666666665,0.0,69.8,0.0,0.0,0.0,1574.2833333333333,0.0,0.0,0.0,0.0,0.0,199.03333333333333
37,13.75,55.800000000000004,127.86666666666666,29.266666666666666,90.93333333333334,0.0,26.400000000000002,0.0,35.2,0.0,81.88333333333333,334.75,0.0,0.0,378.3333333333333,0.0,76.31666666666666,96.01666666666668
38,0.8333333333333334,3.933333333333333,0.0,70.35,29.0,0.0,91.0,0.0,484.69999999999993,0.0,58.5,92.75,0.0,66.7,128.98333333333335,0.0,0.0,14.399999999999999
39,52.95,173.0,0.0,17.233333333333334,83.7,0.0,21.7,7.833333333333333,0.0,7.0,117.7,290.93333333333334,20.700000000000003,0.0,375.41666666666663,0.0,0.0,169.75
40,69.05000000000001,106.69999999999999,0.0,3.15,12.8,0.0,9.466666666666667,95.75,0.0,0.0,22.75,590.3666666666667,5.75,28.133333333333333,0.0,0.0,0.0,2150.2833333333333
41,29.666666666666668,66.53333333333333,0.0,0.0,41.7,126.41666666666666,7.833333333333333,29.700000000000003,818.2833333333334,6.033333333333333,27.55,369.0,2.1666666666666665,0.0,810.4166666666666,0.0,0.0,593.6
42,80.15,99.96666666666668,0.0,38.38333333333333,0.0,0.0,7.550000000000001,1.4000000000000001,0.0,3.033333333333333,86.76666666666667,145.5,0.0,0.0,855.3499999999999,13.066666666666666,110.65,693.7333333333333
43,37.71666666666667,211.8,0.0,50.56666666666666,0.0,322.53333333333336,7.45,168.06666666666666,766.6666666666667,1.1666666666666667,26.4,121.8,0.0,0.0,54.6,0.0,22.0,309.05
44,3.3,0.0,703.0,30.03333333333333,3.0,343.2,5.8,31.383333333333333,269.8666666666667,30.166666666666664,74.13333333333334,1558.1000000000001,0.0,21.266666666666666,189.9,0.0,0.0,481.25
45,32.43333333333334,145.28333333333333,0.0,19.15,82.01666666666667,0.0,28.999999999999996,0.0,118.65,0.0,69.13333333333333,322.5,19.900000000000002,0.0,927.9833333333333,0.0,3.8000000000000003,456.75
46,0.0,55.65,187.26666666666665,0.0,38.13333333333333,0.0,23.2,62.14999999999999,0.0,0.0,0.0,15.2,0.0,92.23333333333332,136.63333333333333,35.233333333333334,81.06666666666666,345.3666666666667
47,40.983333333333334,9.6,259.9,11.933333333333334,81.53333333333333,0.0,0.0,0.0,0.0,0.0,134.71666666666664,0.0,0.0,0.0,302.9,6.383333333333334,42.0,55.800000000000004
48,21.3,14.733333333333334,31.799999999999997,0.0,370.83333333333337,0.0,0.0,103.93333333333334,151.7,0.0,195.25,515.2666666666667,0.0,0.0,684.4,24.383333333333333,196.16666666666666,530.1333333333333
49,30.166666666666664,121.0,0.0,117.41666666666667,123.43333333333334,119.53333333333333,11.933333333333334,68.5,696.6,0.0,56.53333333333333,222.39999999999998,0.0,0.0,92.03333333333333,0.0,0.0,128.06666666666666
50,0.0,82.6,484.0,6.183333333333334,72.63333333333334,0.0,7.9,25.166666666666664,0.0,0.0,45.9,229.56666666666666,0.0,0.0,742.45,2.183333333333333,5.483333333333333,226.66666666666666
51,46.1,0.0,364.06666666666666,71.6,79.69999999999999,0.0,0.0,109.74999999999999,443.75,0.0,0.0,230.9666666666667,32.16666666666667,0.0,0.0,0.0,126.88333333333333,626.75
52,44.96666666666667,81.89999999999999,0.0,8.533333333333333,0.0,136.8,33.78333333333334,0.0,0.0,0.0,49.71666666666667,0.0,11.233333333333333,0.0,645.9166666666666,15.833333333333332,68.89999999999999,133.0333333333333
53,43.21666666666667,44.916666666666664,0.0,19.599999999999998,33.36666666666667,0.0,0.0,18.15,32.53333333333333,0.0,0.0,1638.85,0.0,83.2,1591.4666666666667,0.0,16.5,298.2
54,28.3,73.33333333333334,0.0,90.4,182.5,0.0,53.46666666666666,142.63333333333333,0.0,0.0,20.583333333333332,422.9,0.0,21.7,0.0,0.0,0.0,1154.5833333333333
55,21.25,27.066666666666666,0.0,9.4,0.0,636.3333333333334,13.8,40.4,0.0,0.0,0.0,121.03333333333333,0.0,38.5,1127.5666666666666,0.0,15.0,0.0
56,23.633333333333333,49.8,0.0,40.5,40.65,0.0,15.116666666666667,44.800000000000004,0.0,0.0,96.94999999999999,869.75,0.0,84.1,374.26666666666665,0.0,60.333333333333336,0.0
57,3.8500000000000005,52.43333333333334,0.0,2.6666666666666665,25.166666666666664,255.0,36.63333333333333,59.78333333333333,0.0,0.0,349.75,1193.0666666666666,0.0,106.41666666666669,0.0,0.0,9.666666666666666,536.55
58,6.5,164.1,0.0,44.56666666666666,102.16666666666667,0.0,4.683333333333334,12.083333333333334,35.416666666666664,0.0,34.9,1266.3000000000002,0.0,37.6,0.0,0.0,0.0,11.2
59,0.0,0.0,0.0,26.533333333333335,41.599999999999994,0.0,41.18333333333334,51.1,0.0,1.0833333333333333,5.483333333333333,121.0,0.0,0.0,44.0,0.0,17.849999999999998,0.0
60,9.233333333333334,11.083333333333332,0.0,64.03333333333333,82.11666666666666,0.0,26.366666666666667,36.0,389.4666666666667,0.0,0.0,462.20000000000005,0.0,0.0,454.28333333333336,4.533333333333333,87.66666666666667,0.0
61,72.75,16.533333333333335,0.0,0.0,103.64999999999999,0.0,11.200000000000001,84.28333333333333,0.0,1.4,107.96666666666667,1661.5,1.4,0.0,451.31666666666666,0.0,0.0,205.91666666666666
62,20.1,10.666666666666668,121.66666666666666,3.333333333333333,176.06666666666666,0.0,0.0,0.0,0.0,21.0,50.33333333333333,613.4333333333334,3.5,0.0,0.0,0.0,0.0,493.0
63,25.866666666666667,131.75,67.89999999999999,2.5833333333333335,100.33333333333333,0.0,25.900000000000002,45.3,0.0,0.0,47.2,1888.7833333333333,0.0,7.933333333333334,401.8,8.399999999999999,52.0,94.16666666666667
64,3.9833333333333334,16.2,0.0,5.616666666666666,14.950000000000001,0.0,5.95,7.2,151.04999999999998,0.0,70.91666666666667,762.5500000000001,0.0,0.0,0.0,0.0,99.63333333333334,183.9
65,0.0,40.949999999999996,0.0,55.533333333333324,6.4,0.0,3.5833333333333335,0.0,0.0,0.0,3.5999999999999996,109.01666666666668,0.0,67.5,323.9166666666667,0.0,85.93333333333334,245.06666666666666
66,3.0833333333333335,175.61666666666667,44.46666666666667,20.833333333333332,18.15,0.0,5.283333333333333,91.33333333333333,0.0,0.0,220.33333333333334,768.1500000000001,0.0,0.0,325.0,0.0,132.33333333333331,347.55
67,92.01666666666667,52.21666666666667,549.1,2.0,35.5,0.0,13.333333333333334,55.133333333333326,189.20000000000002,0.0,49.0,1169.75,10.1,82.5,223.64999999999998,58.2,60.25,637.0666666666667
68,31.166666666666668,45.3,0.0,14.433333333333334,0.0,0.0,31.916666666666668,117.88333333333333,0.0,1.7333333333333334,1.9500000000000002,475.6,0.0,0.0,583.6166666666667,0.0,0.0,0.0
69,0.0,98.25,154.86666666666667,64.5,9.533333333333333,670.8000000000001,0.0,141.13333333333333,0.0,0.0,80.43333333333332,822.05,0.0,53.0,568.9,0.0,121.60000000000001,771.5666666666666
70,32.083333333333336,67.2,73.98333333333333,2.4000000000000004,107.99999999999999,0.0,22.333333333333336,48.53333333333334,117.33333333333333,0.0,0.0,0.0,0.0,119.0,841.3166666666666,6.6000000000000005,15.899999999999999,106.39999999999999
71,6.6,135.25,0.0,24.233333333333334,47.483333333333334,0.0,9.966666666666667,0.0,72.18333333333334,0.0,33.333333333333336,0.0,0.0,0.0,575.9333333333333,0.0,0.0,583.2666666666667
72,12.5,0.0,560.0,7.966666666666667,41.06666666666667,0.0,67.48333333333333,61.333333333333336,0.0,29.75,108.81666666666666,413.2333333333333,0.0,48.666666666666664,175.5666666666667,0.0,21.583333333333336,336.7
73,33.33333333333333,100.56666666666666,0.0,32.083333333333336,44.8,0.0,19.716666666666665,16.133333333333333,0.0,0.0,90.89999999999999,0.0,0.75,89.33333333333334,242.83333333333331,0.0,95.31666666666666,69.0
74,18.1,26.916666666666668,0.0,21.1,209.9,0.0,27.96666666666667,92.80000000000001,0.0,0.0,0.0,1334.0166666666667,0.0,96.66666666666666,1072.7166666666667,11.399999999999999,0.0,0.0
75,34.300000000000004,0.0,0.0,19.783333333333335,3.25,0.0,30.31666666666667,132.73333333333332,0.0,0.0,8.333333333333334,1194.1333333333332,0.0,28.0,1083.25,30.0,114.8,275.2166666666667
76,8.5,52.43333333333333,0.0,37.1,0.0,0.0,1.2833333333333334,69.45,0.0,23.533333333333335,50.0,558.6833333333334,0.0,21.083333333333332,788.6499999999999,0.0,76.76666666666667,273.7
77,70.15,187.1,420.75,56.483333333333334,0.0,0.0,22.233333333333334,0.0,432.15000000000003,0.0,3.033333333333333,223.85000000000002,0.0,83.3,0.0,0.0,19.733333333333334,590.1666666666667
78,52.516666666666666,179.75,0.0,55.83333333333333,0.0,0.0,24.2,0.0,0.0,0.0,10.633333333333333,197.03333333333333,0.0,32.93333333333333,341.55,0.0,0.0,0.0
79,43.56666666666666,109.73333333333333,0.0,22.833333333333336,83.25000000000001,0.0,19.799999999999997,82.8,620.8333333333334,0.0,7.75,0.0,0.0,84.15,322.1,10.700000000000001,0.0,66.26666666666667
80,0.0,0.0,0.0,83.86666666666667,75.33333333333334,247.49999999999997,32.65,86.23333333333333,0.0,0.0,95.26666666666668,143.5,24.299999999999997,0.0,17.55,10.0,0.0,542.3833333333333
81,41.03333333333333,288.98333333333335,0.0,38.0,0.0,0.0,54.766666666666666,28.416666666666668,0.0,4.3,228.08333333333334,172.08333333333334,0.0,146.95,360.25,0.0,0.0,43.75
82,22.333333333333336,138.95,561.1999999999999,0.0,0.0,318.5,15.1,247.95000000000002,0.0,0.0,50.68333333333333,260.1,12.083333333333332,0.0,718.3666666666667,15.95,54.6,558.9333333333334
83,16.35,21.316666666666666,166.06666666666666,25.65,77.39999999999999,208.73333333333335,28.983333333333334,68.7,90.2,0.0,0.0,301.0,0.0,45.1,675.0,0.0,0.0,647.9
84,20.0,28.049999999999997,0.0,1.4166666666666667,0.0,199.63333333333333,25.3,0.0,0.0,0.0,163.96666666666667,925.0333333333333,0.0,0.0,285.2166666666667,0.0,0.0,578.6166666666667
85,1.6666666666666667,109.65,0.0,31.0,47.233333333333334,0.0,56.650000000000006,137.93333333333334,671.4000000000001,0.0,298.73333333333335,0.0,0.0,0.0,0.0,19.333333333333332,22.033333333333335,188.99999999999997
86,64.98333333333333,52.8,0.0,38.21666666666666,139.16666666666666,0.0,5.266666666666667,0.0,0.0,45.85,0.0,461.90000000000003,10.05,0.0,559.65,0.0,137.21666666666664,27.133333333333333
87,80.56666666666666,0.0,0.0,0.0,200.64999999999998,0.0,0.0,20.133333333333333,536.4333333333334,0.0,17.966666666666665,11.100000000000001,12.833333333333332,117.53333333333333,1063.2833333333333,0.0,59.766666666666666,189.51666666666665
88,10.666666666666666,32.7,0.0,62.833333333333336,113.03333333333333,0.0,10.666666666666666,0.0,909.5999999999999,0.0,137.7,1060.3166666666666,0.0,65.33333333333333,94.5,13.0,0.0,154.4
89,20.133333333333333,153.58333333333334,0.0,61.8,42.233333333333334,0.0,13.316666666666666,21.0,0.0,0.0,44.400000000000006,396.33333333333337,0.0,0.0,410.16666666666663,0.0,0.0,333.35
90,35.1,52.15,0.0,25.416666666666664,88.5,0.0,20.4,0.0,0.0,0.0,236.38333333333333,108.3,0.0,56.11666666666666,615.25,0.0,78.75,487.9
91,37.916666666666664,0.0,489.99999999999994,0.0,78.15,0.0,17.066666666666666,0.0,0.0,0.0,0.0,967.5333333333333,0.0,14.85,0.0,0.0,0.0,672.8333333333333
92,59.15,109.78333333333333,0.0,3.1000000000000005,45.333333333333336,0.0,19.5,13.316666666666666,0.0,0.0,0.0,445.85,0.0,115.23333333333332,1548.15,0.0,112.5,0.0
93,74.11666666666666,50.233333333333334,0.0,25.9,21.4,0.0,42.91666666666667,179.48333333333332,0.0,0.0,240.71666666666664,0.0,0.0,35.8,295.09999999999997,0.0,51.766666666666666,0.0
94,102.75,205.16666666666666,0.0,25.483333333333334,19.5,0.0,28.333333333333336,254.11666666666667,0.0,13.333333333333332,10.083333333333332,412.1,28.0,0.0,113.39999999999999,7.0,113.36666666666667,245.58333333333331
95,16.316666666666666,14.2,0.0,27.533333333333335,147.06666666666666,488.7,20.633333333333333,175.21666666666664,19.433333333333334,0.0,79.93333333333334,855.9833333333333,18.666666666666664,0.0,965.7833333333333,0.0,0.0,535.7
96,26.21666666666667,0.0,0.0,25.2,8.816666666666666,319.20000000000005,5.05,134.93333333333334,0.0,0.0,55.06666666666666,741.4,0.0,17.333333333333332,0.0,0.0,79.2,179.9
97,80.38333333333333,141.21666666666667,0.0,0.0,92.78333333333333,0.0,31.75,85.69999999999999,0.0,0.0,34.2,113.83333333333334,0.0,0.0,379.84999999999997,0.0,0.0,1895.85
98,79.05,153.18333333333334,0.0,3.8333333333333335,0.0,0.0,0.0,18.666666666666668,20.583333333333332,0.0,44.25,426.8,0.0,57.0,363.6,0.0,44.0,236.8
99,55.383333333333326,28.4,0.0,51.11666666666667,57.15,0.0,11.333333333333332,0.0,106.60000000000001,0.0,14.35,78.96666666666667,0.0,19.666666666666664,439.46666666666664,0.0,6.933333333333334,0.0
100,26.4,0.0,0.0,0.0,169.73333333333335,217.79999999999998,54.43333333333334,0.0,0.0,0.0,0.0,293.3833333333333,0.0,0.0,0.0,0.0,48.0,90.85000000000001
101,46.083333333333336,86.98333333333333,0.0,54.36666666666666,10.8,0.0,6.2,40.199999999999996,0.0,3.5,0.0,571.35,0.0,53.25,678.7833333333333,0.0,62.483333333333334,0.0
102,0.0,70.41666666666667,848.5666666666666,20.03333333333333,132.43333333333334,0.0,0.0,0.0,0.0,0.0,60.5,234.33333333333331,0.0,44.85,0.0,0.0,5.133333333333333,392.9166666666667
103,5.666666666666667,157.38333333333333,0.0,0.0,45.233333333333334,0.0,60.9,99.96666666666667,6.0,0.5833333333333334,0.0,370.5,0.0,0.0,214.33333333333334,0.0,0.0,526.5333333333333
104,45.016666666666666,56.2,0.0,10.333333333333332,72.76666666666667,0.0,6.566666666666666,300.98333333333335,0.0,0.0,202.01666666666668,1283.1333333333332,22.4,9.600000000000001,822.4666666666667,0.0,101.1,547.2833333333333
105,7.633333333333333,59.83333333333333,0.0,29.666666666666668,0.0,113.66666666666667,77.85,39.583333333333336,0.0,6.466666666666667,0.0,604.1833333333334,0.0,46.0,283.2,0.0,0.0,372.4
106,7.266666666666667,115.93333333333334,0.0,54.46666666666667,35.0,0.0,25.65,192.36666666666667,0.0,0.0,0.0,0.0,0.0,11.950000000000003,27.95,0.0,0.0,0.0
107,5.766666666666667,0.0,0.0,60.13333333333333,30.766666666666666,176.79999999999998,17.95,103.2,244.16666666666669,0.0,84.0,0.0,33.800000000000004,6.3,411.79999999999995,20.0,0.0,682.0833333333334
108,6.6,93.4,0.0,25.75,200.15,492.31666666666666,29.933333333333334,0.0,0.0,0.0,0.0,212.75,4.4,0.0,182.9333333333333,0.0,0.0,562.9499999999999
109,10.833333333333332,205.83333333333331,0.0,4.583333333333333,15.833333333333332,26.066666666666666,41.300000000000004,38.0,543.9,0.0,0.0,796.1833333333334,0.0,38.8,0.0,0.0,48.650000000000006,1339.8333333333333
110,24.383333333333333,22.15,0.0,16.0,0.0,0.0,49.2,29.45,436.79999999999995,0.0,27.733333333333334,798.6333333333333,24.75,59.833333333333336,431.18333333333334,0.0,0.0,92.58333333333333
111,4.7,0.0,0.0,26.916666666666668,0.0,21.349999999999998,57.666666666666664,63.233333333333334,470.73333333333335,0.0,0.0,418.58333333333337,0.0,14.2,0.0,0.0,0.0,418.3
112,19.383333333333333,66.65,0.0,0.0,51.5,0.0,0.0,89.83333333333333,62.400000000000006,6.4,61.56666666666666,1465.1666666666665,0.0,63.46666666666667,1124.65,0.0,85.86666666666666,0.0
113,27.533333333333335,39.6,0.0,5.05,73.35,0.0,23.45,0.0,319.2,0.0,224.41666666666669,153.75,13.649999999999999,52.43333333333333,0.0,13.5,0.0,451.05
114,30.166666666666664,0.0,109.15,0.0,51.150000000000006,0.0,34.85,26.4,219.2,0.0,106.46666666666667,384.4666666666667,0.0,80.26666666666667,409.81666666666666,0.0,0.0,626.8666666666666
115,39.900000000000006,0.0,0.0,51.23333333333334,144.0,270.95000000000005,15.416666666666666,0.0,0.0,0.0,58.199999999999996,866.4333333333334,0.0,0.0,595.35,32.5,50.63333333333333,1193.1833333333334
116,35.7,0.0,0.0,4.166666666666667,24.383333333333336,288.75,27.800000000000004,0.0,0.0,0.0,46.38333333333333,845.7166666666667,0.0,144.51666666666665,504.7166666666667,0.0,0.0,194.29999999999998
117,31.266666666666666,141.26666666666665,0.0,0.48333333333333334,89.26666666666667,0.0,34.833333333333336,45.5,0.0,24.733333333333334,85.06666666666666,1024.35,0.0,31.5,1160.9,0.0,20.116666666666667,0.0
118,57.4,106.16666666666666,255.14999999999998,46.9,39.983333333333334,85.2,53.45,40.63333333333333,0.0,0.0,206.39999999999998,825.8166666666666,16.4,45.33333333333333,608.75,0.0,49.18333333333333,282.68333333333334
119,41.483333333333334,5.866666666666666,421.5,23.93333333333333,43.08333333333333,0.0,135.71666666666667,43.6,0.0,0.0,157.93333333333334,922.5,28.699999999999996,67.03333333333333,116.63333333333333,0.0,0.0,797.85
120,23.866666666666667,88.61666666666667,0.0,28.78333333333333,22.2,0.0,28.76666666666667,58.39999999999999,33.333333333333336,0.0,0.0,505.23333333333335,0.0,79.36666666666667,854.2833333333333,0.0,0.0,963.6666666666665
121,54.39999999999999,180.8,0.0,11.1,51.266666666666666,79.89999999999999,0.0,0.0,376.7666666666667,0.0,0.0,896.7333333333333,0.0,0.0,423.68333333333334,0.0,320.2833333333333,116.66666666666667
122,56.95,207.5,0.0,11.8,35.65,0.0,0.0,107.56666666666668,97.85,0.0,0.0,1002.8833333333333,23.266666666666666,68.8,1071.2833333333333,0.0,0.0,379.8666666666667
123,13.133333333333333,168.33333333333334,0.0,38.08333333333333,81.0,0.0,13.433333333333334,51.85,0.0,0.0,196.96666666666667,799.7833333333333,20.2,150.06666666666666,606.1333333333333,0.0,0.0,107.80000000000001
124,82.75,145.86666666666667,0.0,0.0,0.0,555.0,0.0,0.0,167.33333333333331,0.0,0.0,1063.85,0.0,17.583333333333332,165.6,16.3,63.6,832.9
125,18.400000000000002,0.0,0.0,42.93333333333333,0.0,288.0,0.0,1.4166666666666665,75.13333333333333,0.0,4.833333333333333,212.43333333333334,0.0,15.516666666666666,0.0,27.833333333333332,0.0,1102.2333333333333
126,29.53333333333333,29.666666666666664,73.5,39.199999999999996,78.25,111.16666666666667,0.0,33.75,0.0,0.0,202.91666666666669,1688.5333333333333,39.43333333333334,0.0,73.2,0.0,0.0,0.0
127,14.383333333333333,23.833333333333332,0.0,55.583333333333336,55.53333333333333,0.0,23.85,0.0,16.46666666666667,0.0,79.10000000000001,1407.7333333333333,0.0,13.766666666666666,636.1666666666666,0.0,51.75,1048.3166666666666
128,99.65,28.866666666666667,0.0,30.31666666666667,0.0,0.0,41.31666666666666,57.166666666666664,181.35000000000002,0.0,0.0,986.0333333333333,0.0,0.0,440.9666666666667,0.0,0.0,90.98333333333333
129,18.533333333333335,0.0,0.0,25.766666666666666,0.0,0.0,27.066666666666666,43.28333333333333,0.0,4.55,0.0,870.25,0.0,89.51666666666665,0.0,0.0,69.0,830.4166666666667
130,44.583333333333336,137.33333333333334,0.0,18.283333333333335,50.75,0.0,45.86666666666667,0.0,0.0,0.0,0.0,0.0,0.0,0.0,287.0,0.0,0.0,0.0
131,49.45,0.0,0.0,81.3,32.333333333333336,0.0,30.6,27.800000000000004,0.0,0.0,177.95,416.23333333333335,0.0,58.86666666666667,186.20000000000002,4.466666666666667,103.86666666666667,1098.3666666666668
132,0.9833333333333333,36.833333333333336,0.0,0.8999999999999999,0.0,248.33333333333334,51.3,62.166666666666664,0.0,0.0,78.8,272.96666666666664,0.0,45.266666666666666,7.283333333333334,6.200000000000001,178.11666666666667,736.2833333333334
133,0.0,0.0,0.0,4.283333333333333,122.01666666666665,684.95,36.4,33.08333333333333,0.0,0.0,150.64999999999998,1724.8833333333332,0.0,0.0,422.96666666666664,0.95,81.25,1055.3166666666666
134,32.86666666666667,0.0,0.0,24.866666666666667,0.0,333.2,0.0,0.0,356.21666666666664,0.0,20.333333333333332,430.01666666666665,0.0,124.46666666666667,0.0,0.0,65.73333333333333,218.76666666666665
135,34.4,0.0,0.0,0.0,95.19999999999999,0.0,45.45,9.333333333333332,0.0,18.6,58.39999999999999,674.0,0.0,0.0,1335.9500000000003,0.0,0.0,201.61666666666667
136,14.666666666666668,46.5,237.46666666666664,0.0,72.73333333333333,433.18333333333334,0.0,55.650000000000006,0.0,0.0,66.98333333333333,489.88333333333327,0.85,40.13333333333333,0.0,29.049999999999997,8.916666666666668,0.0
137,25.75,196.13333333333333,0.0,47.78333333333333,0.0,258.3,12.616666666666665,0.0,0.0,28.116666666666667,104.25,746.1833333333334,0.0,84.33333333333333,325.1166666666667,0.0,125.11666666666667,0.0
138,32.16666666666667,318.8666666666667,0.0,5.866666666666666,37.6,34.666666666666664,30.449999999999996,0.0,0.0,0.0,47.01666666666666,1082.0666666666666,0.0,126.86666666666667,510.18333333333334,0.0,23.5,0.0
139,33.900000000000006,169.0,0.0,37.93333333333334,32.43333333333334,0.0,6.949999999999999,0.0,0.0,0.0,116.10000000000001,572.6,0.0,0.0,268.81666666666666,0.0,0.0,539.5833333333333
140,42.58333333333333,99.66666666666666,69.75,6.133333333333334,131.9,792.9333333333333,0.0,50.233333333333334,241.9,0.0,0.0,0.0,0.0,0.0,111.46666666666667,11.95,36.833333333333336,921.0666666666666
141,0.0,38.8,15.6,27.26666666666667,90.2,0.0,14.066666666666666,59.733333333333334,0.0,9.45,0.0,997.1333333333333,0.0,0.0,686.6166666666667,0.0,113.03333333333335,0.0
142,25.083333333333336,0.0,67.5,8.966666666666667,26.666666666666664,333.26666666666665,52.38333333333333,0.0,0.0,0.0,180.6,165.0,33.16666666666667,139.96666666666667,643.5,0.0,0.0,50.56666666666667
143,20.083333333333332,0.0,0.0,56.38333333333333,24.03333333333333,0.0,35.349999999999994,213.39999999999998,0.0,0.0,0.0,0.0,0.0,182.8,553.9166666666666,0.0,0.0,177.36666666666667
144,55.650000000000006,131.48333333333335,0.0,18.566666666666666,5.5,0.0,0.0,0.0,0.0,1.9166666666666667,0.0,800.6999999999999,0.0,0.0,369.0833333333333,0.0,0.0,1246.0
145,9.166666666666666,106.21666666666667,0.0,8.533333333333333,35.083333333333336,38.5,0.0,232.78333333333333,0.0,0.0,0.0,342.0,0.0,26.933333333333334,272.85,0.0,0.0,0.0
146,51.96666666666667,100.33333333333334,0.0,10.766666666666666,113.56666666666666,0.0,3.05,0.0,0.0,5.4,126.0,325.54999999999995,0.0,92.26666666666667,972.9,19.900000000000002,21.9,376.05
147,44.35,0.0,0.0,5.716666666666667,0.0,630.9333333333334,18.583333333333336,60.45,0.0,0.0,126.33333333333333,846.4666666666667,0.0,203.65,108.0,0.0,0.0,1371.5333333333333
148,0.0,13.333333333333332,444.43333333333334,42.5,24.833333333333336,482.06666666666666,2.5,43.0,139.16666666666666,0.0,13.2,535.0833333333333,0.0,91.76666666666665,0.0,0.0,0.0,776.1666666666666
149,28.416666666666664,11.900000000000002,0.0,59.0,35.41666666666667,0.0,72.64999999999999,105.66666666666666,79.48333333333333,0.0,19.75,990.9666666666666,0.0,0.0,53.0,0.9166666666666666,0.0,518.6999999999999
150,24.383333333333333,21.083333333333336,1033.8833333333332,8.433333333333334,43.400000000000006,402.1333333333333,21.599999999999998,19.983333333333334,97.2,0.0,91.93333333333334,654.8333333333334,0.0,65.75,32.86666666666667,0.0,116.9,112.61666666666666
151,21.0,128.03333333333333,0.0,108.26666666666667,104.9,515.1999999999999,38.8,320.45,0.0,0.0,55.583333333333336,303.8333333333333,0.0,75.65,894.1666666666667,0.0,4.800000000000001,270.0
152,99.16666666666667,93.08333333333333,0.0,10.266666666666667,125.3,179.38333333333335,0.0,144.86666666666667,0.0,30.566666666666663,184.06666666666666,974.6166666666667,0.0,18.0,1287.75,0.0,26.35,384.83333333333337
153,128.45,28.233333333333334,0.0,45.7,46.766666666666666,439.2,0.0,137.26666666666668,277.20000000000005,0.0,53.16666666666666,1060.5666666666666,0.0,0.0,0.0,15.083333333333332,0.0,0.0
154,51.25,0.0,307.8,59.68333333333333,0.0,90.9,12.216666666666667,0.0,0.0,0.0,213.86666666666667,294.4,15.5,66.85,477.41666666666663,0.0,64.86666666666666,674.65
155,10.8,0.0,0.0,8.25,4.933333333333334,0.0,24.666666666666664,0.0,0.0,0.0,64.2,0.0,9.2,0.0,263.5,0.0,0.0,667.0
156,0.0,30.333333333333332,0.0,78.06666666666666,0.0,0.0,1.6666666666666667,159.8,0.0,35.400000000000006,52.766666666666666,0.0,0.0,0.0,261.1333333333333,0.0,5.366666666666667,1439.1166666666668
157,0.0,386.5833333333333,540.4,9.383333333333333,43.666666666666664,61.41666666666667,33.25,142.26666666666668,204.0,0.0,0.0,354.95000000000005,0.0,0.0,35.666666666666664,0.0,31.533333333333335,0.0
158,5.133333333333334,0.0,0.0,0.0,51.28333333333334,0.0,48.300000000000004,0.0,0.0,0.0,105.13333333333333,587.6666666666666,0.0,0.0,632.8499999999999,0.0,71.5,867.1833333333334
159,24.816666666666663,112.24999999999999,0.0,7.066666666666666,31.96666666666667,0.0,30.566666666666663,116.43333333333334,141.45,0.0,122.48333333333333,434.2833333333333,0.0,107.33333333333334,391.40000000000003,8.666666666666666,57.483333333333334,166.75
160,37.85,30.666666666666668,0.0,4.5,0.0,0.0,0.0,96.45,199.63333333333333,0.0,20.3,168.61666666666667,0.0,0.0,733.8333333333333,0.0,107.28333333333333,0.0
161,89.65,91.9,0.0,1.5,79.18333333333334,0.0,30.75,0.0,0.0,0.0,47.06666666666667,2387.95,2.0833333333333335,0.0,81.0,0.0,57.6,706.9666666666667
162,45.66666666666667,92.4,0.0,114.85,129.39999999999998,0.0,17.700000000000003,0.0,0.0,0.0,95.66666666666666,584.1,0.0,0.0,161.70000000000002,18.833333333333332,82.13333333333333,55.199999999999996
163,24.083333333333332,59.733333333333334,333.66666666666663,5.366666666666666,108.19999999999999,0.0,25.75,53.900000000000006,0.0,11.5,0.0,1631.5500000000002,0.0,0.0,118.06666666666666,25.6,39.96666666666667,577.0833333333333
164,76.14999999999999,47.166666666666664,47.4,19.01666666666667,15.2,485.4166666666667,18.333333333333336,44.33333333333333,0.0,0.0,12.133333333333333,0.0,0.0,37.699999999999996,585.35,0.0,163.5,0.0
165,41.16666666666667,230.75,0.0,4.383333333333333,53.56666666666666,501.59999999999997,43.16666666666667,0.0,156.23333333333332,0.0,0.0,0.0,0.0,131.3,734.6666666666666,0.0,0.0,840.3
166,28.333333333333332,190.3,96.13333333333333,50.74999999999999,186.63333333333333,0.0,14.15,0.0,0.0,0.0,66.33333333333334,139.0,0.0,3.0,1632.9,0.0,28.0,520.4666666666667
167,36.266666666666666,247.9,0.0,21.183333333333334,121.45,0.0,1.2,5.416666666666667,0.0,0.0,58.75,242.26666666666665,0.0,5.133333333333334,537.1333333333333,2.466666666666667,18.516666666666666,0.0
168,40.3,41.766666666666666,226.48333333333335,46.6,34.4,0.0,4.166666666666667,43.2,0.0,0.0,60.56666666666666,652.3833333333333,0.0,0.0,843.9166666666667,0.0,104.41666666666667,913.9666666666667
169,22.099999999999998,41.55,0.0,0.0,0.0,0.0,0.0,78.4,0.0,0.0,117.63333333333334,296.1,0.0,0.0,0.0,0.0,6.8,808.45
170,54.23333333333333,2.1,400.56666666666666,29.73333333333333,11.9,454.8666666666667,0.0,35.233333333333334,369.2,17.650000000000002,37.6,1079.5,0.0,75.88333333333334,218.5,0.0,62.8,818.4
171,29.116666666666667,85.48333333333333,0.0,32.583333333333336,23.0,0.0,30.416666666666664,29.3,0.0,0.0,14.333333333333334,473.98333333333335,0.0,0.0,250.8,0.0,0.0,1147.5
172,37.43333333333334,0.0,0.0,29.383333333333336,0.0,343.06666666666666,28.15,0.0,69.6,0.0,168.60000000000002,565.5,6.300000000000001,139.33333333333331,0.0,0.0,14.4,333.5
173,0.0,0.0,392.6666666666667,0.0,83.5,587.75,0.0,0.0,542.9833333333332,0.8333333333333334,21.0,252.1,0.0,64.63333333333333,95.0,0.0,0.0,613.2166666666667
174,23.633333333333333,18.2,0.0,70.86666666666667,15.666666666666666,0.0,0.0,0.0,561.0,0.0,0.0,145.01666666666665,0.0,76.65,744.3666666666667,0.0,32.7,0.0
175,0.0,79.33333333333334,534.4166666666667,36.7,24.666666666666668,0.0,0.0,0.0,0.0,5.166666666666667,19.71666666666667,224.41666666666666,0.0,25.933333333333334,438.9,0.0,93.96666666666667,1101.1333333333332
176,22.333333333333336,0.0,0.0,39.900000000000006,30.56666666666667,0.0,5.8,35.983333333333334,0.0,0.0,66.83333333333333,0.0,0.0,0.0,564.5,28.666666666666668,0.0,50.800000000000004
177,53.650000000000006,54.38333333333334,294.93333333333334,38.96666666666666,5.8,0.0,34.13333333333333,117.8,0.0,0.0,143.43333333333334,0.0,0.0,27.916666666666668,771.8666666666668,0.0,19.349999999999998,351.93333333333334
178,5.466666666666667,70.13333333333334,0.0,0.0,30.666666666666668,15.716666666666667,18.400000000000002,0.0,0.0,0.0,0.0,942.5333333333333,0.0,0.0,337.75,0.0,67.65,492.59999999999997
179,42.10000000000001,234.88333333333333,0.0,48.166666666666664,43.0,153.7,59.31666666666666,121.56666666666666,192.85000000000002,0.0,15.216666666666667,0.0,0.0,94.11666666666667,182.45000000000002,0.0,0.0,812.5333333333333
180,47.650000000000006,134.75,0.0,13.866666666666667,137.7,0.0,9.45,39.26666666666667,0.0,0.0,0.0,1563.6166666666668,22.616666666666667,165.95,520.1999999999999,0.0,0.0,0.0
181,45.85,282.95,0.0,5.633333333333333,91.80000000000001,0.0,26.9,87.39999999999999,0.0,0.0,146.03333333333333,709.3333333333334,0.0,40.71666666666667,102.35,0.0,70.5,242.53333333333336
182,78.23333333333333,0.0,0.0,39.5,58.08333333333333,0.0,24.8,13.75,0.0,0.0,108.06666666666668,2027.2166666666667,0.0,0.0,281.9166666666667,0.0,55.25,348.0
183,16.866666666666667,161.13333333333335,130.66666666666666,30.599999999999998,34.0,62.86666666666667,29.3,178.5,250.5,0.0,29.516666666666666,693.9833333333333,3.283333333333333,34.75,649.1833333333333,0.0,70.95,296.0833333333333
184,68.76666666666667,0.0,230.03333333333333,69.01666666666667,33.63333333333333,0.0,0.0,131.33333333333331,0.0,0.0,0.0,1344.4666666666667,0.0,38.63333333333333,1153.4333333333334,0.0,92.66666666666667,234.25
185,40.833333333333336,109.48333333333333,0.0,11.666666666666668,0.0,70.0,60.233333333333334,86.0,186.43333333333334,4.3,0.0,589.5833333333334,7.033333333333333,0.0,563.7333333333333,0.0,69.35,149.35
186,4.0,29.333333333333332,0.0,28.433333333333337,117.18333333333334,0.0,4.466666666666667,180.64999999999998,510.96666666666664,0.0,50.53333333333333,0.0,0.0,0.0,122.86666666666667,0.0,114.93333333333334,0.0
187,7.050000000000001,0.0,0.0,31.133333333333333,207.15,0.0,7.916666666666667,7.866666666666666,0.0,0.0,0.0,1191.1166666666666,0.0,75.13333333333333,0.0,0.0,0.0,546.9666666666667
188,0.0,259.7,0.0,78.56666666666666,4.2,0.0,38.36666666666666,105.66666666666667,108.9,0.0,15.083333333333332,839.4666666666667,19.333333333333332,14.8,181.53333333333333,0.0,105.8,923.5333333333333
189,13.6,76.25,0.0,39.083333333333336,118.06666666666668,184.6,0.0,95.35,0.0,0.0,0.0,1061.25,38.9,9.0,0.0,0.0,49.13333333333333,32.016666666666666
190,60.266666666666666,115.88333333333333,387.45000000000005,44.56666666666667,202.95,0.0,0.0,0.0,612.5333333333333,0.0,161.16666666666666,475.2,0.0,67.5,1147.1999999999998,0.0,0.0,128.25
191,19.8,140.48333333333332,0.0,36.46666666666667,41.85,0.0,0.0,98.43333333333334,316.79999999999995,2.45,0.0,0.0,0.0,93.6,1701.7,0.0,12.950000000000001,0.0
192,32.266666666666666,187.83333333333331,0.0,49.31666666666666,125.6,564.7333333333333,34.71666666666667,41.06666666666666,553.5666666666667,0.0,192.88333333333333,1425.65,0.0,0.0,172.70000000000002,13.6,90.3,79.58333333333333
193,20.616666666666667,102.66666666666667,0.0,77.45,70.2,38.949999999999996,56.233333333333334,33.0,0.0,19.666666666666668,27.55,380.9333333333333,24.0,83.1,422.2666666666667,0.0,26.71666666666667,195.7
194,3.35,0.0,0.0,45.75,0.0,0.0,20.266666666666666,0.0,0.0,0.0,59.05,0.0,19.71666666666667,15.400000000000002,1367.6333333333334,0.0,0.0,658.7833333333333
195,8.6,30.833333333333336,0.0,0.0,0.0,0.0,12.55,33.400000000000006,354.25,0.0,77.7,1803.95,15.25,0.0,379.6,0.0,75.61666666666666,325.76666666666665
196,21.2,100.46666666666667,0.0,14.866666666666667,37.46666666666667,0.0,0.0,132.11666666666667,81.4,16.833333333333336,127.64999999999999,375.6666666666667,8.533333333333333,57.333333333333336,159.0,5.833333333333333,22.233333333333334,363.1
197,0.0,0.0,0.0,0.0,87.53333333333333,279.34999999999997,0.0,33.733333333333334,206.8,26.71666666666667,113.68333333333334,197.26666666666668,0.0,23.233333333333334,967.8166666666666,0.0,0.0,214.20000000000002
198,3.2666666666666666,0.0,0.0,0.0,185.81666666666666,0.0,31.01666666666667,179.65,0.0,0.0,80.43333333333334,325.35,0.0,148.41666666666666,134.9,0.0,42.599999999999994,320.1833333333333
199,0.0,21.299999999999997,0.0,0.0,195.95,30.0,12.033333333333333,83.33333333333334,139.03333333333333,0.0,0.0,1160.6,11.200000000000001,0.0,0.0,0.0,98.7,0.0
200,31.9,0.0,0.0,34.166666666666664,15.466666666666667,0.0,22.333333333333336,16.5,0.0,0.5,93.60000000000001,552.85,0.0,0.0,411.95,8.533333333333333,76.26666666666667,345.0
201,26.2,62.0,0.0,60.1,77.31666666666666,0.0,16.633333333333333,82.05,0.0,0.0,53.51666666666666,1150.1833333333334,0.0,119.83333333333334,164.35,0.0,38.8,74.2
202,1.0666666666666667,139.05,514.5999999999999,0.0,31.616666666666667,183.60000000000002,6.233333333333333,14.916666666666668,0.0,0.0,26.133333333333333,897.6833333333334,0.0,0.0,602.4166666666667,0.0,17.866666666666667,53.0
203,47.05,76.5,202.76666666666668,36.68333333333334,0.0,0.0,80.76666666666667,126.88333333333333,0.0,0.0,0.0,363.1,0.0,50.4,0.0,0.0,13.416666666666666,0.0
204,41.050000000000004,169.68333333333334,0.0,20.25,80.66666666666666,72.2,10.0,16.266666666666666,0.0,0.0,0.0,837.3333333333334,0.0,0.0,676.3333333333334,0.0,0.0,469.9
205,2.833333333333333,7.666666666666667,0.0,59.35,0.0,0.0,14.0,88.25,0.0,0.0,72.95,687.5500000000001,3.7,88.0,0.0,0.0,11.333333333333332,582.0833333333333
206,36.36666666666667,0.0,0.0,99.78333333333333,0.0,538.2666666666667,9.166666666666668,0.0,0.0,39.900000000000006,29.0,277.3333333333333,0.0,0.0,972.0,13.416666666666668,0.0,412.93333333333334
207,32.666666666666664,0.0,0.0,0.0,170.65,0.0,12.2,18.400000000000002,0.0,0.0,34.06666666666666,666.55,0.0,132.0,0.0,0.0,22.266666666666666,147.38333333333333
208,36.45,84.26666666666667,0.0,28.2,93.41666666666666,0.0,10.0,13.666666666666668,120.7,20.599999999999998,258.26666666666665,767.8166666666666,0.0,0.0,735.5333333333333,0.0,0.0,36.55
209,16.7,34.666666666666664,317.85,45.2,57.666666666666664,0.0,9.45,63.16666666666667,0.0,0.0,79.98333333333333,182.93333333333334,0.0,0.0,812.2833333333333,0.0,38.5,0.0
210,34.3,0.0,0.0,0.0,41.93333333333334,250.75000000000003,33.68333333333334,85.76666666666667,374.1333333333334,0.0,299.7166666666667,799.0833333333334,0.0,42.333333333333336,124.98333333333335,0.0,0.0,0.0
211,22.366666666666667,59.4,0.0,7.800000000000001,80.53333333333333,375.0333333333333,27.0,1.3333333333333333,0.0,0.0,73.76666666666667,395.5333333333333,0.0,84.53333333333333,428.35,0.0,52.5,0.0
212,35.8,29.700000000000003,0.0,61.9,0.0,0.0,32.63333333333333,0.0,0.0,0.0,130.61666666666667,811.8333333333333,34.41666666666667,234.89999999999998,606.0,0.0,0.0,512.8166666666667
213,5.883333333333334,36.86666666666667,115.25,47.45,0.0,0.0,0.0,140.9,0.0,0.0,123.19999999999999,183.15,6.233333333333333,207.88333333333333,298.15,0.0,0.0,313.8
214,7.983333333333333,201.45000000000002,0.0,26.883333333333333,215.9,0.0,6.916666666666666,0.0,0.0,0.0,0.0,823.35,0.8333333333333334,80.0,0.0,5.1,0.0,1371.3666666666668
215,59.78333333333333,32.18333333333333,0.0,13.933333333333334,108.5,0.0,43.86666666666667,25.6,275.4,0.0,41.0,394.8,0.0,82.93333333333334,580.2833333333333,0.0,0.0,573.05
216,39.43333333333334,0.0,0.0,0.0,0.0,0.0,0.0,58.050000000000004,0.0,0.0,43.06666666666666,388.31666666666666,0.0,4.8,398.3666666666667,23.0,54.416666666666664,563.7666666666667
217,4.6000000000000005,31.799999999999997,232.5,5.166666666666667,108.21666666666667,0.0,10.25,0.0,0.0,0.0,101.2,578.1999999999999,0.0,89.7,1030.6666666666667,21.4,0.0,1097.4
218,23.533333333333335,24.4,0.0,0.0,91.45,0.0,0.0,117.16666666666666,0.0,0.0,29.333333333333332,1483.8333333333335,0.0,23.099999999999998,1790.3833333333334,0.0,67.33333333333333,0.0
219,31.03333333333333,111.60000000000001,122.85,54.21666666666666,101.38333333333334,0.0,49.7,0.0,0.0,0.0,134.54999999999998,653.55,0.0,99.91666666666667,1106.0,0.0,0.0,339.73333333333335
220,47.0,106.13333333333334,0.0,43.916666666666664,188.95000000000002,0.0,0.0,58.93333333333333,465.75,0.0,0.0,549.0,0.0,99.44999999999999,33.06666666666666,0.0,74.46666666666667,717.7
221,25.1,41.25,41.25,0.0,13.783333333333335,0.0,14.450000000000001,0.0,0.0,0.0,128.10000000000002,787.25,0.0,77.69999999999999,612.35,24.4,27.133333333333336,323.40000000000003
222,45.283333333333324,47.3,0.0,0.0,0.0,0.0,21.933333333333334,46.93333333333334,0.0,26.266666666666666,69.6,494.0,7.199999999999999,99.28333333333332,119.69999999999999,14.266666666666667,0.0,834.0
223,143.0,0.0,0.0,27.21666666666667,50.733333333333334,146.76666666666668,44.11666666666667,0.0,219.86666666666667,0.0,125.33333333333334,1878.166666666667,0.0,133.0,537.25,0.0,0.0,71.25
224,87.41666666666666,97.18333333333334,141.25,42.93333333333333,89.26666666666667,0.0,8.450000000000001,175.41666666666669,128.26666666666668,0.0,0.0,1379.4833333333331,0.0,92.23333333333333,184.86666666666667,0.0,0.0,87.5
225,99.26666666666667,0.0,491.55,19.483333333333334,25.6,351.0,0.0,42.0,0.0,0.0,101.55000000000001,295.46666666666664,0.0,0.0,0.0,0.0,43.099999999999994,382.26666666666665
226,52.4,0.0,0.0,81.85000000000001,38.833333333333336,0.0,82.86666666666667,164.7,0.0,0.0,109.63333333333333,342.1333333333333,0.0,0.0,0.0,0.0,4.0,1207.95
227,10.866666666666667,65.43333333333334,596.0,12.833333333333334,82.13333333333333,0.0,0.0,0.0,0.0,0.0,0.0,222.29999999999998,0.0,77.0,236.51666666666665,0.0,114.28333333333333,1458.5166666666667
228,35.333333333333336,37.1,0.0,7.1,175.33333333333331,0.0,0.0,6.216666666666666,0.0,0.0,134.2,753.3,0.0,0.0,376.45,0.0,106.6,1179.4666666666667
229,22.48333333333333,0.0,0.0,12.799999999999999,40.91666666666667,595.4666666666667,39.06666666666666,95.73333333333332,0.0,0.0,270.9,473.1333333333333,0.0,20.3,631.4166666666666,0.0,0.0,1637.7333333333333
230,31.383333333333333,29.199999999999996,251.33333333333331,40.46666666666666,0.0,372.75,5.75,26.333333333333332,0.0,0.0,115.93333333333334,136.9,0.0,41.06666666666667,316.3333333333333,0.0,25.833333333333336,1086.9166666666665
231,2.15,65.75,0.0,29.366666666666667,0.0,0.0,9.466666666666667,0.0,4.033333333333333,37.0,15.2,192.14999999999998,0.0,43.2,678.0,13.4,7.0,0.0
232,0.0,35.66666666666667,523.6833333333334,69.65,29.066666666666666,0.0,7.9,122.18333333333332,550.5,36.983333333333334,32.9,192.08333333333331,46.199999999999996,56.099999999999994,394.9666666666667,0.0,0.0,151.2
233,9.916666666666668,0.0,0.0,19.416666666666668,175.4,0.0,37.1,7.333333333333333,441.18333333333334,0.0,81.03333333333333,432.0333333333333,0.0,86.56666666666666,260.53333333333336,30.833333333333336,0.0,784.7833333333333
234,19.150000000000002,43.08333333333333,0.0,3.0,50.06666666666667,0.0,12.266666666666667,31.0,0.0,0.0,170.4,0.0,0.0,39.199999999999996,625.1,0.0,142.28333333333333,27.0
235,35.266666666666666,107.25,0.0,0.0,35.199999999999996,150.4,0.0,0.0,0.0,0.0,28.5,1073.4,0.0,0.0,210.89999999999998,0.0,0.0,1343.15
236,39.43333333333334,0.0,0.0,0.0,166.03333333333333,0.0,30.299999999999997,13.883333333333333,0.0,0.0,127.05,1427.3833333333334,0.0,0.0,352.73333333333335,0.0,0.0,703.6666666666667
237,24.150000000000002,65.83333333333334,0.0,14.45,81.85,337.01666666666665,0.6333333333333333,33.65,509.53333333333336,0.0,140.98333333333332,0.0,0.0,0.0,0.0,0.0,0.0,0.0
238,34.9,19.166666666666668,486.01666666666665,1.8666666666666667,0.0,136.85,28.43333333333333,198.14999999999998,0.0,22.4,29.900000000000002,349.25,0.0,0.0,101.33333333333333,0.0,0.0,0.0
239,13.666666666666668,57.71666666666667,0.0,40.15,12.783333333333333,0.0,4.199999999999999,17.4,0.0,11.133333333333333,30.5,120.38333333333333,0.0,24.666666666666668,0.0,0.0,102.91666666666667,622.4666666666667
240,1.4,46.55,0.0,7.633333333333334,98.10000000000001,0.0,62.88333333333334,0.0,122.85,0.0,23.833333333333336,564.5,0.0,0.0,362.7333333333333,4.6,88.43333333333334,996.0
241,11.116666666666667,0.0,0.0,5.333333333333333,104.55000000000001,196.29999999999998,38.083333333333336,97.78333333333333,0.0,0.0,103.76666666666667,508.3,0.0,8.433333333333334,277.55,0.0,0.0,892.4666666666667
242,53.5,131.75,0.0,27.799999999999997,53.66666666666667,0.0,18.583333333333336,20.4,0.0,0.0,32.266666666666666,614.25,0.0,96.5,388.0,15.0,32.583333333333336,689.0
243,22.6,0.0,0.0,16.233333333333334,0.0,0.0,13.233333333333333,43.16666666666667,0.0,4.65,84.33333333333334,1315.0333333333333,0.0,58.03333333333333,1145.65,6.0,143.45,140.70000000000002
244,13.766666666666666,138.91666666666666,0.0,110.56666666666666,0.0,0.0,23.349999999999998,0.0,369.59999999999997,0.0,115.76666666666667,855.4166666666667,0.0,48.300000000000004,878.1666666666667,0.0,0.0,0.0
245,33.1,35.5,873.9666666666667,54.58333333333333,34.8,374.7333333333333,0.0,82.33333333333333,100.10000000000001,0.0,156.36666666666667,242.7,27.800000000000004,0.0,392.71666666666664,0.0,57.83333333333333,96.93333333333332
246,39.233333333333334,0.0,0.0,1.3666666666666667,0.0,0.0,36.7,0.0,649.85,0.0,59.400000000000006,873.45,0.0,0.0,441.1166666666667,0.0,0.0,231.43333333333334
247,34.333333333333336,12.2,0.0,41.099999999999994,32.550000000000004,0.0,29.833333333333332,0.0,0.0,0.0,421.63333333333327,1077.4833333333333,12.933333333333334,0.0,55.96666666666667,0.0,130.53333333333333,0.0
248,20.933333333333334,32.099999999999994,0.0,46.53333333333333,9.966666666666667,0.0,6.533333333333334,0.0,0.0,0.0,88.66666666666667,204.3,0.0,90.10000000000001,21.450000000000003,0.0,109.18333333333334,422.2166666666667
249,22.46666666666667,43.81666666666667,59.85,9.4,208.23333333333335,0.0,48.25,0.0,205.08333333333334,0.0,12.299999999999999,343.5166666666667,7.049999999999999,150.8,0.0,0.0,83.51666666666668,759.0333333333333
250,23.216666666666665,29.5,0.0,51.33333333333333,0.0,0.0,30.0,92.76666666666667,0.0,0.0,0.0,1865.3,0.0,80.66666666666666,929.7833333333333,0.0,0.0,66.95
251,37.266666666666666,80.03333333333333,0.0,15.4,0.0,37.03333333333333,47.2,0.0,0.0,0.0,317.08333333333337,202.65,18.400000000000002,60.6,0.0,0.0,155.83333333333334,283.03333333333336
252,0.0,129.68333333333334,304.83333333333337,14.016666666666667,69.3,0.0,54.15,24.699999999999996,58.75,9.066666666666666,57.71666666666666,1057.1333333333334,1.7833333333333334,0.0,0.0,20.166666666666664,133.78333333333333,374.5
253,76.55,3.0,251.1,10.549999999999999,7.3500000000000005,390.11666666666673,3.1666666666666665,0.0,485.90000000000003,0.0,75.86666666666667,448.25,0.0,2.7333333333333334,70.78333333333333,0.0,0.0,854.8333333333333
254,54.56666666666666,68.08333333333334,0.0,36.88333333333333,0.0,0.0,50.5,94.86666666666667,0.0,0.0,0.0,740.1166666666666,0.0,37.41666666666667,362.66666666666663,9.266666666666667,109.3,0.0
255,44.93333333333334,62.5,673.1,34.2,110.16666666666667,650.2333333333333,0.0,0.0,0.0,0.0,0.0,1021.6166666666667,0.0,21.3,0.0,0.0,42.16666666666667,57.4
256,18.333333333333332,38.333333333333336,93.11666666666666,19.333333333333332,22.266666666666666,0.0,11.966666666666667,77.73333333333333,43.766666666666666,0.0,12.666666666666666,869.4,0.0,0.0,0.0,0.0,0.0,0.0
257,51.81666666666667,0.0,0.0,45.516666666666666,72.83333333333334,0.0,0.0,89.13333333333333,11.8,1.5833333333333333,53.900000000000006,478.8666666666667,0.0,0.0,148.2,0.0,114.66666666666667,336.15000000000003
258,36.36666666666667,133.46666666666667,0.0,63.85,0.0,75.0,37.3,54.083333333333336,0.0,18.2,97.16666666666667,1518.6666666666665,17.03333333333333,61.5,989.7166666666667,0.0,87.88333333333334,0.0
259,4.433333333333334,0.0,0.0,30.21666666666667,154.06666666666666,60.199999999999996,19.9,113.21666666666665,298.93333333333334,0.0,137.16666666666669,193.68333333333334,40.699999999999996,52.349999999999994,172.85000000000002,0.0,26.95,238.39999999999998
260,116.83333333333333,50.03333333333333,1000.9166666666666,31.36666666666667,28.666666666666668,0.0,0.0,0.0,0.0,0.0,111.43333333333332,884.4,14.95,128.8,42.349999999999994,0.0,27.55,166.83333333333331
261,26.95,61.0,0.0,68.26666666666667,14.0,0.0,77.69999999999999,81.91666666666666,0.0,0.0,24.266666666666666,46.4,0.0,7.833333333333333,694.8833333333333,0.0,232.21666666666667,166.25
262,10.066666666666666,62.96666666666667,143.25,12.9,96.53333333333333,0.0,45.099999999999994,66.3,0.0,0.0,203.33333333333334,564.5333333333333,0.0,19.666666666666664,59.4,0.0,55.05,299.25
263,108.91666666666666,0.0,0.0,36.75,210.5,0.0,32.5,0.0,578.0666666666666,0.0,198.86666666666667,65.33333333333333,0.0,0.0,535.0500000000001,0.0,156.25,713.3500000000001
264,61.833333333333336,296.6333333333333,0.0,19.9,24.833333333333336,124.80000000000001,0.0,0.0,0.0,2.0,42.0,458.05,0.0,0.0,0.0,5.733333333333333,46.75,0.0
265,0.0,459.4166666666667,0.0,17.283333333333335,17.1,521.7333333333333,48.86666666666666,84.53333333333333,101.33333333333333,0.0,0.0,952.1833333333334,0.0,0.0,0.0,0.0,0.0,72.41666666666667
266,41.43333333333334,0.0,0.0,32.449999999999996,239.63333333333333,31.5,37.449999999999996,70.0,0.0,0.0,0.0,1389.6833333333334,0.0,0.0,1717.8,0.0,29.366666666666667,222.0
267,23.1,14.0,0.0,62.06666666666666,0.0,223.98333333333332,40.849999999999994,0.0,0.0,0.0,0.0,280.5,0.0,0.0,655.3666666666667,0.0,23.2,645.0666666666666
268,53.86666666666667,0.0,0.0,27.583333333333332,54.86666666666666,287.5,13.733333333333333,94.91666666666666,0.0,0.0,124.0,531.95,0.0,63.166666666666664,300.8,0.0,63.8,199.15
269,57.81666666666666,76.08333333333334,0.0,32.7,76.28333333333333,0.0,0.0,0.0,0.0,0.0,84.31666666666668,164.25,0.0,0.0,541.8833333333333,0.0,24.533333333333335,726.6833333333334
270,37.9,108.33333333333333,23.28333333333333,28.2,0.0,220.73333333333335,27.366666666666667,44.7,0.0,0.0,0.0,1727.0666666666666,0.0,56.733333333333334,276.6666666666667,25.416666666666664,40.0,504.21666666666664
271,0.0,97.83333333333331,0.0,0.0,147.61666666666667,292.5,29.583333333333336,84.60000000000001,0.0,0.0,10.266666666666667,314.75,6.166666666666667,0.0,1240.0,0.0,0.0,945.4166666666667
272,37.733333333333334,110.00000000000001,0.0,62.46666666666667,0.0,0.0,0.0,60.9,0.0,0.0,123.98333333333335,120.96666666666665,0.0,28.133333333333333,0.0,0.0,0.0,526.4833333333333
273,36.5,14.0,87.55000000000001,39.61666666666667,36.75,482.99999999999994,42.083333333333336,9.799999999999999,0.0,0.0,26.083333333333336,207.04999999999998,0.0,0.0,34.56666666666666,0.0,0.0,916.2666666666667
274,59.900000000000006,39.96666666666667,68.03333333333333,66.8,61.11666666666667,0.0,47.38333333333333,93.14999999999999,0.0,0.0,85.0,0.0,0.0,0.0,287.84999999999997,0.0,27.0,83.2
275,61.91666666666667,65.05,0.0,33.233333333333334,141.58333333333334,274.05,14.200000000000001,56.8,436.33333333333337,0.0,138.28333333333333,413.1333333333333,0.0,65.0,352.95,30.699999999999996,21.6,461.76666666666665
276,27.616666666666664,163.15,0.0,36.083333333333336,0.0,0.0,58.516666666666666,16.099999999999998,119.9,0.0,414.58333333333337,316.7,4.3,34.333333333333336,404.8,0.0,0.0,0.0
277,29.71666666666667,52.25,0.0,9.433333333333334,140.35000000000002,70.83333333333334,10.6,67.1,0.0,0.0,94.51666666666667,154.13333333333333,12.333333333333334,115.3,262.0,0.0,0.0,383.0
278,10.616666666666667,39.3,0.0,24.666666666666668,57.599999999999994,0.0,13.3,90.05,271.59999999999997,0.0,0.0,1482.1833333333334,0.0,118.64999999999999,681.1666666666667,0.0,9.533333333333333,53.833333333333336
279,33.3,0.0,435.41666666666663,25.4,0.0,90.1,0.0,80.18333333333332,138.66666666666666,0.0,69.41666666666667,170.89999999999998,0.0,0.0,497.0,0.0,35.699999999999996,369.80000000000007
280,34.266666666666666,184.45000000000002,51.36666666666667,3.6666666666666665,10.583333333333334,0.0,0.0,0.0,0.0,0.0,197.38333333333333,249.66666666666663,0.0,27.883333333333333,969.6833333333334,0.0,0.0,340.08333333333337
281,3.75,90.73333333333333,161.95000000000002,4.5,0.0,0.0,22.2,126.65,60.53333333333333,0.0,66.71666666666667,1022.0499999999998,0.0,51.91666666666667,178.91666666666666,0.0,40.91666666666667,296.40000000000003
282,52.48333333333333,6.333333333333333,412.5,31.91666666666667,9.333333333333334,962.4833333333333,18.349999999999998,0.0,0.0,0.0,54.599999999999994,431.05,0.0,0.0,0.0,0.0,9.0,0.0
283,24.166666666666664,52.31666666666666,0.0,5.566666666666666,126.66666666666666,0.0,24.466666666666665,63.900000000000006,0.0,0.0,89.03333333333333,1187.9333333333334,0.0,0.0,0.0,0.0,0.0,72.8
284,31.9,140.5,0.0,26.0,282.35,108.86666666666667,56.11666666666666,64.05,118.28333333333333,0.0,163.91666666666666,912.5833333333333,0.0,0.0,234.45,0.0,50.4,0.0
285,36.266666666666666,2.166666666666667,0.0,20.833333333333332,167.6,97.9,18.599999999999998,12.100000000000001,0.0,0.0,0.0,152.75,0.0,15.016666666666666,0.0,0.0,0.0,0.0
286,49.46666666666666,0.0,0.0,21.21666666666667,170.8,330.43333333333334,0.0,92.38333333333334,0.0,0.0,23.366666666666667,315.09999999999997,0.0,5.1,0.0,0.0,136.15,108.3
287,23.96666666666667,53.833333333333336,0.0,18.566666666666666,121.08333333333333,222.16666666666669,26.266666666666666,165.85000000000002,0.0,0.0,154.01666666666668,687.75,0.0,0.0,344.23333333333335,0.0,0.0,162.39999999999998
288,21.466666666666665,235.6,0.0,82.7,99.95,0.0,15.8,0.0,0.0,0.0,28.0,120.76666666666667,0.0,41.016666666666666,596.1,0.0,27.766666666666666,938.5166666666667
289,70.88333333333334,5.416666666666666,0.0,6.1,31.5,16.1,22.55,5.3,0.0,0.0,104.76666666666665,78.65,0.0,0.0,882.4666666666667,4.183333333333334,0.0,276.3333333333333
290,36.65,128.6,0.0,36.766666666666666,184.66666666666666,609.5,12.0,89.35000000000001,110.06666666666668,0.0,71.93333333333334,1293.6166666666666,0.0,36.3,1000.4333333333333,14.45,97.2,394.6666666666667
291,22.55,20.4,0.0,0.0,88.6,0.0,24.833333333333336,48.63333333333333,0.0,0.0,0.0,326.2,0.0,85.23333333333333,254.93333333333337,0.0,0.0,0.0
292,16.05,127.64999999999999,0.0,15.916666666666666,213.89999999999998,0.0,30.78333333333333,95.23333333333332,0.0,0.0,26.166666666666668,0.0,0.0,0.0,0.0,0.0,0.0,2595.15
293,31.166666666666668,19.0,0.0,39.78333333333333,0.0,678.3000000000001,0.0,0.0,0.0,1.3333333333333333,0.0,1372.85,11.8,0.0,0.0,0.0,0.0,589.9
294,4.55,73.25,0.0,3.433333333333333,84.15,0.0,52.983333333333334,150.25,0.0,28.833333333333332,101.33333333333333,938.9666666666667,0.0,12.6,0.0,0.0,0.0,1163.6333333333334
295,0.0,243.46666666666667,131.63333333333333,38.599999999999994,101.93333333333334,0.0,19.716666666666665,0.0,0.0,0.0,0.0,762.9666666666667,0.0,0.0,185.16666666666666,0.0,0.0,0.0
296,0.0,44.4,59.0,7.2,0.0,0.0,28.6,0.0,0.0,6.566666666666666,90.96666666666667,0.0,0.0,0.0,63.03333333333334,26.333333333333332,0.0,0.0
297,53.550000000000004,32.7,97.03333333333333,31.3,205.89999999999998,0.0,17.3,0.0,0.0,0.0,135.85,199.2,0.0,0.0,162.93333333333334,0.0,0.0,50.13333333333333
298,9.683333333333334,10.35,0.0,50.4,129.18333333333334,0.0,32.5,196.98333333333335,0.0,0.0,21.166666666666668,1326.1833333333334,0.0,0.0,0.0,0.0,0.0,402.9
299,2.3000000000000003,20.0,0.0,2.4000000000000004,37.55,0.0,0.0,80.5,427.26666666666665,0.0,82.14999999999999,477.55,0.0,0.0,19.599999999999998,0.0,8.4,1320.6
300,30.56666666666667,12.0,0.0,77.75,2.8,0.0,53.550000000000004,0.0,0.0,0.0,16.8,0.0,0.0,63.56666666666667,1028.3833333333334,0.31666666666666665,0.0,156.6
301,59.68333333333333,188.33333333333334,154.7,75.81666666666666,0.0,0.0,20.26666666666667,114.16666666666666,0.0,0.0,0.0,731.3499999999999,0.0,23.666666666666668,218.16666666666666,0.0,20.53333333333333,722.9166666666667
302,34.983333333333334,0.0,0.0,4.7,86.66666666666666,0.0,0.0,51.56666666666666,0.0,0.0,0.0,654.05,0.0,34.766666666666666,0.0,0.0,0.0,19.599999999999998
303,74.35,0.0,0.0,53.25,0.0,0.0,6.866666666666666,172.43333333333334,372.75,0.0,0.0,462.09999999999997,0.0,0.0,459.75,0.0,80.96666666666667,8.4
304,22.416666666666668,0.0,0.0,64.18333333333334,134.58333333333334,314.45,31.416666666666664,53.400000000000006,382.8833333333333,0.0,291.0666666666666,470.1666666666667,0.0,55.86666666666667,0.0,20.333333333333332,12.6,764.1166666666667
305,0.0,64.25,196.66666666666666,45.31666666666666,160.41666666666669,0.0,87.9,0.0,0.0,0.0,0.0,593.75,4.433333333333334,40.0,679.3833333333334,0.0,0.0,742.5333333333333
306,0.0,130.16666666666669,196.8,75.7,94.0,0.0,1.2666666666666666,0.0,0.0,0.0,32.78333333333333,244.16666666666669,0.0,107.66666666666667,0.0,0.0,0.0,581.7333333333333
307,50.43333333333334,48.21666666666667,0.0,18.9,32.400000000000006,0.0,12.683333333333334,10.216666666666667,0.0,15.0,99.78333333333333,169.41666666666666,0.0,0.0,264.5,0.0,0.0,419.4333333333333
308,2.2,0.0,195.60000000000002,1.5,0.0,0.0,0.0,5.2,0.0,40.18333333333334,135.13333333333333,771.45,0.0,90.41666666666667,601.2666666666667,0.0,0.0,156.95
309,0.0,91.0,0.0,43.150000000000006,0.0,160.0,34.9,0.0,0.0,0.0,119.3,0.0,0.0,0.0,601.1333333333333,0.0,25.0,0.0
310,1.9333333333333333,57.13333333333333,0.0,0.0,48.03333333333333,0.0,0.0,5.95,0.0,0.0,53.833333333333336,721.2166666666667,0.0,61.74999999999999,2.6666666666666665,11.966666666666667,0.0,29.700000000000003
311,41.5,33.300000000000004,0.0,24.133333333333333,0.0,0.0,28.200000000000003,0.0,380.0,0.0,279.5833333333333,569.5166666666667,0.0,6.6,29.51666666666667,0.0,33.53333333333333,358.21666666666664
312,29.683333333333334,0.0,75.0,14.4,46.43333333333334,0.0,14.933333333333334,33.46666666666667,0.0,9.200000000000001,101.01666666666667,235.93333333333334,0.0,40.25,0.0,0.0,0.0,1165.1166666666666
313,10.733333333333334,99.93333333333334,0.0,11.35,208.85000000000002,65.0,40.06666666666667,0.0,0.0,0.0,0.0,834.6166666666667,10.966666666666667,110.0,1039.3,26.25,0.0,0.0
314,20.166666666666664,81.06666666666666,287.8333333333333,39.2,185.31666666666666,451.43333333333334,0.0,8.133333333333333,0.0,0.0,6.416666666666667,996.0000000000001,0.0,132.29999999999998,1275.5166666666664,29.75,0.0,1372.6
315,16.583333333333336,0.0,0.0,40.65,0.0,0.0,0.0,126.96666666666667,19.799999999999997,0.0,70.7,324.46666666666664,0.0,0.0,1080.8,0.0,0.0,159.91666666666666
316,16.983333333333334,61.5,283.4166666666667,0.0,0.0,457.33333333333337,0.0,64.03333333333333,130.55,8.2,29.050000000000004,687.4,0.0,138.91666666666666,621.1166666666667,26.25,0.0,0.0
317,27.3,0.0,0.0,5.8,72.66666666666667,0.0,73.0,0.0,979.9333333333334,36.800000000000004,0.0,1150.2166666666667,0.0,0.0,407.65,20.066666666666666,50.5,0.0
318,0.0,0.0,406.25,24.1,92.5,271.40000000000003,70.0,67.46666666666667,321.06666666666666,11.6,174.14999999999998,1001.5833333333333,1.9,0.0,0.0,0.0,63.06666666666666,559.8499999999999
319,54.050000000000004,148.28333333333333,0.0,0.0,0.0,0.0,22.2,144.0,0.0,21.9,42.333333333333336,475.1833333333334,0.0,34.65,76.7,0.0,58.13333333333333,210.0
320,10.283333333333333,175.56666666666666,155.51666666666668,0.0,177.66666666666669,68.0,0.0,1.5833333333333333,0.0,28.75,41.53333333333333,505.9666666666667,0.0,0.0,435.59999999999997,0.0,0.0,658.6833333333334
321,16.6,227.56666666666666,130.98333333333332,14.5,67.03333333333333,0.0,1.7666666666666666,82.03333333333333,583.6,0.0,313.28333333333336,289.9166666666667,0.0,0.0,119.80000000000001,2.2666666666666666,68.89999999999999,330.1666666666667
322,36.11666666666667,0.0,0.0,24.0,80.88333333333333,0.0,0.0,0.0,0.0,28.699999999999996,0.0,943.1333333333333,0.0,13.25,245.9333333333333,0.0,32.38333333333333,831.6666666666667
323,56.21666666666667,10.633333333333333,0.0,21.53333333333333,406.8833333333333,0.0,26.4,0.0,0.0,0.0,93.96666666666667,22.1,0.0,163.95,299.65000000000003,0.0,0.0,561.7666666666667
324,60.36666666666667,0.0,0.0,63.35,0.0,0.0,1.45,0.0,0.0,0.0,166.66666666666666,0.0,63.43333333333334,87.46666666666667,1381.65,0.0,115.11666666666665,349.8
325,17.6,83.06666666666666,359.1,41.93333333333333,0.0,223.66666666666669,25.53333333333333,108.93333333333332,0.0,0.0,131.56666666666666,742.1833333333334,0.0,61.333333333333336,15.3,0.0,171.35,1009.4666666666667
326,0.0,80.25,0.0,41.96666666666667,17.2,0.0,3.9499999999999997,0.0,0.0,0.0,45.5,847.5,0.0,163.3,480.3333333333333,0.0,0.0,18.2
327,0.0,98.69999999999999,278.2,41.4,0.0,0.0,0.0,71.96666666666667,0.0,0.0,198.26666666666665,1309.0666666666666,0.0,16.8,683.6500000000001,0.0,16.5,721.2166666666666
328,13.7,88.3,271.06666666666666,39.733333333333334,78.63333333333333,826.0333333333333,6.033333333333333,89.6,0.0,0.0,40.266666666666666,44.199999999999996,0.0,81.46666666666667,638.3166666666666,11.433333333333334,0.0,635.6166666666667
329,30.599999999999998,0.0,0.0,5.7,36.93333333333333,0.0,4.466666666666667,0.0,0.0,6.1,0.0,61.833333333333336,1.4,71.71666666666667,843.8833333333334,0.0,257.3,766.0
330,26.400000000000002,83.88333333333333,0.0,49.0,117.33333333333333,0.0,35.66666666666667,0.0,0.0,0.0,26.700000000000003,142.23333333333335,0.0,107.75,1026.0833333333333,0.0,0.0,0.0
331,53.766666666666666,71.66666666666667,0.0,59.91666666666666,19.05,216.46666666666664,0.0,0.0,0.0,0.0,0.0,1079.8,0.0,21.81666666666667,127.01666666666665,0.0,0.0,0.0
332,35.99999999999999,67.03333333333333,0.0,37.733333333333334,160.7,0.0,11.049999999999999,40.05,0.0,0.0,66.9,0.0,0.0,0.0,0.0,1.8333333333333333,0.0,191.7
333,101.53333333333333,152.35,259.35,0.0,47.16666666666667,0.0,21.25,0.0,0.0,8.799999999999999,12.666666666666666,535.9166666666666,0.0,120.56666666666665,0.0,0.0,0.0,765.9166666666666
334,100.38333333333334,208.5,0.0,46.849999999999994,22.266666666666666,0.0,10.533333333333333,16.05,0.0,0.0,26.15,192.68333333333334,0.0,94.06666666666666,338.75,0.0,12.333333333333334,318.75
335,111.81666666666666,230.89999999999998,0.0,26.833333333333336,97.13333333333333,0.0,42.25,0.0,12.166666666666666,0.0,44.66666666666667,349.3333333333333,0.0,13.75,104.23333333333333,0.0,0.0,402.0
336,65.61666666666667,28.950000000000003,0.0,30.749999999999996,11.549999999999999,0.0,65.16666666666667,61.516666666666666,0.0,0.0,21.349999999999998,1252.9166666666667,0.0,0.0,0.0,24.4,0.0,0.0
337,1.5833333333333333,40.83333333333333,469.8,16.799999999999997,199.85,118.43333333333334,31.400000000000002,0.0,0.0,0.0,138.66666666666666,690.9,2.566666666666667,0.0,226.16666666666669,0.6000000000000001,0.0,53.1
338,75.91666666666667,52.16666666666667,0.0,7.283333333333333,0.0,86.91666666666667,27.4,57.0,0.0,0.0,53.5,681.5,0.0,0.0,289.33333333333337,3.0833333333333335,71.16666666666667,1003.35
339,59.13333333333333,91.69999999999999,0.0,14.1,0.0,0.0,31.0,74.66666666666667,0.0,0.0,318.5,10.4,0.0,0.0,369.6166666666667,0.0,114.05,0.0
340,30.799999999999997,5.75,0.0,134.31666666666666,16.683333333333334,0.0,4.733333333333333,217.5,0.0,0.0,62.766666666666666,0.0,5.266666666666667,37.5,0.0,16.5,0.0,99.60000000000001
341,39.516666666666666,0.0,0.0,13.583333333333334,138.86666666666665,0.0,34.583333333333336,115.03333333333333,218.4,2.4000000000000004,92.76666666666667,205.9,0.0,17.416666666666664,22.73333333333333,0.0,0.0,816.8000000000001
342,12.583333333333332,0.0,0.0,96.51666666666667,25.333333333333332,293.3666666666667,58.0,100.1,0.0,0.0,0.0,1072.8666666666666,0.0,234.03333333333333,676.5,0.0,0.0,803.3
343,18.083333333333332,0.0,0.0,53.66666666666667,67.0,0.0,0.0,124.45,0.0,0.0,70.51666666666667,321.16666666666663,0.0,0.0,634.0,0.0,0.0,548.1666666666666
344,9.45,29.066666666666666,0.0,0.0,52.65,0.0,2.7,0.0,0.0,0.0,0.0,1754.25,61.28333333333334,0.0,0.0,0.0,0.0,697.1999999999999
345,50.58333333333333,32.25,0.0,8.45,5.0,0.0,0.0,0.0,52.8,0.0,303.56666666666666,0.0,0.0,16.8,951.0833333333333,0.0,0.0,768.1333333333333
346,45.86666666666667,56.050000000000004,312.58333333333337,44.14999999999999,21.75,311.71666666666664,23.45,56.0,0.0,0.0,168.96666666666667,931.5,0.0,0.0,1034.6,0.0,0.0,658.9166666666666
347,30.733333333333334,166.06666666666666,0.0,35.4,0.0,24.15,6.183333333333334,86.23333333333333,376.6666666666667,14.5,126.31666666666666,1103.0,0.0,0.0,896.7,40.733333333333334,0.0,139.2
348,78.23333333333333,0.0,179.20000000000002,34.88333333333333,105.03333333333333,521.2333333333333,75.5,24.733333333333334,0.0,0.0,35.266666666666666,455.56666666666666,0.0,87.88333333333334,655.3666666666666,0.0,0.0,64.6
349,0.0,91.46666666666667,88.33333333333333,32.81666666666666,62.333333333333336,0.0,75.18333333333334,44.449999999999996,0.0,0.0,209.91666666666666,495.78333333333336,0.0,73.80000000000001,362.85,0.0,22.666666666666668,369.9166666666667
350,4.2,119.76666666666667,0.0,0.0,0.0,421.66666666666663,48.63333333333334,0.0,0.0,0.0,84.75,661.3,0.0,54.6,413.85,0.0,71.25,391.95
351,53.15,144.20000000000002,0.0,25.95,181.65,204.4,4.916666666666667,71.6,0.0,0.0,123.71666666666665,128.8,0.0,120.96666666666665,1146.4333333333334,0.0,49.86666666666666,382.6666666666667
352,56.26666666666667,0.0,0.0,12.5,10.25,0.0,42.06666666666666,0.0,40.33333333333333,0.0,0.0,854.8833333333333,0.0,0.0,0.0,0.0,0.0,505.81666666666666
353,14.666666666666668,38.599999999999994,0.0,99.23333333333333,0.0,348.85,6.966666666666667,76.66666666666667,0.0,0.0,124.33333333333334,0.0,2.783333333333333,13.0,325.03333333333336,0.0,0.0,1856.75
354,9.933333333333334,46.35,0.0,81.36666666666666,84.33333333333334,0.0,44.65,0.0,390.1833333333334,0.0,141.61666666666667,143.36666666666667,0.0,90.06666666666666,44.8,0.0,0.0,454.5333333333333
355,2.65,84.19999999999999,0.0,13.616666666666669,126.16666666666667,0.0,16.75,19.7,0.0,33.6,0.0,536.2166666666667,0.0,0.0,726.5833333333334,0.0,111.8,0.0
356,45.266666666666666,62.0,251.76666666666665,4.233333333333333,99.56666666666668,0.0,18.349999999999998,209.05,82.95,0.0,182.01666666666668,413.7,0.0,0.0,0.0,34.88333333333333,52.53333333333333,2331.3333333333335
357,30.116666666666667,62.66666666666666,0.0,30.0,113.80000000000001,0.0,16.099999999999998,0.0,0.0,2.716666666666667,27.966666666666665,938.0166666666667,0.0,4.816666666666666,141.86666666666667,16.35,0.0,237.64999999999998
358,37.166666666666664,0.0,0.0,66.33333333333333,48.38333333333333,33.833333333333336,13.150000000000002,0.0,0.0,0.0,133.7,195.93333333333334,0.0,108.9,191.3,0.6,23.733333333333334,420.5333333333333
359,14.183333333333334,0.0,0.0,44.0,2.0999999999999996,463.75,0.0,78.58333333333334,0.0,0.0,63.25,446.15000000000003,0.0,57.8,100.01666666666668,0.0,67.19999999999999,1015.9833333333333
360,34.71666666666667,162.91666666666669,0.0,0.0,0.0,336.15000000000003,24.466666666666665,0.0,0.0,0.0,0.0,392.05,8.3,0.0,344.1,0.0,57.0,1137.25
361,26.56666666666667,96.9,39.5,50.03333333333334,0.0,0.0,23.55,3.2,656.6666666666666,0.0,199.21666666666667,554.7333333333333,4.733333333333333,97.95,0.0,0.0,0.0,136.4
362,17.5,202.38333333333333,0.0,40.13333333333333,0.0,0.0,17.733333333333334,0.0,0.0,0.0,15.899999999999999,701.4333333333333,0.0,32.233333333333334,348.4166666666667,0.0,43.050000000000004,529.2666666666667
363,34.86666666666667,72.46666666666667,0.0,59.65,17.3,0.0,3.0,0.0,0.0,0.0,20.3,320.1333333333333,0.0,0.0,68.8,19.166666666666668,0.0,514.4666666666667
364,119.83333333333333,139.89999999999998,336.0,69.11666666666667,0.0,0.0,9.066666666666666,0.0,369.59999999999997,0.0,149.05,1067.3,0.0,0.0,169.6,0.0,0.0,0.0
365,62.1,0.0,349.03333333333336,0.0,102.28333333333333,358.4,53.46666666666667,104.69999999999999,0.0,0.0,0.0,552.4,0.0,57.68333333333334,0.0,0.0,51.333333333333336,832.3166666666666
366,18.25,86.75,438.66666666666663,21.066666666666666,0.0,257.93333333333334,37.86666666666667,193.46666666666667,0.0,0.0,14.133333333333333,1220.9833333333336,0.0,0.0,565.4166666666667,0.0,57.93333333333333,0.0
367,0.0,122.66666666666666,0.0,29.400000000000002,32.0,0.0,57.266666666666666,220.53333333333336,0.0,3.0166666666666666,196.3,683.0666666666667,0.0,0.0,788.6833333333334,0.0,16.099999999999998,0.0
368,104.13333333333333,0.0,0.0,6.8,57.38333333333334,870.3,35.96666666666667,54.13333333333333,0.0,13.2,0.0,189.1,0.0,39.0,654.1833333333334,0.0,0.0,0.0
369,75.25,289.6333333333333,0.0,23.733333333333334,90.16666666666667,0.0,96.4,0.0,0.0,0.0,20.700000000000003,1592.0166666666664,0.0,21.9,380.01666666666665,0.0,247.28333333333336,274.7166666666667
370,17.700000000000003,24.833333333333336,576.0166666666668,71.6,0.0,0.0,67.36666666666666,60.2,0.0,30.7,0.0,1310.15,0.0,55.35,0.0,0.0,0.0,601.1333333333333
371,51.0,0.0,0.0,14.0,0.0,0.0,2.9,79.73333333333333,0.0,0.0,78.4,1396.8166666666666,6.0,0.0,725.7666666666668,0.0,15.816666666666665,319.31666666666666
372,15.5,21.166666666666668,0.0,0.0,0.0,0.0,46.53333333333333,72.0,0.0,0.0,54.2,83.5,0.0,90.0,410.45,0.0,39.5,714.3166666666666
373,10.233333333333334,76.6,321.2,15.45,65.31666666666666,0.0,37.3,0.0,0.0,0.0,53.3,313.7833333333333,0.0,98.16666666666666,0.0,4.083333333333333,46.93333333333333,84.93333333333334
374,47.16666666666667,0.0,0.0,56.28333333333334,0.0,44.36666666666667,3.3666666666666667,72.53333333333333,0.0,0.0,7.15,72.8,26.016666666666666,64.53333333333333,459.5333333333333,0.0,0.0,204.85
375,53.05,16.4,0.0,5.166666666666667,102.60000000000001,0.0,0.0,0.0,0.0,0.0,0.0,195.5,0.0,0.0,788.0,1.8666666666666667,0.0,1271.05
376,6.333333333333333,61.18333333333333,0.0,82.3,133.16666666666666,0.0,52.11666666666667,34.666666666666664,0.0,0.0,0.0,84.06666666666666,0.0,79.16666666666667,0.0,0.0,53.28333333333333,0.0
377,29.55,180.03333333333336,96.35,23.133333333333333,0.0,0.0,52.3,0.0,461.2333333333333,55.10000000000001,104.01666666666667,209.06666666666666,0.0,17.25,202.56666666666666,0.0,125.64999999999999,292.0
378,12.9,49.333333333333336,0.0,21.0,75.60000000000001,0.0,13.133333333333333,212.91666666666669,0.0,0.0,93.08333333333334,176.0,0.0,0.0,456.31666666666666,0.0,62.06666666666667,82.13333333333334
379,30.800000000000004,0.0,0.0,0.0,21.9,0.0,0.0,0.0,0.0,0.0,0.0,1245.6333333333332,0.0,77.6,775.6666666666666,0.0,95.63333333333333,272.95000000000005
380,12.533333333333335,92.68333333333332,0.0,5.55,156.89999999999998,22.133333333333333,7.05,66.0,0.0,0.0,78.75,2085.4500000000003,0.0,45.6,131.81666666666666,0.0,5.316666666666666,556.1333333333333
381,17.066666666666666,40.96666666666667,44.166666666666664,25.25,207.41666666666666,0.0,31.750000000000004,0.0,604.9333333333333,0.0,157.71666666666667,266.95,6.483333333333333,0.0,151.9,32.583333333333336,66.33333333333334,0.0
382,73.65,100.66666666666666,0.0,21.933333333333334,0.0,0.0,11.666666666666666,0.0,662.9333333333333,8.9,11.616666666666667,2664.0166666666664,0.0,0.0,150.75,0.0,0.0,911.35
383,18.266666666666666,47.266666666666666,0.0,11.166666666666668,1.4,0.0,13.716666666666667,0.0,559.55,0.0,96.26666666666667,1108.4666666666667,34.88333333333333,0.0,71.28333333333333,0.0,60.8,1231.2833333333333
384,94.51666666666667,55.166666666666664,0.0,11.566666666666666,59.55,0.0,0.0,0.0,0.0,0.0,184.25,779.1666666666666,0.0,26.06666666666667,0.0,20.733333333333334,0.0,290.95
385,1.8,34.2,0.0,0.0,0.0,0.0,61.116666666666674,125.66666666666666,0.0,0.0,145.71666666666667,385.0,0.0,36.0,105.73333333333332,0.0,0.0,830.05
386,0.0,0.0,0.0,0.0,10.35,0.0,20.233333333333334,0.0,0.0,0.0,8.616666666666667,25.0,0.0,161.91666666666669,811.2833333333333,0.0,0.0,284.9
387,28.31666666666667,25.5,143.73333333333335,75.98333333333333,39.66666666666667,0.0,32.083333333333336,0.0,0.0,0.0,126.08333333333334,1187.0166666666667,0.0,0.0,958.2666666666667,0.0,36.8,0.0
388,18.2,226.5,0.0,6.066666666666666,27.25,0.0,0.0,45.916666666666664,0.0,0.0,0.0,1788.5500000000002,9.033333333333333,85.03333333333333,414.5166666666667,0.0,9.8,17.23333333333333
389,3.2333333333333334,58.583333333333336,0.0,12.066666666666666,70.66666666666666,22.533333333333335,56.4,131.33333333333331,0.0,0.0,0.0,307.1,0.0,31.433333333333334,68.03333333333333,0.0,18.133333333333333,854.45
390,11.75,53.35,110.83333333333334,6.433333333333334,79.51666666666667,0.0,13.9,0.0,0.0,0.0,0.0,1002.1333333333333,0.0,62.1,0.0,0.0,14.133333333333333,527.9
391,10.533333333333333,10.633333333333333,0.0,6.6,44.93333333333334,0.0,22.566666666666666,47.733333333333334,0.0,0.0,79.0,1014.6666666666667,0.0,232.28333333333333,282.09999999999997,0.0,48.083333333333336,915.9166666666667
392,46.083333333333336,121.35,0.0,25.366666666666667,0.0,0.0,0.0,23.400000000000002,0.0,6.083333333333333,81.9,322.16666666666663,0.0,3.2666666666666666,144.45,0.0,12.666666666666666,464.09999999999997
393,98.16666666666666,123.96666666666667,0.0,12.899999999999999,59.43333333333334,0.0,15.966666666666667,40.666666666666664,0.0,0.0,21.400000000000002,1009.8666666666667,0.0,79.95,1178.3833333333332,0.0,0.0,406.59999999999997
394,58.05,0.0,0.0,54.15,0.0,0.0,2.533333333333333,0.0,0.0,0.0,65.94999999999999,429.3,0.0,0.0,0.0,0.0,35.58333333333333,2532.85
395,35.699999999999996,28.0,0.0,40.9,0.0,0.0,28.983333333333334,0.0,62.18333333333334,0.0,25.650000000000002,388.8,0.0,0.0,39.0,0.0,83.2,641.8333333333333
396,25.4,144.43333333333334,0.0,19.833333333333336,9.4,0.0,35.949999999999996,0.0,0.0,9.149999999999999,0.0,0.0,0.0,0.0,1080.65,0.0,151.9666666666667,0.0
397,14.933333333333334,24.4,0.0,72.45,204.31666666666666,0.0,0.0,0.0,0.0,0.0,113.88333333333334,95.43333333333334,8.0,0.0,29.7,0.0,0.0,153.60000000000002
398,37.45,78.28333333333333,0.0,14.233333333333334,0.0,0.0,42.78333333333333,88.6,0.0,0.0,85.85,170.5,0.0,72.41666666666666,808.4166666666666,0.0,76.80000000000001,156.31666666666666
399,9.133333333333333,35.33333333333333,0.0,13.833333333333334,6.066666666666666,0.0,16.4,19.0,0.0,0.0,55.03333333333333,169.5,0.0,26.333333333333332,404.8666666666667,14.333333333333334,7.25,999.4166666666667
400,0.0,178.51666666666665,0.0,5.5166666666666675,67.16666666666667,0.0,33.18333333333334,25.900000000000002,0.0,0.0,0.0,1299.3,0.0,125.3,244.56666666666666,0.0,96.94999999999999,401.33333333333337
401,1.1333333333333333,21.666666666666664,0.0,9.25,0.0,0.0,90.38333333333334,7.333333333333333,0.0,0.0,62.8,874.6166666666667,0.0,76.26666666666667,276.5,0.0,6.0,1072.2166666666667
402,12.7,114.66666666666667,39.5,0.0,69.94999999999999,0.0,18.416666666666668,0.0,469.95,0.0,240.66666666666669,158.79999999999998,0.0,0.0,495.76666666666665,0.0,83.66666666666667,1114.0500000000002
403,16.4,135.5333333333333,0.0,0.0,0.0,0.0,48.266666666666666,140.29999999999998,0.0,0.0,5.8500000000000005,1941.3666666666666,0.0,22.816666666666663,203.0,9.633333333333333,7.283333333333334,513.8666666666667
404,18.8,144.78333333333333,0.0,4.416666666666666,101.93333333333334,0.0,0.0,63.75,984.2166666666667,0.0,0.0,44.400000000000006,1.5,0.0,0.0,0.0,0.0,152.16666666666666
405,14.6,119.93333333333334,0.0,0.0,84.0,171.63333333333333,48.0,0.0,0.0,0.0,133.66666666666666,937.1,0.0,123.5,276.9,0.0,0.0,169.54999999999998
406,17.416666666666668,110.85000000000001,0.0,7.566666666666666,93.6,0.0,39.0,0.0,0.0,0.0,73.73333333333333,756.6500000000001,0.0,0.0,802.8,3.0,0.0,535.1333333333333
407,0.0,11.333333333333334,109.66666666666667,47.166666666666664,256.25,23.466666666666665,54.25,33.833333333333336,0.0,0.0,34.88333333333333,0.0,0.0,57.6,386.09999999999997,0.0,2.1666666666666665,305.06666666666666
408,60.050000000000004,156.35,94.60000000000001,0.0,82.03333333333333,440.5833333333333,54.63333333333333,0.0,569.85,0.0,0.0,1158.0166666666667,0.0,4.8,181.89999999999998,0.0,0.0,176.55
409,10.65,133.28333333333333,0.0,4.55,3.1333333333333333,0.0,19.333333333333332,76.95,491.25,44.5,40.16666666666667,658.5,5.466666666666667,61.43333333333334,156.85,0.0,120.5,562.4166666666667
410,48.86666666666666,0.0,297.26666666666665,2.3833333333333333,116.81666666666666,0.0,11.9,8.100000000000001,46.55,0.0,29.866666666666667,471.6666666666667,7.6,69.13333333333333,781.7666666666667,0.0,0.0,679.0666666666667
411,72.31666666666666,78.93333333333334,250.13333333333333,10.8,260.7,111.75,72.75,13.0,0.0,2.65,103.41666666666666,426.25,0.0,101.58333333333334,616.5333333333333,0.0,36.4,489.54999999999995
412,0.0,86.0,0.0,58.5,116.65,0.0,16.333333333333332,0.0,0.0,0.0,0.0,240.9666666666667,0.0,38.699999999999996,334.9,0.0,105.0,0.0
413,60.53333333333333,0.0,0.0,24.016666666666666,137.61666666666667,73.8,10.55,40.666666666666664,0.0,0.0,0.0,1769.25,0.0,0.0,806.0,0.0,0.0,1120.8333333333333
414,35.05,36.0,0.0,43.66666666666667,0.0,0.0,0.0,107.31666666666666,470.33333333333337,0.0,0.0,2335.7,21.2,0.0,185.49999999999997,0.0,10.2,47.25
415,23.21666666666667,96.56666666666666,0.0,43.4,54.93333333333334,0.0,69.56666666666666,0.0,0.0,0.0,0.0,0.0,0.0,67.83333333333334,631.6833333333334,0.0,70.08333333333333,328.66666666666663
416,13.950000000000001,134.64999999999998,3.8000000000000003,43.9,205.0,0.0,0.0,0.0,0.0,0.0,0.0,0.0,10.55,0.0,160.31666666666666,0.0,31.5,631.9333333333334
417,21.483333333333334,78.75,136.5,30.5,26.5,0.0,16.633333333333333,38.86666666666667,0.0,0.0,132.1,530.25,54.95,0.0,166.05,0.0,44.63333333333333,385.99999999999994
418,45.4,143.63333333333333,0.0,10.816666666666666,20.266666666666666,0.0,0.0,51.8,0.0,0.0,74.0,259.75,8.75,102.05,242.03333333333336,0.0,183.06666666666666,445.8666666666666
419,79.41666666666667,0.0,246.66666666666669,25.766666666666666,79.2,80.10000000000001,10.183333333333334,193.23333333333332,0.0,0.0,79.13333333333333,1575.1999999999998,0.0,27.0,0.0,0.0,8.05,96.43333333333332
420,0.0,50.666666666666664,0.0,74.16666666666666,23.7,0.0,28.049999999999997,7.333333333333333,0.0,0.0,74.4,550.3833333333333,0.0,119.69999999999999,262.23333333333335,0.0,19.25,567.6
421,120.86666666666667,164.4,0.0,0.0,0.0,0.0,21.799999999999997,108.4,205.23333333333332,0.0,200.58333333333331,561.1833333333334,0.0,0.0,863.8333333333334,0.0,0.0,298.09999999999997
422,26.749999999999996,129.96666666666667,0.0,41.733333333333334,61.8,0.0,65.68333333333334,0.0,80.5,0.0,168.61666666666667,1061.7166666666667,0.0,0.0,38.949999999999996,0.0,116.06666666666668,115.03333333333333
423,6.8999999999999995,49.66666666666667,253.93333333333337,51.56666666666666,101.08333333333333,0.0,1.25,41.766666666666666,0.0,0.9166666666666666,56.66666666666667,704.65,4.8,0.0,215.38333333333333,0.0,41.65,640.95
424,39.833333333333336,0.0,0.0,35.166666666666664,85.2,0.0,3.0,55.81666666666666,560.7,0.0,121.83333333333334,157.86666666666667,10.933333333333334,0.0,483.6,0.0,0.0,1692.35
425,33.66666666666667,97.53333333333335,0.0,71.46666666666667,0.0,293.7,47.849999999999994,78.8,0.0,0.0,0.0,953.8333333333333,15.25,0.0,405.3,1.9333333333333333,0.0,632.1
426,0.0,35.46666666666667,0.0,10.433333333333334,236.7,0.0,10.966666666666667,0.0,0.0,0.0,72.8,1173.8333333333335,25.6,33.733333333333334,89.25,0.0,0.0,0.0
427,43.31666666666666,174.3,0.0,50.46666666666667,143.2,209.06666666666666,8.4,75.18333333333334,0.0,0.6666666666666666,45.06666666666667,640.6,0.0,0.0,0.0,0.0,0.0,0.0
428,48.86666666666666,291.0333333333333,0.0,25.683333333333334,0.0,0.0,25.6,97.16666666666667,0.0,0.0,49.06666666666667,547.8833333333333,0.0,44.400000000000006,0.0,0.0,86.13333333333333,678.3333333333334
429,42.75,18.2,0.0,12.016666666666666,139.88333333333333,0.0,37.349999999999994,105.01666666666667,0.0,0.0,90.46666666666667,2071.7666666666664,0.0,7.35,0.0,0.0,0.0,761.7333333333333
430,27.75,0.0,0.0,0.0,9.866666666666667,0.0,22.099999999999998,70.75,0.0,36.25,85.95,275.76666666666665,0.0,0.0,1525.35,0.0,106.03333333333333,203.86666666666667
431,52.93333333333334,77.36666666666666,0.0,6.45,20.0,118.43333333333334,15.166666666666668,0.0,0.0,0.0,0.0,1264.6166666666668,0.0,0.0,391.95,0.0,0.0,0.0
432,19.766666666666666,0.0,0.0,10.833333333333334,28.666666666666668,22.533333333333335,32.0,0.0,0.0,0.0,45.13333333333333,591.4666666666667,0.0,0.0,740.9499999999999,0.0,27.5,1289.0333333333333
433,83.85,162.48333333333332,0.0,45.6,0.0,0.0,4.333333333333334,91.85000000000001,915.2166666666666,26.066666666666666,140.01666666666665,0.0,0.0,23.2,0.0,0.0,0.0,471.0333333333333
434,58.9,70.5,759.8,7.433333333333334,88.75,0.0,1.75,204.2166666666667,0.0,0.0,77.86666666666667,580.0333333333333,0.0,0.0,41.6,0.0,162.0,346.79999999999995
435,32.916666666666664,28.75,1396.8000000000002,6.566666666666666,87.15,0.0,33.33333333333333,122.20000000000002,0.0,0.0,251.91666666666666,0.0,0.0,167.83333333333331,361.70000000000005,0.0,0.0,645.5
436,17.116666666666667,15.0,0.0,11.916666666666666,139.1,280.59999999999997,68.64999999999999,77.66666666666667,0.0,0.0,120.91666666666667,0.0,0.0,0.0,182.9,9.2,0.0,485.9333333333334
437,16.35,151.73333333333332,81.26666666666667,8.416666666666666,33.43333333333333,0.0,2.3833333333333333,0.0,266.41666666666663,0.0,56.76666666666666,515.25,34.0,0.0,238.0,0.0,0.0,538.3499999999999
438,34.96666666666667,86.66666666666667,742.1666666666666,17.333333333333336,30.25,0.0,17.65,66.3,0.0,0.0,39.0,365.3666666666667,0.0,2.8,426.1166666666667,0.0,53.99999999999999,450.26666666666665
439,10.333333333333334,89.53333333333333,0.0,7.15,0.0,0.0,32.11666666666667,25.8,0.0,0.0,24.03333333333333,659.0,0.0,0.0,506.96666666666664,0.0,0.0,0.0
440,5.933333333333334,0.0,0.0,29.883333333333333,57.88333333333333,0.0,0.0,21.866666666666667,0.0,0.0,150.85,457.46666666666664,0.0,113.1,755.3833333333333,18.65,79.5,868.25
441,19.200000000000003,60.35,0.0,11.399999999999999,102.28333333333333,0.0,0.0,0.0,30.4,0.0,110.31666666666666,1143.4666666666667,8.066666666666666,24.266666666666666,571.8166666666666,0.0,32.666666666666664,327.5833333333333
442,35.11666666666666,230.68333333333334,0.0,1.9,79.05000000000001,0.0,13.216666666666667,46.93333333333333,0.0,0.0,73.53333333333333,641.6,0.0,50.03333333333333,478.45,0.0,0.0,1172.9166666666667
443,43.53333333333333,62.55,488.3666666666666,15.283333333333331,0.0,0.0,12.1,39.55,0.0,0.0,80.96666666666667,418.16666666666663,0.0,13.033333333333333,0.0,0.0,14.349999999999998,0.0
444,20.816666666666666,121.61666666666667,0.0,44.53333333333333,4.3999999999999995,0.0,59.7,92.0,0.0,0.0,110.25,705.1166666666666,0.0,14.933333333333334,416.0,0.0,64.93333333333334,257.65
445,60.016666666666666,0.0,0.0,0.0,88.43333333333334,0.0,0.0,97.9,0.0,0.0,188.10000000000002,1737.1833333333334,0.0,31.333333333333332,374.65000000000003,0.0,50.86666666666667,1523.6
446,19.733333333333334,0.0,139.96666666666664,6.2,7.4,0.0,8.833333333333332,138.3,0.0,0.0,137.35,211.98333333333332,0.0,0.0,0.0,0.0,87.78333333333333,332.6666666666667
447,0.0,88.93333333333334,473.4166666666667,58.7,0.0,40.6,19.2,10.4,0.0,4.166666666666667,182.95,965.8833333333334,0.0,157.33333333333331,908.05,0.0,49.55,558.0833333333334
448,59.48333333333333,104.13333333333334,164.23333333333332,22.96666666666667,54.25,0.0,20.95,8.4,0.0,0.0,0.0,0.0,0.0,129.01666666666665,385.25,0.0,208.13333333333333,547.2666666666667
449,38.36666666666667,0.0,358.04999999999995,23.766666666666666,236.81666666666666,400.1333333333333,11.066666666666666,0.0,0.0,0.0,79.69999999999999,337.6,0.0,0.0,271.6,0.0,9.450000000000001,100.58333333333334
450,77.23333333333333,135.53333333333333,0.0,25.966666666666665,0.0,160.41666666666666,25.416666666666668,59.0,0.0,0.0,0.0,0.0,2.316666666666667,11.533333333333333,211.75,0.0,136.70000000000002,415.3333333333333
451,53.25,250.51666666666665,0.0,64.58333333333333,110.55,438.1333333333334,22.01666666666667,4.0,0.0,0.0,0.0,480.20000000000005,30.083333333333332,0.0,238.70000000000002,1.8,104.1,301.25
452,24.5,141.75,0.0,0.0,113.08333333333334,0.0,27.75,0.0,0.0,0.0,205.33333333333331,404.69999999999993,1.6333333333333333,40.4,448.06666666666666,0.0,0.0,494.15
453,74.51666666666667,0.0,428.4,59.25000000000001,0.0,659.8666666666667,0.0,139.63333333333333,413.7,0.0,26.85,0.0,0.0,31.266666666666666,351.46666666666664,0.0,17.966666666666665,691.9666666666667
454,59.16666666666667,84.0,0.0,0.0,71.48333333333333,0.0,33.28333333333333,169.16666666666669,0.0,19.333333333333332,92.8,471.2,0.0,106.93333333333334,234.15,0.0,0.0,54.0
455,48.733333333333334,79.85,0.0,64.1,0.0,0.0,17.21666666666667,6.183333333333334,92.5,19.5,74.91666666666667,1087.7,7.15,0.0,290.03333333333336,0.0,4.75,363.6
456,10.733333333333333,24.666666666666668,0.0,59.65,98.93333333333334,0.0,1.85,26.700000000000003,0.0,12.733333333333333,0.0,809.6500000000001,0.0,33.800000000000004,440.8666666666667,0.0,102.33333333333334,381.59999999999997
457,24.983333333333334,20.333333333333332,297.1166666666667,18.95,0.0,0.0,4.1,0.0,0.0,0.0,0.0,392.0,0.0,51.333333333333336,182.5,0.0,25.2,191.33333333333334
458,6.316666666666666,58.33333333333333,0.0,42.8,77.03333333333333,0.0,47.31666666666667,33.75,0.0,0.0,40.36666666666667,0.0,0.0,0.0,117.33333333333333,3.0,14.516666666666667,322.1333333333333
459,17.150000000000002,1.8333333333333333,138.41666666666666,0.0,64.4,0.0,33.1,76.5,0.0,0.0,0.0,852.9833333333333,24.950000000000003,0.0,424.6166666666667,0.0,0.0,65.65
460,59.766666666666666,0.0,0.0,20.066666666666666,31.3,0.0,57.150000000000006,11.549999999999999,0.0,0.0,52.75,419.18333333333334,4.3,0.0,516.4666666666667,19.25,99.46666666666667,1124.0
461,51.98333333333333,128.36666666666665,0.0,53.03333333333333,32.63333333333333,0.0,24.56666666666667,0.0,0.0,0.0,85.88333333333333,635.7166666666666,0.0,62.00000000000001,0.0,13.083333333333334,11.0,151.36666666666667
462,22.333333333333336,0.0,205.20000000000002,6.266666666666667,35.93333333333334,0.0,6.883333333333334,0.0,44.96666666666666,0.0,112.00000000000001,1165.4166666666667,0.0,167.31666666666666,239.20000000000002,0.0,7.066666666666666,0.0
463,111.53333333333333,134.33333333333334,0.0,28.28333333333333,0.0,0.0,19.033333333333335,0.0,0.0,0.0,0.0,0.0,0.0,13.933333333333334,0.0,0.0,3.0,219.53333333333333
464,19.4,0.0,0.0,0.0,16.083333333333332,0.0,0.0,0.0,0.0,0.0,0.0,832.4666666666667,0.0,44.33333333333333,338.3833333333333,0.0,164.53333333333333,515.4333333333333
465,5.133333333333334,0.0,0.0,42.58333333333333,32.31666666666666,0.0,30.016666666666666,0.0,0.0,0.0,7.05,1455.3333333333335,0.0,0.0,0.0,0.0,125.18333333333334,1008.1333333333333
466,26.633333333333333,0.0,0.0,13.7,8.883333333333333,0.0,13.316666666666666,0.0,0.0,0.0,105.76666666666667,930.5333333333333,5.133333333333334,30.166666666666664,62.7,0.0,0.0,488.1
467,43.0,0.0,520.3,0.0,150.48333333333332,457.70000000000005,24.03333333333333,0.0,0.0,0.0,0.0,408.79999999999995,0.0,87.75,78.19999999999999,0.0,63.983333333333334,370.1333333333333
468,18.2,82.36666666666667,0.0,12.433333333333334,0.0,589.2333333333333,27.55,177.7,0.0,0.0,84.83333333333333,468.76666666666665,0.0,144.05,0.0,4.1,0.0,19.95
469,108.28333333333333,151.3,0.0,28.383333333333336,0.0,0.0,23.0,72.8,0.0,0.0,254.45,2421.983333333333,0.0,41.5,246.98333333333332,0.0,73.43333333333334,300.3
470,0.0,29.0,0.0,31.0,240.95,0.0,25.4,93.5,0.0,26.466666666666665,105.58333333333334,577.3166666666667,0.0,22.799999999999997,0.0,0.0,51.833333333333336,108.61666666666667
471,0.0,0.0,0.0,28.51666666666667,28.75,0.0,32.0,23.45,241.4,0.0,148.03333333333333,506.79999999999995,0.0,0.0,1063.4666666666667,0.0,3.9000000000000004,567.5
472,0.0,3.6666666666666665,0.0,1.55,0.0,0.0,101.19999999999999,0.0,0.0,0.0,26.71666666666667,84.4,0.0,0.0,511.1666666666667,10.133333333333333,29.466666666666665,685.0
473,32.7,2.3333333333333335,0.0,54.58333333333333,84.73333333333333,0.0,51.383333333333326,0.0,0.0,0.0,115.65,0.0,0.0,42.2,0.0,6.549999999999999,0.0,1416.0666666666666
474,25.433333333333334,64.2,0.0,2.6,294.6166666666667,397.3666666666666,7.15,66.33333333333334,0.0,0.0,66.73333333333333,331.5,18.883333333333333,0.0,1586.6833333333334,39.900000000000006,40.75,335.3666666666667
475,43.099999999999994,0.0,118.4,33.03333333333333,54.13333333333333,0.0,8.5,30.333333333333336,0.0,0.0,0.0,642.6,0.0,0.0,181.13333333333333,0.0,110.48333333333333,243.1
476,55.31666666666666,101.5,0.0,19.2,46.8,0.0,40.93333333333334,312.3,592.6666666666667,0.0,136.33333333333334,948.0999999999999,0.0,79.5,0.0,0.0,16.866666666666667,758.3333333333333
477,69.93333333333334,0.0,0.0,25.733333333333334,106.46666666666667,743.3,51.8,0.0,0.0,21.7,132.7,128.79999999999998,0.0,0.0,564.5,9.266666666666667,0.0,867.35
478,20.349999999999998,17.700000000000003,0.0,44.3,42.6,0.0,55.41666666666667,288.98333333333335,0.0,0.0,91.1,0.0,0.0,56.86666666666667,316.8,0.0,0.0,0.0
479,75.61666666666667,30.4,0.0,14.9,0.0,0.0,29.716666666666665,103.86666666666667,0.0,0.0,33.25,70.76666666666667,0.0,68.4,467.0666666666667,28.116666666666667,0.0,0.0
480,53.55,57.11666666666667,0.0,62.05,214.98333333333335,0.0,17.45,61.266666666666666,0.0,0.0,0.0,1265.6666666666665,0.0,58.5,289.6166666666667,0.4666666666666667,53.9,431.4
481,42.28333333333333,37.449999999999996,0.0,76.05,242.25,206.23333333333335,16.2,0.0,0.0,0.0,104.69999999999999,1002.1,0.0,0.0,971.6333333333333,0.0,0.0,664.15
482,6.5,13.866666666666667,0.0,54.21666666666667,0.0,0.0,34.33333333333333,0.0,0.0,4.0,0.0,1640.5666666666666,4.0,243.28333333333333,672.5666666666666,0.0,0.0,737.5
483,63.1,0.0,0.0,72.56666666666666,93.45,54.6,38.849999999999994,136.85,0.0,0.0,0.0,681.75,0.0,0.0,0.0,1.75,0.0,0.0
484,12.833333333333334,45.43333333333333,363.01666666666665,2.2,109.83333333333334,0.0,33.71666666666667,94.91666666666666,624.25,0.0,93.56666666666666,39.86666666666667,0.0,33.6,115.2,2.5833333333333335,111.64999999999999,1694.65
485,123.16666666666667,150.59999999999997,0.0,0.0,0.0,0.0,4.25,112.35,0.0,0.0,70.66666666666667,77.6,28.5,0.0,583.6,0.0,0.0,0.0
486,2.2,0.0,0.0,0.0,205.0,56.66666666666667,27.083333333333336,144.0,593.6500000000001,0.0,65.33333333333334,258.3,0.0,0.0,0.0,0.0,0.0,1600.2833333333333
487,36.800000000000004,10.033333333333333,0.0,30.683333333333337,114.16666666666667,133.46666666666667,0.21666666666666667,0.0,545.4,0.0,0.0,681.25,0.0,0.0,41.333333333333336,0.0,8.55,859.3166666666666
488,32.5,67.21666666666667,0.0,60.16666666666667,123.26666666666668,311.09999999999997,98.55000000000001,0.0,0.0,0.0,0.0,308.3833333333333,0.0,0.0,241.20000000000002,0.0,44.0,289.48333333333335
489,22.0,57.849999999999994,0.0,0.0,0.0,167.45,38.449999999999996,139.01666666666665,0.0,0.0,64.16666666666666,212.16666666666669,0.0,10.733333333333334,1518.5166666666667,0.0,47.46666666666667,0.0
490,0.0,0.0,0.0,13.0,0.0,0.0,0.0,26.133333333333333,0.0,0.0,36.35,1103.3666666666668,5.116666666666667,0.0,849.2166666666667,5.933333333333334,53.33333333333333,352.31666666666666
491,41.1,0.0,0.0,5.366666666666666,133.4,0.0,8.0,13.5,0.0,0.0,35.2,269.75,0.0,19.066666666666666,810.4333333333333,0.0,163.56666666666666,323.70000000000005
492,49.95,0.0,0.0,62.699999999999996,124.76666666666667,526.35,54.45,152.28333333333333,0.0,0.0,55.78333333333333,708.8166666666666,18.9,117.63333333333333,268.55,0.0,0.0,182.46666666666664
493,34.1,0.0,0.0,10.233333333333334,44.0,76.05,23.0,65.78333333333333,35.2,0.0,41.43333333333334,0.0,1.45,11.399999999999999,324.1333333333333,0.0,106.13333333333334,528.25
494,34.766666666666666,198.45000000000002,0.0,18.516666666666666,64.05000000000001,0.0,29.75,166.41666666666669,0.0,0.0,50.05,0.0,0.0,13.75,580.5833333333334,0.0,117.21666666666667,364.01666666666665
495,46.08333333333333,132.89999999999998,316.3333333333333,70.73333333333333,0.0,265.1333333333333,6.8,27.066666666666666,0.0,4.65,145.5,930.3499999999999,17.416666666666664,43.86666666666666,788.9833333333333,0.0,0.0,0.0
496,6.566666666666666,89.13333333333333,0.0,37.2,199.56666666666666,0.0,27.4,91.83333333333333,524.0,0.0,0.0,272.8,0.0,0.0,0.0,0.0,0.0,149.26666666666668
497,3.9000000000000004,230.98333333333335,0.0,8.583333333333332,0.0,0.0,23.21666666666667,25.083333333333332,0.0,5.0,167.76666666666668,655.1999999999999,12.033333333333333,79.25,477.76666666666665,0.0,0.0,257.25
498,0.0,0.0,0.0,36.35,0.0,0.0,0.0,0.0,0.0,0.0,14.700000000000001,174.0,0.0,42.266666666666666,627.1166666666667,0.0,0.0,145.2
499,0.0,22.099999999999998,356.75,65.53333333333333,53.71666666666667,0.0,0.0,139.33333333333331,665.6,0.0,103.98333333333332,0.0,13.883333333333335,0.0,0.0,0.0,75.73333333333333,672.3499999999999
500,26.08333333333333,18.2,0.0,26.75,0.0,363.7333333333333,7.7,64.35000000000001,0.0,0.0,51.3,527.8833333333333,0.0,64.39999999999999,378.75,0.0,39.4,0.0
501,52.66666666666667,0.0,911.7,0.0,59.400000000000006,0.0,0.0,69.0,0.0,0.0,10.0,0.0,0.0,44.25,0.0,0.0,13.833333333333332,1762.9166666666665
502,72.53333333333333,0.0,0.0,24.516666666666666,58.666666666666664,0.0,0.0,31.200000000000003,0.0,0.0,3.8666666666666667,720.0999999999999,0.0,79.51666666666667,0.0,0.0,0.0,0.0
503,111.11666666666666,16.4,82.5,20.266666666666666,30.699999999999996,0.0,23.3,31.75,10.35,0.0,17.849999999999998,992.4333333333334,0.0,11.2,216.53333333333333,0.0,0.0,856.0
504,28.283333333333335,35.53333333333333,0.0,0.0,108.6,0.0,22.633333333333336,68.0,0.0,0.0,83.33333333333334,334.6666666666667,4.666666666666666,0.0,157.73333333333332,0.0,57.2,304.40000000000003
505,21.1,0.0,178.75,0.0,154.28333333333333,501.40000000000003,40.35,0.0,0.0,0.7666666666666667,0.0,1720.0833333333335,13.55,149.41666666666669,943.9,0.0,0.0,784.1
506,0.0,108.73333333333332,0.0,34.0,21.066666666666666,81.6,11.7,12.35,72.53333333333333,0.0,0.0,416.8666666666667,0.0,0.0,993.8166666666668,0.0,36.8,98.80000000000001
507,5.1,19.71666666666667,0.0,0.0,0.0,151.2,70.81666666666666,23.866666666666667,0.0,0.0,76.25,941.9333333333334,0.0,35.13333333333333,412.46666666666664,0.0,0.0,787.7666666666667
508,34.1,71.39999999999999,371.0,3.4833333333333334,128.88333333333333,212.66666666666666,1.3333333333333333,5.8,0.0,0.0,0.0,110.83333333333333,0.0,134.86666666666667,413.83333333333337,0.0,0.0,138.0
509,0.0,185.08333333333334,0.0,13.3,75.08333333333333,0.0,11.066666666666666,0.0,0.0,0.0,8.466666666666667,978.9333333333334,44.449999999999996,57.400000000000006,160.23333333333335,0.0,33.95,591.9833333333333
510,8.116666666666667,0.0,233.60000000000002,2.9833333333333334,17.333333333333336,31.733333333333334,40.800000000000004,180.95,0.0,0.0,0.0,1384.25,0.0,50.83333333333333,608.9,0.0,0.0,679.5833333333333
511,46.31666666666666,82.86666666666666,0.0,6.1,29.866666666666667,0.0,18.766666666666666,94.16666666666667,0.0,0.0,86.53333333333333,634.55,0.0,0.0,354.6,0.0,0.0,222.16666666666669
512,34.85,159.36666666666667,0.0,1.7333333333333334,67.7,344.25,24.299999999999997,0.0,0.0,0.0,64.66666666666667,629.1166666666666,3.15,104.13333333333333,630.3333333333333,0.0,0.0,902.8833333333332
513,0.0,123.06666666666668,0.0,0.0,58.0,0.0,3.95,0.0,0.0,0.0,186.53333333333333,308.8166666666666,24.833333333333336,0.0,68.23333333333333,31.266666666666666,0.0,76.46666666666667
514,6.083333333333333,0.0,177.46666666666667,43.6,105.31666666666666,0.0,26.4,104.0,0.0,19.3,44.5,0.0,0.0,0.0,190.4,0.0,78.53333333333335,109.8
515,46.13333333333333,0.0,0.0,34.5,90.75,0.0,35.233333333333334,0.0,0.0,0.0,110.73333333333332,488.2,15.6,0.0,453.35,0.0,6.200000000000001,70.5
516,39.43333333333333,125.28333333333333,0.0,12.983333333333334,186.05,0.0,24.883333333333333,102.85,0.0,0.0,0.0,202.66666666666666,0.0,37.6,101.33333333333333,0.0,76.53333333333333,172.8
517,54.016666666666666,180.21666666666664,547.0666666666667,68.91666666666667,78.39999999999999,0.0,7.3500000000000005,50.25,0.0,0.0,0.0,627.0,0.0,72.23333333333333,86.8,0.0,55.449999999999996,576.3666666666667
518,26.099999999999998,0.0,113.08333333333334,17.433333333333334,46.4,0.0,3.6333333333333333,68.66666666666666,0.0,0.0,29.68333333333333,244.1,0.0,73.80000000000001,92.93333333333334,0.0,120.01666666666667,429.31666666666666
519,60.349999999999994,81.55,0.0,50.38333333333333,123.96666666666667,49.06666666666666,58.06666666666666,0.0,541.8,13.583333333333334,79.2,158.0,23.099999999999998,0.0,1065.6666666666667,0.0,29.0,92.16666666666667
520,22.0,49.43333333333333,0.0,58.916666666666664,49.333333333333336,0.0,44.61666666666666,26.333333333333332,0.0,0.0,39.333333333333336,258.06666666666666,0.0,0.0,359.6,0.0,159.21666666666667,777.5333333333333
521,5.533333333333333,285.06666666666666,0.0,0.0,246.89999999999998,251.25,7.233333333333333,0.0,0.0,0.0,0.0,151.85,0.0,0.0,853.3499999999999,0.0,0.0,671.7666666666667
522,32.95,217.91666666666666,240.75,12.216666666666667,70.26666666666668,351.05,6.483333333333333,23.65,0.0,0.0,143.8,1339.6,35.58333333333333,0.0,0.0,18.083333333333332,87.68333333333334,860.05
523,51.449999999999996,23.1,0.0,27.933333333333334,0.0,0.0,35.45,0.0,0.0,0.0,392.9833333333333,261.18333333333334,0.0,123.05,200.93333333333334,0.0,0.0,147.63333333333333
524,20.333333333333332,0.0,0.0,30.0,114.76666666666667,0.0,14.833333333333332,271.6333333333333,152.0,0.0,0.0,322.98333333333335,0.0,120.4,269.70000000000005,0.0,0.0,0.0
525,71.06666666666666,0.0,0.0,27.800000000000004,25.35,491.40000000000003,6.8,28.0,596.05,0.0,18.333333333333332,246.05,0.0,87.26666666666668,390.0333333333333,0.0,0.0,393.46666666666664
526,117.11666666666666,0.0,107.5,9.333333333333334,123.05,60.300000000000004,8.166666666666668,0.0,328.05,0.0,138.6,103.33333333333333,0.0,21.666666666666664,427.59999999999997,0.0,0.0,16.53333333333333
527,27.15,0.0,301.46666666666664,13.333333333333332,30.666666666666668,198.8,19.383333333333333,240.3,0.0,32.83333333333333,139.46666666666667,201.41666666666669,12.233333333333333,0.0,441.00000000000006,0.0,16.8,670.4000000000001
528,53.21666666666667,0.0,405.9,0.0,128.66666666666666,0.0,17.9,0.0,0.0,0.0,93.0,382.96666666666664,0.0,0.0,0.0,19.0,0.0,292.3
529,17.016666666666666,17.666666666666664,0.0,61.833333333333336,0.0,0.0,11.55,76.26666666666667,0.0,0.0,0.0,1925.5666666666666,0.0,0.0,404.55,7.866666666666666,0.0,0.0
530,12.266666666666667,27.883333333333336,0.0,31.383333333333333,0.0,0.0,0.0,6.083333333333333,704.75,0.0,51.2,597.3833333333334,0.0,73.18333333333335,103.95,14.8,180.43333333333334,136.79999999999998
531,19.466666666666665,22.383333333333333,0.0,0.0,158.06666666666666,0.0,46.166666666666664,0.0,0.0,0.0,46.93333333333333,1642.1833333333334,23.066666666666666,47.08333333333333,456.2,0.0,3.75,654.9166666666666
532,77.9,29.18333333333333,0.0,15.283333333333331,173.03333333333336,96.63333333333334,29.416666666666668,81.68333333333334,0.0,0.0,42.0,652.0666666666666,0.0,148.20000000000002,383.1333333333333,0.0,0.0,136.83333333333334
533,28.85,162.14999999999998,284.9166666666667,28.400000000000002,0.0,0.0,46.766666666666666,17.266666666666666,158.04999999999998,0.0,5.6,0.0,0.0,54.98333333333333,0.0,0.0,44.53333333333333,745.8333333333334
534,14.566666666666668,106.69999999999999,213.60000000000002,91.56666666666668,124.16666666666666,14.666666666666666,40.43333333333334,83.16666666666667,12.6,0.0,52.13333333333333,822.5166666666667,4.133333333333334,0.0,44.266666666666666,0.0,134.93333333333334,642.7333333333333
535,33.18333333333333,131.25,590.3333333333333,38.18333333333334,52.083333333333336,0.0,47.08333333333333,69.0,329.35,0.0,0.0,82.76666666666667,21.400000000000002,0.0,258.0833333333333,0.0,0.0,0.0
536,0.0,163.0,0.0,0.0,199.8,237.15,0.0,125.61666666666667,0.0,3.8500000000000005,0.0,575.4,0.0,37.800000000000004,334.6,0.0,0.0,0.0
537,40.25,0.0,0.0,14.599999999999998,29.583333333333336,0.0,18.416666666666668,0.0,378.0,6.85,57.33333333333333,193.04999999999998,10.5,0.0,468.75,0.0,74.41666666666667,645.9833333333333
538,63.38333333333333,6.0,0.0,0.0,0.0,0.0,11.85,0.0,0.0,0.0,0.0,191.63333333333333,0.0,0.0,558.4333333333333,0.0,30.433333333333334,417.90000000000003
539,44.85,143.8,0.0,9.633333333333333,51.733333333333334,389.5,28.18333333333333,27.683333333333334,523.8,0.0,31.0,829.8333333333334,25.4,32.6,680.0666666666666,0.0,0.0,181.91666666666669
540,23.349999999999998,12.0,0.0,30.633333333333333,52.7,390.0,5.883333333333334,92.14999999999999,0.0,0.0,197.95,0.0,0.0,14.166666666666668,18.133333333333333,0.0,0.0,1382.7166666666667
541,4.216666666666667,0.0,0.0,48.016666666666666,65.06666666666666,0.0,25.583333333333332,38.38333333333333,513.2333333333333,0.0,28.233333333333334,29.0,20.7,23.0,217.00000000000003,9.149999999999999,0.0,244.18333333333334
542,6.0,104.51666666666667,0.0,17.633333333333333,18.400000000000002,0.0,0.0,185.86666666666667,0.0,0.0,171.5,0.0,0.0,83.06666666666666,887.5,0.0,50.416666666666664,0.0
543,70.55000000000001,0.0,0.0,67.9,36.3,22.099999999999998,46.21666666666667,20.666666666666668,651.1333333333333,0.0,51.0,2261.383333333333,2.4,10.6,990.3666666666667,0.0,62.56666666666667,1151.1833333333334
544,12.466666666666667,28.799999999999997,0.0,0.0,16.0,0.0,10.5,2.1,0.0,0.0,50.91666666666667,0.0,0.0,0.0,1315.3833333333332,0.0,53.166666666666664,944.0333333333334
545,59.81666666666666,65.85,0.0,2.933333333333333,24.1,0.0,25.083333333333336,49.66666666666667,0.0,13.533333333333333,97.06666666666666,45.63333333333333,0.0,61.166666666666664,1629.3,0.0,89.8,293.73333333333335
546,0.0,84.95,0.0,35.699999999999996,0.0,0.0,59.68333333333334,88.11666666666667,55.33333333333333,0.0,118.33333333333333,267.15,0.0,216.21666666666667,375.2,0.0,43.166666666666664,206.99999999999997
547,67.08333333333333,40.63333333333334,0.0,47.6,0.0,0.0,36.833333333333336,0.0,0.0,0.0,0.0,895.8666666666666,0.0,30.066666666666666,1706.8,2.1999999999999997,20.8,0.0
548,47.25,128.0,0.0,40.63333333333333,0.0,0.0,37.13333333333333,67.66666666666666,0.0,0.0,27.133333333333333,764.8,0.0,0.0,309.2666666666667,0.0,0.0,241.03333333333333
549,0.0,0.0,0.0,43.916666666666664,117.91666666666666,0.0,23.450000000000003,0.0,189.0,0.0,0.0,58.05,0.0,0.0,573.2,0.0,28.0,408.75
550,19.616666666666667,81.03333333333333,0.0,57.78333333333334,20.333333333333332,0.0,22.333333333333336,126.85,0.0,0.0,64.05,1049.8166666666666,2.216666666666667,125.93333333333334,702.6499999999999,0.0,10.266666666666667,0.0
551,28.383333333333336,162.91666666666669,253.86666666666667,119.26666666666667,26.46666666666667,0.0,2.7,56.66666666666667,0.0,0.0,63.766666666666666,573.5,0.0,0.0,40.25,0.0,71.0,569.6
552,76.75,20.4,0.0,2.5,0.0,0.0,0.0,0.0,0.0,0.0,59.4,236.5,0.0,0.0,0.0,10.05,0.0,398.34999999999997
553,26.766666666666666,39.55,532.0,47.56666666666667,86.28333333333333,205.68333333333334,0.0,37.5,0.0,22.083333333333336,223.96666666666667,835.9833333333333,0.0,0.0,112.33333333333333,0.0,68.2,1015.7833333333333
554,38.833333333333336,0.0,0.0,26.583333333333332,0.0,0.0,0.0,0.0,0.0,0.0,51.56666666666666,805.9666666666667,10.3,48.15,543.9166666666666,0.0,0.0,248.4
555,20.85,180.61666666666667,0.0,37.416666666666664,0.0,122.96666666666667,11.933333333333334,57.71666666666666,98.0,0.0,23.566666666666666,432.5666666666666,0.0,116.06666666666666,216.75,0.0,33.16666666666667,1075.95
556,52.2,25.200000000000003,0.0,60.6,0.0,148.75,57.9,0.0,0.0,0.0,0.0,442.7166666666667,0.0,73.19999999999999,1423.75,0.0,75.6,1981.5666666666668
557,0.6,70.2,0.0,49.43333333333333,42.833333333333336,0.0,0.0,77.43333333333334,345.5333333333333,0.0,0.0,242.91666666666666,0.0,3.5,0.0,32.7,79.01666666666665,433.7833333333333
558,128.4,110.66666666666667,0.0,33.050000000000004,122.66666666666667,99.73333333333332,22.900000000000002,74.31666666666666,0.0,3.8666666666666667,85.5,451.46666666666664,0.0,5.266666666666667,193.64999999999998,0.0,0.0,32.8
559,25.083333333333336,0.0,182.56666666666666,29.916666666666668,52.266666666666666,0.0,49.95,114.93333333333334,0.0,0.0,0.0,31.200000000000003,0.0,0.0,0.0,0.0,29.050000000000004,463.25
560,41.916666666666664,13.183333333333334,0.0,56.11666666666666,79.33333333333334,0.0,44.8,118.51666666666665,209.7,0.0,0.0,499.45,22.3,103.2,152.53333333333333,0.0,15.833333333333332,208.0
561,0.0,34.0,0.0,21.266666666666666,9.5,0.0,34.78333333333333,160.98333333333335,0.0,0.0,104.4,160.95,0.0,95.1,1272.8333333333333,0.0,99.43333333333332,0.0
562,0.0,28.0,205.33333333333331,41.4,71.54999999999998,0.0,42.81666666666666,91.73333333333333,0.0,0.0,30.25,579.1,3.6666666666666665,0.0,561.8666666666667,0.0,22.799999999999997,187.5
563,23.433333333333334,334.1,0.0,13.133333333333333,26.366666666666667,38.7,36.1,9.166666666666668,0.0,0.0,167.6,1526.55,0.0,52.0,253.2,0.0,31.53333333333333,215.61666666666667
564,16.583333333333332,5.133333333333333,0.0,14.7,6.333333333333333,0.0,15.983333333333333,45.86666666666667,567.4499999999999,0.0,302.98333333333335,383.2833333333333,0.0,187.88333333333333,0.0,0.0,0.0,535.05
565,38.21666666666667,0.0,383.5,52.599999999999994,0.0,0.0,0.0,10.4,0.0,0.0,35.75,1606.9333333333334,0.0,0.0,82.86666666666666,4.333333333333334,56.0,875.2166666666666
566,85.16666666666667,9.75,312.65000000000003,33.78333333333334,140.54999999999998,0.0,51.333333333333336,155.95,0.0,0.0,60.4,555.9,2.0,0.0,150.75,0.0,38.4,0.0
567,45.8,110.80000000000001,0.0,7.666666666666666,0.0,0.0,33.3,0.0,0.0,0.0,66.4,447.31666666666666,0.0,43.11666666666667,155.33333333333334,0.0,173.38333333333335,0.0
568,59.5,32.666666666666664,206.66666666666669,50.93333333333334,125.06666666666666,0.0,1.9333333333333333,8.1,0.0,0.0,92.78333333333335,770.5833333333333,0.0,77.64999999999999,219.6,31.916666666666668,18.333333333333332,53.300000000000004
569,11.733333333333334,0.0,0.0,39.6,133.66666666666669,0.0,5.25,80.5,0.0,33.4,44.400000000000006,59.400000000000006,0.0,0.0,0.0,17.166666666666664,0.0,267.3333333333333
570,17.666666666666668,0.0,696.2,67.08333333333333,48.716666666666676,0.0,92.71666666666667,19.799999999999997,456.24999999999994,0.0,36.06666666666666,557.8333333333333,0.0,0.0,118.4,0.0,86.10000000000001,37.36666666666667
571,37.46666666666667,0.0,0.0,0.0,0.0,0.0,0.0,199.48333333333335,125.05,11.833333333333334,0.0,634.0,0.0,133.5,951.5666666666667,0.0,75.31666666666666,435.90000000000003
572,53.21666666666667,99.46666666666667,681.6333333333334,32.400000000000006,61.9,0.0,33.36666666666667,49.7,0.0,0.0,155.11666666666667,620.75,0.0,45.6,1035.8666666666668,39.43333333333334,117.9,0.0
573,2.066666666666667,0.0,39.099999999999994,52.96666666666667,0.0,114.10000000000001,6.699999999999999,0.0,0.0,2.3,185.03333333333333,866.9333333333333,27.699999999999996,45.43333333333334,1438.4833333333333,0.0,56.349999999999994,775.4333333333333
574,116.26666666666665,0.0,158.7,82.21666666666667,39.233333333333334,0.0,0.0,55.46666666666667,0.0,0.0,92.71666666666667,575.25,0.0,0.0,0.0,0.0,0.0,269.8666666666667
575,71.68333333333334,106.36666666666667,0.0,5.666666666666666,176.26666666666665,736.0666666666666,20.05,0.0,0.0,0.0,11.0,631.4666666666667,0.0,59.333333333333336,0.0,3.7666666666666666,133.0,320.8833333333333
576,93.85000000000001,14.700000000000001,436.8,131.05,140.43333333333334,58.75,32.33333333333333,15.516666666666667,0.0,0.0,33.1,0.0,0.0,0.0,69.33333333333333,27.599999999999998,146.68333333333334,258.1
577,95.98333333333333,188.3,0.0,8.850000000000001,0.0,0.0,82.68333333333332,0.0,0.0,0.0,0.0,677.5333333333333,0.0,0.0,547.5333333333333,0.0,0.0,393.4333333333333
578,30.766666666666666,151.33333333333334,0.0,8.916666666666666,223.55,0.0,24.03333333333333,0.0,37.916666666666664,0.0,8.5,0.0,0.0,18.900000000000002,54.599999999999994,0.0,0.0,196.16666666666669
579,46.3,0.0,0.0,24.950000000000003,53.900000000000006,0.0,49.099999999999994,76.63333333333333,0.0,0.0,22.6,77.33333333333333,0.38333333333333336,0.0,551.6,0.0,62.983333333333334,1265.3
580,72.4,254.71666666666664,0.0,83.81666666666666,0.0,0.0,50.58333333333333,24.266666666666666,614.4000000000001,0.0,17.383333333333333,392.2166666666667,10.166666666666666,0.0,176.33333333333334,0.0,3.0833333333333335,0.0
581,35.36666666666667,120.33333333333333,0.0,51.0,67.8,0.0,19.5,86.0,0.0,0.0,61.900000000000006,63.46666666666667,0.0,0.0,0.0,8.133333333333333,38.833333333333336,925.9666666666667
582,29.35,134.21666666666667,209.1,59.98333333333333,36.55,416.93333333333334,11.7,107.33333333333333,0.0,0.0,74.2,347.96666666666664,0.0,0.0,0.0,0.0,0.0,21.15
583,9.166666666666666,78.56666666666666,0.0,28.15,16.15,0.0,12.466666666666665,102.86666666666667,0.0,0.0,104.26666666666665,456.25,0.0,122.01666666666665,786.35,0.0,23.099999999999998,0.0
584,33.71666666666667,112.76666666666668,0.0,40.8,87.91666666666666,0.0,33.21666666666667,55.35,0.0,0.0,11.2,211.4,0.0,0.0,21.53333333333333,0.0,82.61666666666667,158.39999999999998
585,15.650000000000002,25.75,0.0,14.616666666666667,32.3,0.0,66.26666666666667,0.0,30.766666666666666,0.0,0.0,397.91666666666663,0.0,0.0,321.2,0.0,0.0,0.0
586,72.11666666666666,43.016666666666666,0.0,62.18333333333333,0.0,0.0,10.366666666666667,16.566666666666666,0.0,14.666666666666666,0.0,553.0,0.0,24.0,539.8,0.0,92.98333333333332,1151.8666666666668
587,33.86666666666666,0.0,0.0,41.65,0.0,0.0,25.5,0.0,120.16666666666667,0.0,0.0,219.45000000000002,0.0,6.5,0.0,0.0,0.0,236.5
588,21.333333333333336,192.61666666666667,0.0,22.15,29.833333333333336,0.0,0.0,130.9,595.4666666666667,16.6,43.199999999999996,2152.5,0.0,0.0,303.05,0.0,124.63333333333333,280.4666666666667
589,0.0,0.0,0.0,91.36666666666667,0.0,0.0,6.8,0.0,124.26666666666667,0.0,0.0,1213.6,0.0,0.0,0.0,0.0,15.600000000000001,240.21666666666667
590,92.80000000000001,48.0,0.0,31.966666666666665,63.0,166.5,54.3,0.0,55.833333333333336,0.0,112.55,423.59999999999997,0.0,0.0,0.0,0.0,0.0,698.7333333333333
591,15.299999999999999,83.73333333333333,0.0,6.566666666666666,168.96666666666667,0.0,71.31666666666666,13.333333333333332,448.93333333333334,8.333333333333334,69.83333333333334,260.90000000000003,0.0,67.76666666666667,0.0,0.0,0.0,137.79999999999998
592,31.583333333333336,0.0,0.0,19.316666666666666,59.21666666666667,0.0,28.833333333333332,111.78333333333335,0.0,0.0,27.699999999999996,471.23333333333335,13.666666666666668,181.5,855.5999999999999,0.0,33.016666666666666,538.8333333333333
593,7.3,104.63333333333333,0.0,20.683333333333334,0.0,455.08333333333337,0.0,159.0,0.0,0.0,0.0,212.26666666666668,0.0,177.63333333333333,372.8666666666667,0.0,16.433333333333334,384.3666666666666
594,19.833333333333336,50.4,0.0,86.71666666666667,33.56666666666667,0.0,38.766666666666666,185.78333333333333,570.2666666666667,0.0,0.0,771.0,0.0,0.0,527.05,0.0,44.550000000000004,109.76666666666667
595,83.51666666666667,0.0,256.26666666666665,28.316666666666666,32.43333333333334,0.0,55.43333333333334,0.0,223.5666666666667,0.0,0.0,313.15,0.0,0.0,880.3666666666666,0.0,4.266666666666667,69.0
596,27.816666666666666,82.66666666666666,373.66666666666663,22.583333333333332,90.28333333333333,0.0,54.61666666666667,275.6333333333333,365.4,0.0,0.0,998.5666666666666,0.0,139.56666666666666,541.8666666666667,0.0,0.0,379.1
597,90.56666666666666,160.86666666666667,0.0,5.833333333333334,88.93333333333334,388.0,50.1,0.0,0.0,8.933333333333334,149.11666666666667,0.0,0.0,12.733333333333333,0.0,0.0,0.0,1726.6666666666665
598,30.93333333333333,0.0,0.0,21.833333333333332,126.31666666666666,99.75,22.03333333333333,20.2,179.4,22.583333333333332,0.0,1467.9166666666665,0.0,0.0,0.0,0.0,0.0,0.0
599,12.333333333333334,0.0,0.0,3.4,74.36666666666667,0.0,37.1,91.35,0.0,0.0,226.1,1145.8,0.0,98.25,0.0,1.9666666666666666,0.0,259.55
600,83.26666666666667,167.31666666666666,55.53333333333333,31.700000000000003,90.89999999999999,0.0,5.766666666666667,27.733333333333334,255.66666666666666,0.0,9.333333333333332,349.6,0.0,35.85,115.15,0.0,21.46666666666667,860.6
601,16.5,76.8,10.966666666666667,25.200000000000003,62.66666666666667,0.0,14.266666666666667,0.0,0.0,0.0,0.0,471.6166666666667,9.083333333333334,48.25,929.0166666666667,0.0,92.75,115.2
602,40.7,143.88333333333333,0.0,39.61666666666667,48.81666666666666,77.7,0.0,105.35,162.66666666666666,0.0,131.54999999999998,535.7333333333333,0.0,0.0,316.25,0.0,0.0,0.0
603,12.0,0.0,312.05,84.51666666666667,123.26666666666667,0.0,43.6,139.98333333333335,0.0,0.0,0.0,522.3,0.0,56.0,769.7666666666665,0.0,51.86666666666667,596.7
604,1.6,0.0,0.0,0.0,220.10000000000002,267.43333333333334,45.0,16.333333333333332,0.0,0.0,108.2,1554.0,0.0,26.65,535.6666666666666,0.0,83.38333333333334,339.0833333333333
605,63.28333333333333,72.25,11.2,84.26666666666667,197.68333333333334,79.9,0.0,0.0,0.0,0.0,54.75,927.1166666666667,0.0,45.83333333333333,879.8000000000001,0.0,31.833333333333336,587.85
606,0.0,50.03333333333333,0.0,45.96666666666666,24.616666666666667,0.0,32.91666666666667,5.0,0.0,0.0,138.76666666666665,641.3333333333333,0.0,30.0,166.2,0.0,0.0,276.29999999999995
607,19.81666666666667,0.0,518.75,39.383333333333326,111.5,0.0,7.866666666666666,38.96666666666667,30.799999999999997,0.0,142.36666666666667,0.0,0.0,0.0,414.4,0.0,0.0,265.8333333333333
608,49.16666666666667,75.86666666666666,0.0,45.43333333333334,61.666666666666664,346.26666666666665,51.25,32.45,0.0,0.0,0.0,1578.5,8.2,60.116666666666674,282.53333333333336,0.0,34.9,304.8
609,86.43333333333334,119.33333333333333,209.45000000000002,33.36666666666667,0.0,0.0,95.78333333333333,14.45,0.0,0.0,0.0,268.33333333333337,0.0,18.900000000000002,771.05,0.0,38.699999999999996,26.866666666666667
610,37.4,0.0,0.0,32.68333333333333,167.46666666666667,375.9333333333333,7.333333333333333,49.5,0.0,13.166666666666666,15.899999999999999,732.5833333333333,10.933333333333334,119.35000000000001,0.0,0.0,0.0,2110.6833333333334
611,41.333333333333336,24.5,0.0,13.166666666666666,23.700000000000003,0.0,29.700000000000003,0.0,314.15,12.483333333333334,169.08333333333334,666.7333333333333,0.0,42.699999999999996,646.1666666666667,0.0,10.4,1217.3666666666666
612,5.283333333333333,92.78333333333335,0.0,89.55,57.5,82.55,23.96666666666667,189.5666666666667,198.4,0.0,12.0,368.5,0.0,0.0,1371.05,0.0,0.0,328.75
613,44.86666666666666,34.85,0.0,29.066666666666666,21.2,43.2,44.56666666666666,0.0,0.0,0.0,36.1,162.99999999999997,0.0,78.7,545.1333333333333,0.0,0.0,563.1166666666668
614,61.06666666666666,0.0,0.0,63.766666666666666,0.0,0.0,30.416666666666668,127.68333333333334,0.0,0.0,101.16666666666667,1039.4166666666667,0.0,44.1,588.1833333333333,13.083333333333334,0.0,320.4666666666667
615,12.916666666666668,0.0,0.0,16.416666666666664,130.51666666666668,0.0,0.0,0.0,13.033333333333335,9.1,105.25,181.76666666666668,11.2,92.16666666666666,133.0,0.0,21.666666666666668,707.7833333333333
616,53.6,0.0,0.0,54.13333333333333,147.76666666666665,0.0,19.933333333333334,56.0,0.0,0.0,109.45,1020.3833333333334,31.233333333333334,27.599999999999998,0.0,0.0,43.16666666666667,192.3
617,11.25,101.16666666666667,0.0,32.08333333333333,0.0,0.0,61.150000000000006,147.68333333333334,143.4,35.0,0.0,0.0,0.0,59.0,450.3333333333333,0.0,0.0,486.4
618,11.55,0.0,0.0,47.233333333333334,0.0,151.9,49.31666666666666,102.9,0.0,0.0,48.833333333333336,1063.3666666666668,0.0,28.35,150.33333333333334,0.0,82.25,177.60000000000002
619,73.53333333333333,330.26666666666665,96.60000000000001,5.366666666666667,0.0,0.0,0.0,70.60000000000001,0.0,0.0,39.0,119.93333333333334,0.0,9.566666666666666,488.0333333333333,0.0,15.333333333333334,132.08333333333334
620,26.75,23.833333333333332,0.0,17.1,202.96666666666667,0.0,15.716666666666665,55.666666666666664,172.5,0.0,54.13333333333333,651.45,0.0,0.0,785.15,0.0,0.0,194.4333333333333
621,32.083333333333336,174.0,209.06666666666666,30.85,86.81666666666666,505.93333333333334,41.266666666666666,108.6,0.0,0.0,142.98333333333335,235.65,3.4,58.36666666666666,0.0,0.0,0.0,311.4333333333334
622,61.050000000000004,0.0,0.0,11.3,49.86666666666667,0.0,0.0,57.85,597.4000000000001,0.0,0.0,744.2,0.0,0.0,714.75,0.0,0.0,1079.7166666666667
623,48.3,20.733333333333334,22.25,23.433333333333334,50.93333333333333,0.0,9.133333333333333,20.2,0.0,0.0,70.23333333333333,44.416666666666664,0.0,93.1,686.25,0.0,55.28333333333333,94.25
624,48.71666666666667,117.04999999999998,114.0,0.0,55.36666666666667,0.0,85.48333333333333,13.566666666666666,0.0,0.0,44.85,1210.6666666666667,6.283333333333333,0.0,1104.55,0.0,0.0,354.5833333333333
625,0.0,22.333333333333336,0.0,48.7,156.78333333333333,212.61666666666667,21.533333333333335,0.0,0.0,0.0,120.26666666666667,589.0500000000001,11.2,1.1666666666666667,687.7333333333332,0.0,5.166666666666667,259.5833333333333
626,2.7666666666666666,31.5,0.0,64.6,11.916666666666666,0.0,16.566666666666666,0.0,401.8666666666667,0.0,63.01666666666667,130.71666666666667,0.0,114.10000000000001,0.0,0.0,0.0,768.0
627,29.400000000000002,143.08333333333334,386.5666666666667,29.883333333333333,12.8,0.0,26.966666666666665,0.0,0.0,0.0,87.63333333333333,229.16666666666666,0.0,0.0,811.7166666666667,0.0,0.0,799.3000000000001
628,21.9,97.63333333333334,134.5,70.0,9.5,0.0,1.8166666666666667,0.0,160.0,13.066666666666666,0.0,0.0,26.333333333333332,125.35000000000001,436.25,0.0,40.53333333333333,374.01666666666665
629,10.266666666666667,0.0,0.0,25.650000000000002,10.933333333333334,0.0,2.8666666666666667,80.65,0.0,0.8,6.133333333333333,222.29999999999998,0.0,40.71666666666667,93.88333333333333,0.0,0.0,217.0
630,32.31666666666666,80.96666666666667,0.0,63.11666666666667,61.333333333333336,0.0,22.966666666666665,87.1,0.0,0.0,4.433333333333334,1048.5333333333335,0.0,0.0,306.75,6.3,18.533333333333335,29.866666666666667
631,41.400000000000006,0.0,0.0,29.116666666666667,159.2,766.6666666666667,24.46666666666667,0.0,359.3333333333333,0.0,173.66666666666666,456.0,41.06666666666666,0.0,77.93333333333334,0.0,89.5,1426.9166666666667
632,37.68333333333334,121.9,0.0,0.0,89.25000000000001,94.0,36.16666666666667,87.48333333333333,0.0,0.0,106.33333333333333,0.0,0.0,90.53333333333333,673.3666666666667,0.0,57.95,0.0
633,101.03333333333333,3.066666666666667,639.5333333333333,64.1,161.45,0.0,65.58333333333333,145.58333333333334,0.0,0.8,24.7,134.78333333333333,0.0,0.0,742.2666666666667,0.0,8.883333333333333,889.9333333333334
634,23.383333333333333,55.733333333333334,72.2,13.116666666666665,0.0,0.0,3.1000000000000005,0.0,161.06666666666666,43.050000000000004,64.19999999999999,2543.5333333333333,0.0,0.0,622.0166666666667,0.0,0.0,141.3166666666667
635,31.383333333333333,63.58333333333333,453.2,33.15,0.0,0.0,41.9,119.7,0.0,0.0,89.1,15.866666666666667,0.0,0.0,391.58333333333337,0.0,48.666666666666664,740.9666666666667
636,65.18333333333334,0.0,0.0,2.8,102.11666666666666,256.65,43.983333333333334,0.0,0.0,0.0,76.65,866.8333333333334,0.0,0.0,0.0,5.833333333333333,16.933333333333334,0.0
637,17.733333333333334,0.0,0.0,103.69999999999999,66.0,0.0,30.566666666666666,72.33333333333334,253.06666666666666,15.349999999999998,26.46666666666667,667.7166666666667,0.0,27.766666666666666,486.0833333333333,0.0,16.5,292.93333333333334
638,9.516666666666666,17.333333333333332,0.0,0.0,0.0,474.29999999999995,74.23333333333333,0.0,0.0,0.0,0.0,0.0,0.0,3.25,170.85,0.0,96.25,568.05
639,33.2,126.86666666666666,0.0,0.0,103.11666666666667,0.0,11.533333333333333,0.0,505.8666666666667,0.0,141.4,1053.5,16.6,118.41666666666667,0.0,24.533333333333335,83.2,0.0
640,4.3999999999999995,89.18333333333334,0.0,22.533333333333335,110.1,0.0,36.05,95.28333333333333,330.2,0.0,85.4,333.05,3.6333333333333333,64.6,208.68333333333334,0.0,0.0,615.8333333333334
641,116.13333333333333,0.0,0.0,29.416666666666664,182.63333333333333,0.0,27.53333333333333,61.0,0.0,0.0,34.516666666666666,12.1,0.0,0.0,358.70000000000005,0.0,135.73333333333332,167.61666666666667
642,27.25,261.35,201.6,49.7,42.3,0.0,34.2,0.0,0.0,0.0,101.76666666666665,634.4333333333334,34.7,74.7,106.36666666666666,0.0,193.65,207.43333333333334
643,20.666666666666664,70.61666666666667,0.0,0.0,17.083333333333332,0.0,98.44999999999999,20.533333333333335,182.5,0.0,117.6,351.0,0.0,85.46666666666667,45.93333333333333,0.0,9.75,159.3
644,14.366666666666667,27.599999999999998,230.24999999999997,3.5,2.8000000000000003,262.9,0.0,0.0,0.0,0.0,0.0,0.0,36.983333333333334,12.25,462.0,0.0,114.89999999999999,180.6
645,20.2,48.85,0.0,1.1,0.0,0.0,20.85,35.0,334.1333333333333,8.033333333333333,120.26666666666667,1117.7166666666667,0.0,39.583333333333336,59.266666666666666,4.166666666666667,56.0,0.0
646,43.516666666666666,53.400000000000006,0.0,78.05,0.0,0.0,4.8999999999999995,14.399999999999999,0.0,0.0,59.11666666666667,0.0,0.0,0.0,463.35,0.0,62.6,407.3166666666666
647,26.083333333333336,50.4,0.0,0.0,7.733333333333333,264.3333333333333,6.116666666666667,60.233333333333334,73.33333333333333,0.0,34.66666666666667,274.06666666666666,0.0,57.75,111.30000000000001,0.0,36.833333333333336,0.0
648,51.43333333333334,143.41666666666669,0.0,40.366666666666674,42.0,0.0,9.05,72.83333333333333,328.05,0.0,0.0,660.0999999999999,0.0,106.95,895.5,0.0,0.0,0.0
649,14.650000000000002,80.55,0.0,8.066666666666666,0.0,0.0,0.0,99.33333333333334,0.0,4.666666666666666,3.033333333333333,153.96666666666667,0.0,83.96666666666667,574.3333333333333,25.666666666666664,0.0,1171.1
650,0.0,0.0,0.0,17.583333333333332,34.46666666666667,0.0,28.666666666666664,0.0,0.0,0.0,197.85000000000002,572.9666666666667,0.0,10.75,222.6,0.0,72.3,268.75
651,23.916666666666664,96.13333333333333,0.0,0.0,12.6,0.0,18.6,0.0,326.25,0.0,0.0,1545.4333333333334,0.0,0.0,497.83333333333337,0.0,19.133333333333333,96.9
652,39.2,192.56666666666666,656.15,47.33333333333333,11.716666666666667,0.0,0.0,63.599999999999994,0.0,0.0,67.95,695.0833333333333,0.0,279.9166666666667,0.0,0.0,0.0,1031.3333333333335
653,85.25,23.5,36.0,40.33333333333333,164.06666666666666,191.4,12.0,0.0,0.0,0.0,96.13333333333333,0.0,0.0,0.0,277.26666666666665,0.0,0.0,375.0
654,18.5,50.666666666666664,0.0,21.5,247.81666666666666,282.66666666666663,42.61666666666667,49.9,0.0,0.0,106.01666666666667,617.0166666666667,0.0,43.61666666666667,590.3333333333334,0.0,0.0,594.4833333333333
655,50.233333333333334,44.53333333333333,400.26666666666665,80.89999999999999,0.0,0.0,0.0,87.46666666666667,0.0,0.0,104.98333333333333,976.4833333333333,0.0,10.133333333333333,1117.9,0.0,0.0,186.1
656,4.983333333333333,65.63333333333334,0.0,15.016666666666667,62.1,194.78333333333333,15.400000000000002,8.549999999999999,395.7166666666667,0.9833333333333333,80.73333333333333,412.8,0.0,209.21666666666664,212.5,32.583333333333336,57.2,172.88333333333333
657,0.0,58.800000000000004,0.0,11.033333333333333,0.0,0.0,9.066666666666666,35.7,0.0,0.0,0.0,989.5666666666666,0.0,16.5,243.43333333333334,0.0,0.0,0.0
658,48.55,0.0,133.46666666666667,61.43333333333334,0.0,0.0,5.516666666666667,22.0,0.0,0.0,0.0,661.6833333333333,0.0,0.0,0.0,3.05,0.0,0.0
659,54.14999999999999,37.45,331.73333333333335,52.233333333333334,0.0,0.0,6.833333333333334,0.0,417.3,0.0,143.48333333333335,833.3333333333334,5.333333333333333,55.18333333333333,370.83333333333337,0.0,1.0,0.0
660,2.6166666666666667,147.96666666666667,0.0,18.4,77.81666666666666,0.0,9.533333333333333,68.7,1396.4,12.899999999999999,8.4,659.7666666666667,0.0,27.53333333333333,147.4,0.0,0.0,1106.7
661,82.68333333333332,145.36666666666667,0.0,15.833333333333332,0.0,0.0,88.21666666666667,0.0,0.0,0.0,10.799999999999999,768.8,0.0,0.0,410.73333333333335,0.0,0.0,39.2
662,32.21666666666667,0.0,0.0,36.2,168.43333333333334,0.0,51.833333333333336,232.83333333333331,0.0,0.0,88.16666666666666,761.4000000000001,0.0,50.599999999999994,329.15000000000003,0.0,0.0,0.0
663,55.150000000000006,103.45,0.0,44.86666666666667,107.18333333333334,229.59999999999997,9.799999999999999,43.733333333333334,0.0,0.0,0.0,694.6166666666667,0.0,52.03333333333334,191.66666666666669,0.0,0.0,850.9833333333333
664,44.68333333333334,39.916666666666664,0.0,68.66666666666666,0.0,0.0,17.5,24.483333333333334,0.0,0.0,32.333333333333336,862.6333333333333,0.0,0.0,0.0,0.0,0.0,393.4
665,24.833333333333336,12.133333333333333,0.0,7.75,0.0,0.0,0.0,0.0,188.93333333333334,1.7,471.25,111.1,0.0,0.0,0.0,0.0,0.0,1530.5333333333333
666,38.266666666666666,153.08333333333331,0.0,22.833333333333336,118.81666666666666,0.0,26.1,22.05,0.0,0.0,66.28333333333333,128.21666666666667,0.0,0.0,382.05,0.0,20.916666666666668,1102.2
667,80.15,38.5,0.0,34.95,126.11666666666665,80.0,36.86666666666667,16.8,0.0,0.0,26.083333333333336,589.1333333333333,0.0,37.5,9.1,0.0,36.4,0.0
668,31.699999999999996,121.98333333333332,0.0,2.533333333333333,63.53333333333333,0.0,0.0,0.0,0.0,0.0,53.45,593.6166666666667,0.0,81.28333333333333,0.0,0.0,0.0,0.0
669,20.03333333333333,45.9,0.0,2.0,186.8,0.0,22.1,18.683333333333334,0.0,0.0,122.38333333333334,370.78333333333336,0.0,0.0,723.3666666666666,23.733333333333334,23.333333333333336,68.01666666666667
670,9.549999999999999,7.5,0.0,12.2,46.916666666666664,0.0,11.100000000000001,64.35000000000001,0.0,0.0,207.79999999999998,0.0,0.0,27.0,463.46666666666664,11.566666666666666,67.13333333333333,0.0
671,6.583333333333333,25.5,594.0,0.0,33.86666666666667,386.40000000000003,37.266666666666666,0.0,0.0,0.0,114.95,474.83333333333326,0.0,0.0,955.85,0.0,88.75,763.25
672,3.6,0.0,0.0,18.683333333333334,51.516666666666666,0.0,100.43333333333334,12.25,0.0,0.0,58.3,834.0333333333333,0.0,0.0,602.9833333333333,2.6,15.383333333333335,1052.8333333333333
673,5.416666666666667,57.63333333333334,0.0,39.65,0.0,325.55,0.0,139.0,0.0,0.0,133.55,77.7,4.45,85.36666666666667,524.0,0.0,0.0,0.0
674,10.233333333333334,0.0,0.0,34.41666666666667,130.76666666666665,444.26666666666665,26.21666666666667,0.0,0.0,0.0,89.1,731.8833333333334,0.0,142.61666666666667,1036.75,36.0,54.3,376.56666666666666
675,65.53333333333333,23.0,28.0,0.0,281.6333333333333,0.0,25.733333333333334,224.61666666666665,0.0,0.0,77.91666666666666,475.8666666666667,0.0,32.66666666666667,0.0,0.0,0.0,0.0
676,12.533333333333333,146.2,260.0,17.033333333333335,0.0,0.0,0.0,92.53333333333333,44.0,0.0,0.0,300.90000000000003,0.0,0.0,146.73333333333332,0.0,3.8333333333333335,566.4166666666667
677,6.766666666666667,89.39999999999999,34.83333333333333,14.616666666666667,80.70000000000002,0.0,0.0,118.11666666666667,0.0,1.3,25.583333333333336,1326.0,0.0,21.666666666666664,0.0,0.0,0.0,0.0
678,60.08333333333333,118.43333333333334,0.0,47.25,321.6,0.0,29.95,20.9,393.9666666666667,0.0,17.85,854.8,0.0,0.0,142.0,0.0,0.0,65.16666666666667
679,14.3,46.03333333333333,0.0,14.533333333333333,70.0,335.3666666666667,14.466666666666669,0.0,0.0,0.0,0.0,0.0,0.0,0.0,1625.9,0.0,128.45,1282.4333333333332
680,32.63333333333333,69.76666666666667,770.2333333333333,12.466666666666667,0.0,109.08333333333333,3.85,36.800000000000004,0.0,0.0,14.666666666666666,230.39999999999998,9.25,0.0,0.0,0.0,4.783333333333333,72.9
681,11.833333333333332,45.56666666666666,0.0,6.666666666666667,0.0,436.34999999999997,33.11666666666667,0.0,0.0,0.0,16.25,1047.2833333333333,1.6,34.516666666666666,997.2,0.0,0.0,463.20000000000005
682,16.55,1.4666666666666666,0.0,35.0,0.0,30.150000000000002,18.05,0.0,0.0,0.0,0.0,766.0166666666668,0.0,0.0,0.0,0.0,23.25,733.9666666666667
683,14.633333333333333,0.0,0.0,99.85,0.0,0.0,0.0,7.933333333333334,0.0,0.0,0.0,1322.3333333333333,0.0,98.89999999999999,352.59999999999997,3.966666666666667,62.400000000000006,518.9
684,4.183333333333334,266.98333333333335,286.28333333333336,25.8,2.3333333333333335,0.0,2.1,0.0,0.0,0.0,54.083333333333336,734.5833333333334,0.0,271.6333333333333,582.5833333333334,13.900000000000002,0.0,273.41666666666663
685,19.849999999999998,37.71666666666667,0.0,43.63333333333333,27.166666666666668,0.0,15.666666666666666,0.0,341.4166666666667,0.0,42.0,655.1833333333333,0.0,0.0,178.5,1.2,0.0,167.83333333333331
686,1.1333333333333333,152.78333333333333,0.0,1.45,139.33333333333331,0.0,0.0,48.31666666666667,0.0,0.0,143.73333333333332,1321.6,6.933333333333334,32.416666666666664,490.8833333333333,0.0,103.55,80.30000000000001
687,60.61666666666666,24.933333333333334,0.0,15.833333333333332,224.23333333333335,93.33333333333334,4.583333333333333,0.0,0.0,0.0,0.0,183.13333333333333,0.0,0.0,268.3666666666667,0.0,0.0,558.75
688,44.46666666666667,26.599999999999998,0.0,23.099999999999998,0.0,0.0,33.16666666666667,0.0,0.0,0.0,61.599999999999994,851.6333333333332,0.0,25.866666666666667,61.38333333333333,0.0,22.483333333333334,85.86666666666667
689,20.333333333333332,30.9,0.0,1.0666666666666667,240.63333333333333,0.0,2.1333333333333333,126.76666666666667,0.0,0.0,49.0,496.01666666666665,0.0,87.78333333333333,55.9,0.0,116.96666666666667,503.4666666666667
690,29.800000000000004,17.55,332.5166666666667,28.933333333333334,0.0,284.34999999999997,102.91666666666666,0.0,0.0,32.66666666666667,60.85,429.75,0.0,11.416666666666666,0.0,0.0,0.0,526.4
691,17.733333333333334,20.7,0.0,0.0,25.866666666666667,0.0,19.583333333333332,35.150000000000006,0.0,12.25,1.4666666666666666,475.9,4.25,47.6,726.1833333333333,18.900000000000002,133.26666666666665,293.8833333333333
692,0.0,78.66666666666667,0.0,20.950000000000003,117.33333333333334,0.0,0.21666666666666667,0.0,0.0,0.0,193.23333333333332,401.2,0.0,0.0,0.0,0.0,6.8999999999999995,494.15
693,0.0,159.33333333333331,74.66666666666667,0.0,64.35,0.0,19.733333333333334,75.18333333333334,0.0,0.0,73.46666666666667,32.86666666666667,13.933333333333334,0.0,1007.0999999999999,0.0,0.0,777.05
694,1.25,131.4,0.0,38.2,0.0,0.0,26.333333333333336,0.0,0.0,0.0,313.55,561.3166666666667,0.0,55.5,284.1333333333333,0.0,12.75,1152.0
695,26.533333333333335,0.0,0.0,0.0,66.4,0.0,8.333333333333334,26.066666666666666,465.5,0.0,128.36666666666667,145.13333333333333,1.0333333333333334,57.63333333333334,1030.6333333333332,0.0,37.9,1274.05
696,30.78333333333333,0.0,0.0,12.766666666666666,0.0,0.0,0.0,112.23333333333333,0.0,0.0,7.0,1164.5,0.0,34.233333333333334,459.81666666666666,0.0,54.333333333333336,380.6
697,0.0,236.29999999999998,0.0,9.833333333333334,29.283333333333335,0.0,27.066666666666663,0.0,0.0,0.0,99.8,576.2333333333333,0.0,9.083333333333334,34.199999999999996,0.0,84.7,1357.0666666666666
698,56.08333333333333,3.8,573.0666666666666,50.11666666666667,24.0,0.0,81.96666666666667,2.75,493.4666666666667,0.0,103.58333333333334,819.5500000000001,3.3666666666666667,211.51666666666665,97.0,0.18333333333333332,45.833333333333336,480.9166666666667
699,16.25,85.01666666666667,0.0,0.7,12.016666666666666,536.3333333333333,30.466666666666665,41.599999999999994,0.0,0.0,24.083333333333332,642.2333333333333,0.0,0.0,0.0,0.0,17.25,686.8666666666668
700,81.44999999999999,11.9,0.0,14.016666666666666,88.93333333333334,38.666666666666664,11.25,3.8000000000000003,0.0,0.0,144.13333333333333,0.0,0.0,21.700000000000003,0.0,0.0,0.0,220.0
701,0.9166666666666666,35.46666666666667,0.0,22.966666666666665,0.0,0.0,0.0,82.03333333333333,80.43333333333334,0.0,80.26666666666667,852.3,7.633333333333334,112.0,351.5,0.0,23.2,126.0
702,12.966666666666665,0.0,157.5,31.6,31.0,0.0,0.0,0.0,0.0,0.0,49.5,300.2,0.0,17.666666666666668,83.15,0.0,0.0,0.0
703,0.0,106.01666666666665,435.1333333333333,17.616666666666667,18.633333333333333,0.0,29.200000000000003,0.0,91.86666666666667,0.0,240.66666666666666,0.0,0.0,100.85,415.91666666666663,0.0,0.0,696.9666666666667
704,15.3,13.166666666666666,0.0,0.0,60.43333333333334,0.0,36.13333333333333,272.29999999999995,0.0,0.0,1.8666666666666667,608.2,0.0,0.0,0.0,0.0,0.0,0.0
705,29.466666666666665,135.64999999999998,0.0,64.73333333333333,82.8,0.0,22.766666666666666,0.0,0.0,0.0,32.55,1779.2833333333333,0.0,0.0,0.0,0.0,0.0,336.5333333333333
706,8.466666666666667,9.5,298.65,16.5,113.31666666666666,0.0,40.6,185.13333333333333,0.0,0.0,103.15,1552.5333333333333,0.0,116.55,109.15,0.0,64.63333333333333,52.800000000000004
707,33.599999999999994,0.0,0.0,18.95,16.766666666666666,544.1333333333333,0.0,87.83333333333333,0.0,0.0,22.166666666666668,768.8166666666666,0.0,105.31666666666666,647.2,0.0,199.1,275.4
708,48.7,79.46666666666667,1118.0,26.199999999999996,143.66666666666669,0.0,42.81666666666666,73.5,0.0,15.1,135.26666666666665,395.9666666666667,0.0,44.550000000000004,701.25,0.0,76.26666666666667,703.8166666666666
709,47.61666666666666,0.0,0.0,49.36666666666666,0.0,0.0,30.76666666666667,0.0,0.0,0.0,64.16666666666667,666.0,0.0,91.0,1012.1333333333333,0.0,30.666666666666668,0.0
710,19.18333333333333,30.266666666666666,0.0,65.71666666666667,0.0,0.0,16.166666666666668,16.0,0.0,0.0,120.75,75.73333333333333,0.0,0.0,910.9666666666667,0.0,25.2,91.01666666666667
711,41.85,0.0,352.95,58.31666666666666,97.6,0.0,39.483333333333334,38.199999999999996,0.0,25.133333333333333,30.0,121.03333333333333,0.0,0.0,53.266666666666666,0.0,70.41666666666666,139.36666666666667
712,3.75,0.0,0.0,53.78333333333333,0.0,0.0,0.0,0.0,600.9833333333332,0.0,98.61666666666667,517.8166666666667,0.0,8.75,301.54999999999995,20.2,29.400000000000002,624.5999999999999
713,89.45,37.6,152.91666666666666,55.483333333333334,0.0,623.4666666666667,0.0,3.7333333333333334,525.5833333333334,0.0,89.53333333333333,990.4,10.85,197.81666666666666,807.3166666666667,0.0,0.0,266.7
714,35.18333333333334,54.65,0.0,29.766666666666666,0.0,0.0,33.0,0.0,93.1,0.0,0.0,666.7666666666667,0.0,0.0,350.0,24.88333333333333,152.21666666666667,99.73333333333332
715,18.733333333333334,45.75,0.0,37.53333333333333,37.03333333333333,0.0,0.0,77.35,329.71666666666664,0.0,120.21666666666667,186.9,0.0,105.68333333333334,474.26666666666665,0.0,0.0,98.31666666666666
716,30.03333333333333,95.58333333333333,0.0,24.75,50.05,0.0,7.066666666666666,56.266666666666666,0.0,0.0,0.0,359.51666666666665,0.0,72.58333333333333,1568.7,0.0,0.0,364.48333333333335
717,42.666666666666664,21.733333333333334,0.0,86.05,0.0,0.0,3.1666666666666665,161.86666666666667,0.0,0.0,24.866666666666667,390.75,0.75,33.16666666666667,371.4333333333334,0.0,73.93333333333334,830.3499999999999
718,73.41666666666666,27.5,300.83333333333337,17.9,0.0,0.0,27.650000000000002,22.866666666666667,0.0,0.0,0.0,184.8,0.0,66.14999999999999,221.33333333333331,0.0,0.0,0.0
719,4.25,255.53333333333336,716.5833333333333,33.11666666666667,59.03333333333333,275.0,73.86666666666667,0.0,179.4,0.0,0.0,1235.15,0.0,84.23333333333333,1244.0833333333335,0.0,0.0,0.0
720,0.0,85.25,92.8,41.4,56.11666666666666,0.0,2.533333333333333,0.0,0.0,0.0,95.19999999999999,916.7833333333333,0.0,210.78333333333333,318.76666666666665,0.0,0.0,1022.3333333333334
721,28.700000000000003,66.5,123.31666666666666,36.63333333333333,114.68333333333334,55.46666666666667,0.0,0.0,21.183333333333337,0.0,2.25,297.58333333333337,0.0,21.400000000000002,1585.9,0.0,12.25,515.3333333333334
722,15.583333333333332,89.83333333333333,0.0,14.833333333333334,77.35,0.0,41.05,53.583333333333336,0.0,2.0,0.0,0.0,0.0,0.0,0.0,0.0,0.0,564.5166666666667
723,65.78333333333333,60.91666666666667,0.0,4.75,191.99999999999997,0.0,0.0,56.1,0.0,0.0,129.15,0.0,1.0999999999999999,5.0,149.3,0.0,47.53333333333333,51.15
724,8.65,158.78333333333336,615.85,0.0,4.2,0.0,15.95,137.28333333333333,0.0,9.200000000000001,101.73333333333333,681.5833333333334,9.533333333333333,99.8,1086.3833333333332,0.0,6.066666666666666,295.79999999999995
725,81.91666666666667,122.85,0.0,2.466666666666667,199.35,0.0,44.33333333333333,33.599999999999994,0.0,19.133333333333333,11.05,420.85,4.800000000000001,0.0,541.7500000000001,9.333333333333334,107.06666666666666,506.0
726,55.31666666666666,66.4,0.0,14.45,3.966666666666667,725.7,23.200000000000003,12.983333333333334,0.0,1.2000000000000002,0.0,171.0,0.0,0.0,16.8,0.0,0.0,487.7166666666667
727,0.9333333333333333,102.51666666666665,0.0,20.366666666666667,3.0,0.0,60.1,67.83333333333334,0.0,0.0,82.3,1289.2666666666664,0.0,94.08333333333333,1106.4,0.0,0.0,0.0
728,6.15,0.0,0.0,36.666666666666664,109.23333333333335,0.0,63.166666666666664,6.933333333333334,0.0,0.0,67.31666666666666,1209.8,0.0,0.0,278.4333333333333,0.0,123.19999999999999,1030.6166666666666
729,68.15,60.849999999999994,0.0,10.566666666666666,116.38333333333334,0.0,0.0,132.13333333333333,394.04999999999995,0.0,2.4166666666666665,0.0,0.0,34.766666666666666,939.6333333333333,0.0,0.0,850.85
730,47.766666666666666,26.25,260.8666666666667,2.25,0.0,0.0,0.0,51.266666666666666,460.6,0.0,22.883333333333333,411.0666666666666,0.0,0.0,0.0,9.583333333333334,7.583333333333334,330.0
731,1.2666666666666666,57.166666666666664,112.0,9.5,23.1,0.0,45.7,52.03333333333333,0.0,0.0,164.13333333333333,0.0,8.566666666666666,143.5,827.6333333333333,0.0,0.0,231.93333333333334
732,27.049999999999997,153.68333333333334,161.60000000000002,21.166666666666668,225.41666666666666,98.81666666666668,21.516666666666666,73.33333333333334,0.0,18.6,66.5,664.7333333333333,24.700000000000003,27.299999999999997,0.0,0.0,0.0,435.81666666666666
733,13.849999999999998,29.1,0.0,5.4,145.39999999999998,0.0,32.199999999999996,0.0,0.0,0.0,8.466666666666667,568.6999999999999,0.0,184.60000000000002,959.2,2.75,24.0,0.0
734,34.31666666666667,73.98333333333333,0.0,1.8333333333333333,119.44999999999999,0.0,0.0,64.13333333333334,0.0,0.0,0.0,0.0,0.0,23.0,369.55,0.0,121.36666666666666,175.5
735,22.299999999999997,0.0,0.0,47.150000000000006,64.6,0.0,26.96666666666667,79.95,0.0,24.4,0.0,314.1,36.4,198.95,465.83333333333337,17.933333333333334,0.0,0.0
736,88.08333333333333,137.3,0.0,0.0,43.266666666666666,472.15000000000003,16.266666666666666,0.0,341.1166666666667,0.0,81.66666666666667,966.9166666666667,0.0,22.0,299.26666666666665,4.733333333333333,0.0,178.0
737,8.066666666666666,23.400000000000002,683.1999999999999,18.116666666666667,0.0,0.0,40.6,43.666666666666664,692.25,0.0,63.599999999999994,1236.1,0.0,42.75,0.0,0.0,0.0,1252.4666666666667
738,77.43333333333334,44.55,684.9333333333333,38.35,112.85,0.0,28.23333333333333,40.0,0.0,0.0,143.0,690.7666666666667,0.0,18.900000000000002,216.06666666666666,0.0,52.9,612.85
739,0.0,147.96666666666667,381.6,36.05,67.28333333333333,100.81666666666668,47.36666666666667,134.93333333333334,0.0,0.0,36.41666666666667,398.25,0.0,140.93333333333334,739.8666666666667,0.0,0.0,564.2166666666667
740,46.65,132.2,0.0,0.0,34.849999999999994,0.0,38.7,1.4666666666666666,103.13333333333333,0.0,5.5,362.20000000000005,24.0,0.0,665.0666666666667,38.03333333333333,80.0,534.3833333333333
741,56.616666666666674,83.25,286.93333333333334,29.116666666666667,125.9,0.0,40.016666666666666,0.0,0.0,39.800000000000004,9.8,775.7833333333333,0.0,33.833333333333336,212.65,0.0,0.0,1146.8166666666666
742,7.2333333333333325,0.0,0.0,3.3833333333333333,37.383333333333326,0.0,42.4,202.06666666666666,219.53333333333333,0.0,0.0,691.3666666666667,25.266666666666666,29.599999999999998,413.25,0.0,56.36666666666667,340.26666666666665
743,0.0,221.56666666666666,0.0,35.35,38.13333333333333,0.0,43.28333333333333,97.5,0.0,0.0,0.0,382.66666666666663,0.0,20.700000000000003,425.2166666666667,37.81666666666666,0.0,0.0
744,18.0,0.0,0.0,37.9,0.0,0.0,14.766666666666666,60.0,222.60000000000002,0.0,0.0,891.5,0.0,19.95,325.5333333333333,0.0,33.45,455.4666666666667
745,28.566666666666666,36.11666666666667,0.0,31.05,102.8,0.0,16.416666666666664,3.416666666666667,60.6,0.0,2.7,451.46666666666664,0.0,0.0,228.0,0.0,0.0,591.85
746,125.86666666666667,0.0,0.0,44.800000000000004,171.66666666666666,0.0,50.91666666666667,0.0,0.0,0.0,57.58333333333334,441.0,0.0,14.399999999999999,1003.0333333333333,8.733333333333333,62.300000000000004,498.0666666666667
747,0.0,0.0,0.0,70.53333333333333,19.5,0.0,35.5,4.166666666666667,55.099999999999994,0.0,73.71666666666667,509.6,0.0,19.799999999999997,49.699999999999996,0.0,0.0,360.96666666666664
748,3.566666666666667,27.733333333333334,0.0,32.93333333333333,31.816666666666666,0.0,29.666666666666668,62.18333333333333,0.0,0.0,0.0,1471.0833333333333,0.0,109.94999999999999,639.25,0.0,138.91666666666669,0.0
749,57.31666666666666,0.0,0.0,9.066666666666666,3.7333333333333334,414.16666666666663,8.433333333333334,0.0,0.0,0.0,205.86666666666667,925.0666666666666,0.0,14.2,461.3666666666667,0.0,0.0,1060.6000000000001
750,15.583333333333334,128.73333333333332,0.0,11.25,52.666666666666664,0.0,28.033333333333335,0.0,0.0,0.0,0.0,214.66666666666666,0.0,65.96666666666667,471.6666666666667,0.0,110.78333333333333,338.1333333333333
751,13.45,41.733333333333334,0.0,43.31666666666666,0.0,4.75,62.06666666666667,0.0,0.0,0.0,0.0,683.3666666666666,0.0,2.5666666666666664,788.6833333333334,0.0,86.76666666666667,922.7333333333333
752,10.666666666666666,27.53333333333333,529.85,49.93333333333334,0.0,0.0,28.4,45.38333333333333,0.0,0.0,37.85,234.85,0.0,0.0,777.5166666666667,0.0,234.79999999999998,279.0
753,74.93333333333334,32.8,431.1666666666667,21.9,55.300000000000004,352.8333333333333,4.45,147.33333333333334,322.8666666666667,0.0,151.1,144.18333333333334,0.0,130.66666666666666,575.6666666666667,0.0,0.0,714.1333333333332
754,0.0,0.0,0.0,31.849999999999998,87.66666666666667,0.0,0.0,0.0,0.0,20.333333333333332,0.0,623.4833333333333,43.11666666666667,74.0,208.41666666666666,0.0,139.3,315.9166666666667
755,15.916666666666666,0.0,41.333333333333336,31.5,59.95,367.4,0.0,43.28333333333333,0.0,0.0,36.18333333333333,1187.25,0.0,0.0,168.15,0.0,45.11666666666667,79.2
756,25.733333333333334,69.3,132.53333333333333,33.35,117.0,0.0,69.48333333333333,58.95,0.0,0.0,126.36666666666666,738.3000000000001,29.283333333333335,98.01666666666668,0.0,1.6,147.45,207.13333333333335
757,51.516666666666666,205.3,0.0,24.96666666666667,57.45,0.0,19.9,125.65,0.0,0.0,155.35000000000002,261.05,0.0,88.96666666666667,82.35000000000001,0.0,0.0,126.66666666666666
758,7.216666666666667,99.51666666666667,0.0,4.683333333333334,0.0,0.0,56.733333333333334,0.0,0.0,0.0,189.58333333333331,1313.0,0.0,60.86666666666667,0.0,0.0,63.46666666666667,17.6
759,13.016666666666667,0.0,26.516666666666666,0.0,0.0,0.0,12.2,19.799999999999997,0.0,0.0,237.88333333333333,1013.65,0.0,0.0,0.0,27.2,128.05,0.0
760,0.0,155.64999999999998,841.4666666666666,36.4,215.56666666666666,0.0,100.7,0.0,0.0,0.0,120.73333333333333,172.63333333333333,0.0,18.333333333333336,578.3,4.466666666666667,126.33333333333333,577.4666666666667
761,12.933333333333334,0.0,0.0,6.8,0.0,0.0,26.483333333333334,44.65,0.0,0.0,108.2,17.6,3.5,9.75,0.0,0.0,178.00000000000003,1185.8166666666666
762,52.4,26.8,0.0,35.86666666666667,172.96666666666667,0.0,0.0,82.95,357.4833333333333,0.0,0.0,653.6,34.5,0.0,523.8666666666666,0.0,22.400000000000002,483.8
763,133.86666666666667,86.51666666666667,719.4333333333333,32.983333333333334,83.3,0.0,35.65,179.96666666666667,186.66666666666666,0.0,229.0,473.0666666666667,0.0,0.0,619.7333333333333,9.066666666666666,57.63333333333333,111.1
764,30.15,15.733333333333333,0.0,5.75,0.0,0.0,104.66666666666667,131.6,398.08333333333337,0.0,0.0,936.0,2.2,0.0,0.0,0.0,73.60000000000001,774.45
765,14.216666666666669,47.766666666666666,135.7,34.2,189.13333333333333,155.54999999999998,0.0,96.21666666666667,0.0,0.0,0.0,611.05,0.0,0.0,426.23333333333335,0.0,161.45,1290.5
766,26.0,6.833333333333334,0.0,31.516666666666666,117.6,0.0,30.266666666666666,13.383333333333333,0.0,9.0,170.55,816.9499999999999,7.4,0.0,680.4,0.0,0.0,470.98333333333335
767,27.0,13.666666666666666,0.0,58.36666666666667,79.48333333333333,0.0,27.3,8.833333333333332,0.0,0.0,95.69999999999999,303.15000000000003,0.0,0.0,123.49999999999999,5.366666666666666,68.75,1168.4666666666667
768,37.0,42.7,0.0,0.0,8.333333333333334,619.7166666666667,26.5,135.56666666666666,0.0,0.0,218.31666666666666,0.0,2.0999999999999996,36.2,216.45,0.0,16.21666666666667,0.0
769,84.16666666666667,44.53333333333333,0.0,11.633333333333333,129.06666666666666,309.4,7.4,5.716666666666667,71.55000000000001,0.0,0.0,37.68333333333334,0.0,73.15,732.8333333333333,0.0,0.0,863.8166666666666
770,24.833333333333336,12.533333333333333,0.0,18.8,0.0,117.51666666666668,45.61666666666667,11.483333333333333,0.0,0.0,196.01666666666665,147.58333333333334,11.0,63.45,297.05,0.0,0.0,684.7333333333333
771,43.36666666666666,195.0,532.4,58.95,16.6,134.93333333333334,8.5,0.0,37.983333333333334,8.766666666666667,156.96666666666667,0.0,7.916666666666666,19.583333333333336,107.33333333333334,0.0,0.0,3.966666666666667
772,17.2,0.0,0.0,6.2,197.48333333333332,0.0,43.25,61.75,0.0,0.0,49.4,849.8333333333333,0.0,104.91666666666667,397.51666666666665,0.0,0.0,40.2
773,33.83333333333333,0.0,198.0666666666667,91.9,115.66666666666666,0.0,17.933333333333334,63.2,0.0,0.0,0.0,816.6,0.0,0.0,236.8,62.516666666666666,0.0,43.4
774,0.0,10.066666666666666,0.0,54.28333333333333,232.4,551.7333333333333,66.4,40.11666666666667,0.0,0.0,0.0,220.1,0.0,0.0,511.73333333333335,0.0,0.0,742.2833333333333
775,9.450000000000001,28.200000000000003,0.0,19.45,30.2,0.0,64.56666666666666,0.0,0.0,0.0,0.0,744.5333333333333,0.0,0.0,329.1333333333333,0.0,0.0,292.09999999999997
776,48.33333333333333,118.66666666666666,0.0,54.05,59.416666666666664,258.5,18.5,0.0,0.0,0.0,0.0,663.0666666666666,0.0,0.0,0.0,0.0,0.0,0.0
777,38.4,17.0,0.0,93.15,131.16666666666666,0.0,71.33333333333334,32.083333333333336,783.3000000000001,3.6333333333333333,95.05,35.53333333333333,0.0,0.0,587.4666666666667,0.0,0.0,182.13333333333335
778,100.11666666666667,32.66666666666667,77.35,16.46666666666667,100.94999999999999,0.0,32.38333333333333,0.0,0.0,0.0,23.299999999999997,0.0,0.0,20.8,329.53333333333336,0.0,83.58333333333334,1587.8000000000002
779,9.3,22.666666666666664,0.0,31.733333333333334,54.66666666666667,0.0,23.81666666666667,146.63333333333333,168.0,13.4,0.0,73.9,0.0,7.933333333333334,510.45000000000005,0.0,0.0,25.0
780,26.733333333333334,168.15,76.3,1.6333333333333333,23.733333333333334,690.0500000000001,36.599999999999994,0.0,0.0,0.0,129.56666666666666,194.25,7.466666666666667,51.2,0.0,0.0,0.0,620.4
781,0.0,12.0,0.0,108.21666666666667,0.0,0.0,21.983333333333334,29.133333333333336,0.0,8.366666666666667,98.25,818.95,0.0,107.56666666666666,406.8166666666667,0.0,0.0,0.0
782,65.03333333333333,31.2,95.2,46.0,53.56666666666666,0.0,40.8,0.0,0.0,0.0,0.0,1080.35,0.0,0.0,147.46666666666667,0.0,216.2,551.3000000000001
783,1.5833333333333333,119.03333333333333,0.0,17.883333333333333,134.66666666666666,0.0,17.4,46.8,274.83333333333337,0.0,81.66666666666667,1192.7833333333333,0.0,20.96666666666667,225.54999999999998,0.0,28.8,596.8166666666667
784,0.0,104.4,0.0,6.066666666666666,6.733333333333333,504.40000000000003,33.31666666666667,38.93333333333333,0.0,0.0,0.0,0.0,0.0,13.8,869.6333333333333,0.0,38.6,567.1333333333333
785,0.0,0.0,0.0,14.0,14.599999999999998,0.0,6.25,53.33333333333333,0.0,0.0,51.45,100.83333333333333,0.0,0.0,110.28333333333333,0.0,0.0,588.8666666666666
786,56.6,0.0,0.0,30.400000000000002,22.833333333333332,0.0,15.400000000000002,0.0,23.1,0.0,0.0,0.0,10.0,62.88333333333333,803.5,0.0,35.53333333333333,780.4333333333334
787,11.049999999999999,87.9,559.6666666666666,46.2,27.53333333333333,0.0,90.21666666666667,93.2,563.1666666666666,0.0,69.53333333333333,1614.15,0.0,45.61666666666667,931.7166666666667,0.0,17.383333333333333,0.0
788,46.65,58.1,0.0,36.06666666666666,35.46666666666667,0.0,22.033333333333335,21.816666666666666,0.0,0.0,50.13333333333333,659.4166666666667,17.533333333333335,0.0,151.8,27.833333333333332,0.0,971.95
789,22.816666666666666,100.01666666666667,402.59999999999997,38.6,179.1,154.79999999999998,0.0,0.0,0.0,0.0,0.0,899.9833333333333,14.05,190.4,512.3000000000001,0.0,0.0,153.06666666666666
790,77.43333333333334,28.0,0.0,23.683333333333334,162.33333333333331,29.133333333333336,7.666666666666667,39.66666666666667,0.0,0.0,83.6,240.9333333333333,0.0,12.266666666666667,0.0,0.0,100.56666666666666,794.7
791,26.783333333333335,0.0,92.46666666666667,41.81666666666666,180.21666666666667,0.0,9.2,0.0,0.0,0.0,0.0,157.78333333333333,0.0,0.0,648.9333333333333,9.25,0.0,516.5999999999999
792,27.9,103.16666666666666,0.0,0.0,59.01666666666666,0.0,65.93333333333334,54.833333333333336,0.0,0.0,58.95,870.3333333333334,0.0,0.0,479.8833333333333,0.0,0.0,469.55000000000007
793,39.416666666666664,261.4166666666667,0.0,0.0,110.39999999999999,21.45,21.583333333333332,0.0,231.79999999999998,0.0,54.33333333333334,382.93333333333334,13.150000000000002,0.0,261.9,0.0,93.63333333333333,124.4
794,32.56666666666666,0.0,0.0,0.0,0.0,0.0,0.0,10.166666666666666,0.0,10.0,85.78333333333333,1098.5,12.5,95.25,363.7333333333333,0.0,12.533333333333333,138.66666666666666
795,66.41666666666667,163.38333333333335,0.0,44.916666666666664,74.4,0.0,0.0,10.333333333333334,185.36666666666667,0.0,116.0,788.2666666666667,0.0,0.0,0.0,0.0,0.0,283.0
796,98.38333333333334,158.16666666666666,0.0,45.03333333333333,0.0,0.0,3.466666666666667,109.56666666666666,0.0,17.650000000000002,207.76666666666665,534.3666666666666,0.0,115.21666666666667,52.5,0.0,0.0,362.9666666666667
797,59.983333333333334,0.0,0.0,46.53333333333333,170.25,0.0,23.933333333333337,88.0,0.0,22.866666666666667,101.19999999999999,286.2333333333333,0.0,46.0,536.4333333333333,0.0,80.43333333333334,140.15
798,20.599999999999998,0.0,30.716666666666665,3.8,34.46666666666667,0.0,22.983333333333334,0.0,0.0,0.0,43.266666666666666,1973.3166666666668,0.0,0.0,175.2,28.4,2.6,0.0
799,72.6,0.0,0.0,17.433333333333334,177.25,0.0,0.0,0.0,0.0,30.25,74.93333333333334,264.0,0.0,22.333333333333336,387.45,0.0,29.46666666666667,575.2166666666667
800,24.900000000000002,46.66666666666667,0.0,0.7666666666666667,23.3,0.0,0.0,69.9,4.5,0.0,54.083333333333336,144.0,0.0,0.0,800.6833333333334,0.0,0.0,626.75
801,29.916666666666664,112.30000000000001,0.0,23.066666666666666,44.56666666666666,0.0,39.08333333333333,15.0,0.0,0.0,52.03333333333333,882.05,8.666666666666666,0.0,475.26666666666665,0.0,28.233333333333334,0.0
802,10.299999999999999,139.21666666666667,0.0,30.8,0.0,31.799999999999997,49.21666666666667,0.0,0.0,0.0,66.95,872.9333333333334,0.0,0.0,0.0,0.0,51.833333333333336,0.0
803,39.95,93.39999999999999,19.95,28.650000000000002,58.3,0.0,4.083333333333334,54.81666666666667,0.0,1.9333333333333333,0.0,658.2166666666667,0.0,46.23333333333333,0.0,0.0,66.33333333333334,79.8
804,18.5,230.98333333333335,0.0,54.96666666666667,75.51666666666667,0.0,18.0,112.0,419.78333333333336,0.0,139.93333333333334,204.23333333333332,5.25,0.0,203.0,0.0,192.11666666666667,924.6333333333334
805,33.516666666666666,23.0,474.59999999999997,57.08333333333333,0.0,0.0,6.0,73.38333333333333,0.0,0.0,23.916666666666664,236.79999999999998,0.0,96.25,278.40000000000003,22.099999999999998,40.21666666666667,10.333333333333332
806,23.283333333333335,123.5,0.0,0.0,49.0,0.0,57.733333333333334,55.733333333333334,911.8666666666668,3.25,0.0,70.4,0.0,0.0,46.800000000000004,0.0,61.96666666666667,85.06666666666666
807,33.68333333333334,172.25,0.0,50.849999999999994,33.75,528.45,0.0,61.75,0.0,0.0,6.050000000000001,489.7833333333333,2.933333333333333,0.0,0.0,0.0,0.0,544.6
808,23.016666666666666,0.0,82.35000000000001,50.7,18.666666666666664,0.0,1.4333333333333333,0.0,0.0,0.0,16.200000000000003,403.3333333333333,0.0,0.0,754.1833333333334,0.0,19.333333333333332,333.3666666666667
809,25.566666666666663,0.0,0.0,16.633333333333333,0.0,0.0,37.03333333333333,163.66666666666666,0.0,0.0,34.0,0.0,0.0,0.0,477.9,0.0,0.0,92.5
810,3.833333333333333,59.21666666666667,0.0,8.85,7.466666666666667,0.0,0.0,1.65,0.0,0.0,144.2,558.1833333333333,0.0,105.25,465.0,0.0,0.0,508.83333333333326
811,5.466666666666667,77.69999999999999,0.0,0.0,0.0,0.0,28.833333333333332,0.0,621.1500000000001,0.0,179.86666666666667,861.4,1.85,0.0,496.8666666666667,0.0,107.66666666666667,0.0
812,54.86666666666667,16.933333333333334,0.0,33.78333333333333,72.78333333333333,0.0,6.05,0.0,0.0,0.0,0.0,750.1333333333333,5.333333333333334,17.0,798.25,0.0,0.0,150.21666666666667
813,11.7,4.8,181.33333333333331,22.666666666666664,60.0,388.85,68.48333333333333,42.13333333333333,0.0,0.0,111.83333333333333,228.8,0.0,0.0,195.18333333333334,0.0,42.35,1489.8333333333333
814,33.016666666666666,0.0,0.0,37.95,13.933333333333332,0.0,0.0,28.5,0.0,0.0,75.08333333333334,78.48333333333333,12.6,59.15,0.0,34.4,20.733333333333334,344.5333333333333
815,14.583333333333332,41.86666666666667,0.0,52.64999999999999,124.31666666666668,14.733333333333334,45.83333333333333,113.14999999999999,0.0,0.0,156.70000000000002,741.4666666666667,0.0,0.0,610.1666666666667,0.0,0.0,727.4
816,75.6,47.2,94.66666666666666,19.150000000000002,63.0,649.4,101.01666666666665,0.0,0.0,0.0,0.0,25.333333333333332,0.0,59.733333333333334,119.69999999999999,0.0,5.666666666666666,110.7
817,67.8,70.23333333333333,0.0,0.0,23.066666666666666,0.0,26.233333333333334,60.31666666666667,0.0,13.3,163.0,859.5666666666667,0.0,0.0,232.51666666666668,0.0,0.0,0.0
818,110.53333333333333,66.33333333333334,0.0,91.9,172.43333333333334,30.316666666666666,6.2,126.33333333333333,0.0,0.0,0.0,1104.4166666666667,0.0,0.0,0.0,0.0,29.333333333333332,220.0
819,1.1833333333333333,72.51666666666667,278.3,77.65,40.666666666666664,599.1999999999999,49.050000000000004,38.25,68.46666666666667,0.0,0.0,1241.75,0.0,65.16666666666667,652.4000000000001,0.0,30.449999999999996,113.66666666666667
820,30.466666666666665,40.0,0.0,5.4,55.300000000000004,30.0,0.0,17.066666666666666,0.0,0.0,0.0,97.03333333333333,0.0,18.416666666666668,867.7666666666667,3.2666666666666666,11.700000000000001,361.26666666666665
821,12.633333333333333,44.55,0.0,18.316666666666666,106.41666666666667,0.0,0.0,54.81666666666667,0.0,0.0,0.0,171.66666666666666,0.0,104.93333333333334,786.55,0.0,0.0,58.0
822,17.083333333333332,79.35000000000001,0.0,39.949999999999996,72.05,510.56666666666666,34.3,62.33333333333333,219.0666666666667,0.0,116.19999999999999,158.81666666666666,0.0,57.866666666666674,626.8166666666666,0.0,43.666666666666664,234.2833333333333
823,20.933333333333334,53.583333333333336,0.0,44.26666666666667,86.13333333333333,0.0,42.93333333333334,0.0,63.25,0.0,0.0,273.65,25.4,0.0,691.1666666666666,0.0,0.0,410.1333333333333
824,55.06666666666666,64.0,118.83333333333334,22.9,0.0,0.0,8.416666666666666,54.25,0.0,0.0,138.81666666666666,221.4666666666667,0.0,76.93333333333334,332.09999999999997,0.0,30.0,1214.7
825,0.0,16.5,0.0,29.650000000000002,0.0,0.0,13.0,46.0,0.0,0.0,57.15,341.76666666666665,0.0,22.799999999999997,364.93333333333334,46.3,0.0,0.0
826,0.0,0.0,187.85,34.06666666666667,108.16666666666666,88.0,22.3,0.0,10.799999999999999,4.633333333333334,0.0,260.25,0.0,0.0,400.56666666666666,0.0,0.0,436.76666666666665
827,47.199999999999996,158.43333333333334,508.24999999999994,101.41666666666666,158.4,56.4,33.650000000000006,44.0,0.0,22.933333333333334,0.0,0.0,0.0,0.0,486.2833333333333,0.0,54.13333333333333,193.5
828,70.25,89.4,96.8,61.53333333333333,7.283333333333334,0.0,38.38333333333333,55.2,0.0,0.0,26.300000000000004,952.5166666666667,0.0,100.26666666666667,94.39999999999999,19.5,121.93333333333334,0.0
829,30.71666666666667,0.0,0.0,29.833333333333336,110.6,242.00000000000003,24.383333333333333,45.71666666666667,309.0,0.0,0.0,1179.1333333333332,0.0,22.5,0.0,0.0,0.0,0.0
830,39.28333333333333,247.58333333333331,162.08333333333334,45.13333333333333,93.23333333333333,0.0,0.0,212.3,0.0,0.0,9.75,49.333333333333336,2.5666666666666664,74.7,1989.3,0.0,0.0,283.9333333333334
831,43.83333333333333,136.9,0.0,0.0,113.98333333333333,0.0,43.516666666666666,73.85,359.08333333333337,0.0,149.53333333333333,155.79999999999998,9.166666666666666,0.0,1263.6166666666668,0.0,62.13333333333333,192.13333333333333
832,33.733333333333334,0.0,0.0,0.0,229.46666666666667,0.0,59.83333333333333,147.25,0.0,0.0,31.833333333333332,1566.7666666666669,0.0,0.0,114.0,0.0,0.0,163.4
833,36.78333333333333,0.0,0.0,7.85,0.0,55.81666666666666,7.816666666666666,83.94999999999999,0.0,0.0,0.0,211.20000000000002,0.0,22.75,161.06666666666666,0.0,0.0,559.8833333333333
834,2.7666666666666666,105.71666666666667,0.0,13.916666666666668,35.2,0.0,0.0,39.900000000000006,0.0,0.0,0.0,817.5333333333334,46.9,33.0,0.0,0.0,111.86666666666667,407.76666666666665
835,35.233333333333334,158.31666666666666,0.0,50.28333333333333,14.3,0.0,0.16666666666666666,39.53333333333333,0.0,0.0,69.0,0.0,29.8,49.75,60.966666666666676,0.0,0.0,391.33333333333337
836,11.85,122.1,0.0,20.183333333333334,0.0,0.0,18.766666666666666,0.0,0.0,0.0,98.13333333333334,1159.3833333333334,0.0,22.666666666666668,310.6166666666667,0.0,0.0,586.9333333333333
837,17.183333333333334,0.0,651.7,47.733333333333334,11.133333333333333,0.0,53.199999999999996,70.49999999999999,0.0,0.0,81.94999999999999,0.0,0.0,0.0,597.8499999999999,24.8,186.13333333333333,773.8333333333333
838,18.049999999999997,81.03333333333333,0.0,8.066666666666666,31.133333333333333,0.0,2.25,12.833333333333334,181.3,0.0,0.0,553.75,15.65,33.15,159.1,0.0,85.58333333333333,858.2499999999999
839,22.75,31.200000000000003,0.0,25.416666666666668,9.899999999999999,79.33333333333333,32.06666666666667,46.38333333333333,0.0,0.0,109.0,1097.6666666666667,0.0,247.03333333333333,818.0666666666666,4.5,0.0,0.0
840,1.0666666666666667,74.4,0.0,6.65,0.0,0.0,5.75,159.2,68.8,0.0,157.58333333333334,0.0,0.0,85.5,140.0,0.0,0.0,211.73333333333332
841,6.050000000000001,87.51666666666665,754.2333333333333,0.0,31.05,0.0,10.066666666666666,0.0,0.0,0.0,0.0,523.1999999999999,0.0,0.0,628.7,0.0,0.0,920.6666666666667
842,101.61666666666666,211.93333333333334,168.76666666666665,25.316666666666666,50.8,0.0,11.399999999999999,0.0,0.0,0.0,24.733333333333334,773.7,0.0,83.25,82.25,0.0,118.23333333333333,0.0
843,55.583333333333336,222.66666666666666,364.4666666666667,68.0,89.66666666666666,0.0,16.333333333333336,152.0333333333333,0.0,0.0,0.0,476.9166666666667,0.0,28.1,351.5,9.083333333333334,0.0,2376.4166666666665
844,30.583333333333336,71.43333333333334,303.26666666666665,9.016666666666667,180.8,0.0,31.5,0.0,0.0,0.7666666666666667,80.4,1066.4166666666667,3.416666666666667,46.93333333333333,161.26666666666665,0.0,0.0,395.9666666666667
845,7.3500000000000005,9.75,0.0,29.300000000000004,28.4,0.0,17.383333333333333,32.5,0.0,0.0,55.400000000000006,0.0,0.0,0.0,30.150000000000002,0.0,19.799999999999997,462.15
846,40.516666666666666,76.21666666666667,0.0,20.983333333333334,59.099999999999994,0.0,33.25,0.0,33.666666666666664,0.0,0.0,0.0,0.0,66.36666666666666,105.23333333333335,0.0,32.85,739.4833333333333
847,25.71666666666667,0.0,148.86666666666667,21.133333333333333,0.0,0.0,14.25,52.0,193.95,0.0,0.0,774.7333333333333,0.0,0.0,430.6,5.95,18.366666666666667,0.0
848,33.13333333333333,0.0,648.3333333333334,27.81666666666667,144.0,0.0,12.866666666666667,25.75,0.0,0.0,78.63333333333334,331.93333333333334,0.0,0.0,527.0,0.0,65.8,1125.6999999999998
849,31.916666666666664,52.5,0.0,2.6666666666666665,0.0,0.0,36.68333333333334,0.0,473.55,0.0,92.35000000000001,1305.0666666666666,0.0,0.0,38.333333333333336,0.0,0.0,664.7166666666667
850,5.4,205.79999999999998,0.0,33.71666666666667,31.75,0.0,18.133333333333333,120.9,0.0,0.0,100.5,289.6166666666667,0.0,46.78333333333334,151.16666666666666,0.0,29.6,548.5166666666667
851,60.4,52.333333333333336,0.0,16.866666666666667,42.333333333333336,0.0,57.39999999999999,3.1000000000000005,0.0,0.0,1.5166666666666666,589.45,22.266666666666666,0.0,708.9166666666667,19.7,43.06666666666666,443.45
852,3.5,79.56666666666666,0.0,4.166666666666667,128.66666666666669,0.0,1.9333333333333333,132.2,0.0,0.0,0.0,716.85,0.0,22.166666666666664,692.2333333333333,0.0,105.6,0.0
853,0.0,82.26666666666667,109.28333333333333,21.0,96.43333333333334,0.0,86.94999999999999,0.0,0.0,0.0,59.8,1097.1333333333332,36.46666666666667,0.0,358.98333333333335,0.0,18.6,61.25000000000001
854,25.46666666666667,137.46666666666667,0.0,27.78333333333333,146.88333333333333,20.966666666666665,49.983333333333334,0.0,0.0,0.0,0.0,45.41666666666667,0.0,56.96666666666667,454.5,10.9,84.71666666666667,195.5
855,3.433333333333333,0.0,0.0,0.0,0.0,0.0,5.2,27.2,0.0,0.0,71.05,298.95,0.0,5.333333333333333,51.6,0.0,103.5,934.7833333333334
856,44.21666666666667,0.0,202.1,21.683333333333334,0.0,575.1666666666666,105.2,0.0,0.0,12.8,156.38333333333333,279.45,0.0,0.0,166.06666666666666,0.0,0.0,1784.65
857,68.3,0.0,222.29999999999998,13.4,130.9,442.03333333333336,28.233333333333334,0.0,0.0,0.0,64.2,0.0,0.0,69.41666666666666,263.5,0.0,103.6,0.0
858,67.73333333333333,93.86666666666666,0.0,28.933333333333334,0.0,244.0,59.86666666666667,71.73333333333333,0.0,52.36666666666667,87.1,263.3333333333333,0.0,34.61666666666667,245.8,12.233333333333333,1.7,502.8666666666666
859,61.16666666666667,0.0,0.0,40.65,0.0,30.666666666666668,0.0,70.93333333333334,47.0,21.1,119.06666666666666,313.29999999999995,0.0,107.86666666666666,1785.6333333333332,0.0,213.78333333333336,499.33333333333337
860,14.9,104.83333333333334,0.0,18.75,74.13333333333333,0.0,0.0,49.4,0.0,0.0,9.799999999999999,450.26666666666665,0.0,0.0,0.0,0.0,5.933333333333334,286.9666666666667
861,9.766666666666666,60.0,0.0,5.466666666666667,147.13333333333333,0.0,2.6,109.95,0.0,0.0,0.0,1486.0666666666666,0.0,0.0,897.4833333333333,0.0,219.45,2313.9833333333336
862,38.5,27.733333333333334,0.0,3.816666666666667,0.0,0.0,17.2,63.05,0.0,0.0,177.36666666666667,2571.6833333333334,32.300000000000004,0.0,509.25,0.0,0.0,346.6666666666667
863,38.05,45.916666666666664,0.0,96.31666666666666,127.64999999999999,287.0,0.0,98.6,0.0,0.0,19.4,350.75,0.0,43.550000000000004,62.50000000000001,0.5333333333333333,78.63333333333333,256.7
864,18.166666666666668,177.86666666666667,0.0,47.96666666666667,99.0,0.0,37.13333333333333,0.0,0.0,0.0,69.6,0.0,0.0,0.0,317.45,0.0,0.0,0.0
865,39.4,134.73333333333335,0.0,32.81666666666667,0.0,0.0,13.433333333333334,29.833333333333336,0.0,2.6333333333333333,47.33333333333333,911.7,3.6,82.25,118.06666666666668,2.8833333333333333,0.0,282.3333333333333
866,13.133333333333333,0.0,0.0,71.48333333333333,29.033333333333335,0.0,17.05,0.0,0.0,0.0,31.0,0.0,0.0,0.0,192.0,0.0,38.5,683.2166666666667
867,36.766666666666666,184.75,176.54999999999998,32.81666666666666,120.6,0.0,0.0,12.3,13.533333333333333,0.0,105.7,180.05,0.0,0.0,471.1666666666667,0.0,0.0,255.33333333333334
868,76.56666666666666,0.0,0.0,40.1,6.966666666666666,0.0,58.5,0.0,0.0,0.0,107.06666666666666,1401.75,0.0,0.0,918.3833333333333,0.0,92.0,51.099999999999994
869,42.46666666666667,95.1,0.0,13.866666666666667,21.0,0.0,35.56666666666667,94.18333333333334,0.0,0.0,13.3,1632.7666666666669,0.0,0.0,1200.3000000000002,0.0,0.0,589.6999999999999
870,25.0,110.5,0.0,7.633333333333334,0.0,60.96666666666666,0.0,62.6,0.0,7.133333333333334,103.86666666666667,1693.8833333333332,39.800000000000004,0.0,327.0,0.0,14.3,379.54999999999995
871,0.0,150.8,0.0,2.1,198.34999999999997,0.0,0.0,95.75,0.0,0.0,0.0,835.6833333333333,0.0,43.8,41.6,0.0,1.8333333333333333,700.8
872,15.05,37.18333333333334,0.0,22.849999999999998,55.53333333333333,44.266666666666666,14.349999999999998,0.0,186.54999999999998,0.0,0.0,814.6,0.0,90.88333333333333,396.05,0.0,82.75,170.85
873,10.116666666666667,73.0,0.0,23.1,54.66666666666667,0.0,38.06666666666666,149.8,0.0,0.0,0.0,338.91666666666663,12.95,181.38333333333333,244.36666666666667,0.0,0.0,854.55
874,21.083333333333336,79.45,167.7,13.1,78.1,59.53333333333333,31.599999999999998,30.0,0.0,0.0,229.48333333333335,0.0,0.0,42.93333333333334,251.2,0.0,45.233333333333334,233.93333333333334
875,65.65,46.38333333333333,0.0,0.0,0.0,0.0,77.86666666666666,47.16666666666667,0.0,18.433333333333334,39.733333333333334,30.799999999999997,0.0,0.0,0.0,4.433333333333334,0.0,873.6333333333333
876,26.849999999999998,24.5,0.0,58.466666666666676,156.95,0.0,0.0,103.66666666666667,0.0,0.0,27.2,403.1166666666667,0.0,0.0,80.60000000000001,0.0,26.833333333333336,194.83333333333331
877,23.1,0.0,595.1999999999999,46.93333333333333,36.75,0.0,8.283333333333333,0.0,0.0,0.0,7.333333333333333,772.3666666666667,0.0,34.33333333333333,480.7,72.15,0.0,731.2666666666667
878,0.0,36.983333333333334,104.4,8.0,159.8166666666667,0.0,26.6,0.0,0.0,0.0,0.0,0.0,33.1,152.11666666666667,179.4,0.0,109.2,0.0
879,38.36666666666667,0.0,0.0,0.0,214.70000000000002,32.1,0.0,0.0,0.0,0.0,114.6,837.7666666666667,0.0,164.6,1081.1166666666668,0.0,0.0,585.5166666666667
880,19.71666666666667,29.166666666666664,0.0,44.483333333333334,0.0,16.5,2.15,5.933333333333334,0.0,0.0,79.46666666666667,1453.0833333333333,0.0,0.0,226.46666666666667,0.0,30.5,441.4666666666667
881,31.599999999999998,53.33333333333333,0.0,24.2,12.466666666666667,0.0,75.33333333333334,0.0,0.0,0.0,47.83333333333333,21.7,0.0,32.5,400.7166666666667,0.0,0.0,526.5333333333333
882,74.93333333333334,0.0,666.9,23.583333333333336,114.23333333333335,70.2,0.0,98.86666666666666,236.89999999999998,6.666666666666666,14.75,479.6333333333333,0.0,0.0,347.2,3.3333333333333335,2.8666666666666667,596.5
883,16.566666666666666,78.86666666666666,0.0,20.8,10.0,0.0,11.533333333333333,135.43333333333334,87.5,0.0,41.25,821.3666666666667,0.0,0.0,0.0,0.0,24.5,168.29999999999998
884,15.05,99.2,0.0,38.766666666666666,46.0,0.0,0.0,0.0,0.0,4.916666666666666,0.0,616.1,0.0,0.0,93.41666666666667,0.0,0.0,1030.25
885,35.85,0.0,0.0,34.266666666666666,0.0,514.9,34.5,12.2,139.1,0.0,119.98333333333333,0.0,0.0,0.0,387.06666666666666,0.0,17.6,898.8
886,38.08333333333333,158.7,0.0,34.016666666666666,119.3,0.0,33.35,8.166666666666666,0.0,0.0,93.7,0.0,0.0,113.36666666666667,72.26666666666667,18.299999999999997,16.3,725.0
887,82.11666666666667,116.10000000000001,0.0,44.96666666666667,211.8,0.0,11.5,64.01666666666667,121.26666666666667,0.0,148.58333333333334,662.2333333333333,0.0,232.4333333333333,0.0,0.0,4.75,196.4
888,102.85,21.416666666666664,0.0,51.46666666666667,12.366666666666667,0.0,46.3,89.1,0.0,0.0,26.5,0.0,4.0,0.0,310.6166666666667,2.6,60.31666666666667,78.85000000000001
889,29.03333333333333,0.0,0.0,56.71666666666667,70.15,77.4,7.583333333333333,32.0,0.0,0.0,52.733333333333334,1471.5833333333333,0.0,57.86666666666667,540.4333333333334,0.0,20.7,274.8
890,4.75,22.833333333333332,459.16666666666663,35.41666666666667,5.25,489.59999999999997,0.0,53.53333333333333,0.0,0.0,0.0,20.65,0.0,78.53333333333335,1226.8500000000001,0.0,0.0,0.0
891,63.866666666666674,94.89999999999999,0.0,60.31666666666666,33.83333333333333,0.0,37.016666666666666,0.0,671.8666666666667,4.766666666666667,75.36666666666667,1271.6166666666668,0.0,59.66666666666667,0.0,10.1,88.55,31.733333333333334
892,104.48333333333333,119.38333333333333,88.26666666666667,63.15,137.66666666666669,0.0,48.18333333333334,12.6,0.0,0.0,261.1666666666667,420.3333333333333,3.9833333333333334,101.6,797.9666666666667,0.0,15.500000000000002,1232.3833333333332
893,26.466666666666665,0.0,0.0,77.95,72.23333333333333,0.0,0.0,0.0,0.0,0.0,222.3,733.2166666666667,3.5833333333333335,4.266666666666667,656.4333333333334,0.0,0.0,0.0
894,7.833333333333334,0.0,0.0,125.45,91.56666666666666,0.0,19.7,0.0,0.0,0.0,133.33333333333331,983.95,0.0,90.13333333333334,396.15000000000003,0.0,0.0,183.6
895,11.916666666666666,0.0,0.0,22.3,0.0,0.0,71.75,0.0,0.0,0.0,0.0,1733.4166666666667,0.0,0.0,666.8,0.0,28.0,0.0
896,14.583333333333332,45.9,244.2,68.58333333333333,205.03333333333333,0.0,11.0,0.0,237.66666666666669,0.0,0.0,1253.4666666666667,7.45,34.1,880.4666666666667,0.0,0.0,0.0
897,71.0,0.0,0.0,30.35,11.0,106.94999999999999,1.2000000000000002,0.0,0.0,0.0,209.4,579.5999999999999,0.0,22.183333333333334,567.3666666666667,0.0,161.0,45.3
898,28.633333333333333,0.0,0.0,16.4,40.8,0.0,0.0,0.0,0.0,0.0,179.75,335.0666666666667,0.0,98.95,485.3333333333333,0.0,0.0,400.56666666666666
899,55.900000000000006,36.0,0.0,41.516666666666666,4.35,489.8,3.75,27.483333333333334,0.0,0.0,0.0,384.48333333333335,0.0,9.799999999999999,456.34999999999997,0.0,0.0,70.2
900,0.0,0.0,0.0,0.0,180.9,0.0,16.416666666666664,210.13333333333333,0.0,0.0,87.31666666666666,1029.7333333333333,0.0,0.0,175.58333333333334,0.0,66.93333333333334,651.3666666666667
901,14.399999999999999,0.0,184.2,51.28333333333333,98.55000000000001,0.0,41.6,0.0,0.0,0.0,71.53333333333333,0.0,0.0,47.15,0.0,0.0,0.0,187.55
902,54.31666666666667,74.81666666666668,26.7,14.133333333333333,10.866666666666667,0.0,3.533333333333333,0.0,0.0,0.0,87.98333333333335,1036.05,4.333333333333334,93.45,393.6,0.0,97.53333333333333,518.0
903,30.116666666666667,36.4,0.0,29.53333333333333,13.6,0.0,35.36666666666667,178.58333333333331,0.0,0.0,162.89999999999998,383.09999999999997,0.0,0.0,0.0,11.65,0.0,686.0
904,21.8,29.033333333333335,0.0,12.733333333333334,91.0,0.0,0.0,92.88333333333333,0.0,0.0,0.0,770.7833333333333,4.25,0.0,0.0,0.0,0.0,503.5333333333333
905,17.849999999999998,20.5,105.93333333333334,31.75,0.0,90.66666666666666,25.333333333333336,0.0,0.0,0.0,183.33333333333334,204.0,0.0,0.0,0.0,0.0,0.0,158.16666666666666
906,33.88333333333333,205.66666666666669,277.6,3.3333333333333335,94.0,0.0,24.266666666666666,145.2,0.0,0.0,187.35,402.0,0.0,84.26666666666667,813.5,0.0,120.56666666666666,294.6666666666667
907,49.650000000000006,0.0,0.0,8.65,0.0,0.0,17.2,60.416666666666664,226.38333333333333,0.0,0.0,114.66666666666666,0.0,24.366666666666667,87.78333333333333,26.833333333333336,0.0,816.3
908,66.5,65.63333333333334,27.5,41.516666666666666,6.7,0.0,0.0,0.0,0.0,0.0,0.0,0.0,0.0,24.6,98.26666666666667,0.0,114.91666666666667,277.95000000000005
909,4.65,39.9,0.0,8.166666666666668,136.06666666666663,0.0,0.0,3.75,0.0,0.0,0.0,261.8666666666667,0.0,155.03333333333333,1610.8,0.0,0.0,2243.15
910,51.13333333333333,85.85,0.0,16.883333333333333,102.9,223.6,26.2,163.03333333333336,0.0,0.0,31.75,722.25,0.0,18.95,443.5666666666666,0.0,0.0,252.83333333333331
911,59.699999999999996,52.39999999999999,117.20000000000002,36.983333333333334,11.0,0.0,30.31666666666667,46.8,0.0,23.733333333333334,83.75,2487.2333333333336,0.0,0.0,188.7,5.016666666666667,0.0,1698.7833333333333
912,58.13333333333333,29.0,0.0,50.21666666666667,200.79999999999998,153.83333333333331,42.849999999999994,96.4,0.0,24.166666666666664,0.0,443.7666666666667,0.0,26.933333333333334,228.0,0.0,0.0,684.1666666666666
913,17.283333333333335,0.0,0.0,10.366666666666667,18.866666666666667,0.0,45.416666666666664,94.95,415.40000000000003,0.0,0.0,1843.6333333333332,41.18333333333334,0.0,1401.4333333333334,0.0,106.08333333333333,464.1333333333333
914,77.56666666666666,131.48333333333335,0.0,38.5,84.18333333333334,0.0,10.2,7.733333333333333,0.0,0.0,13.166666666666666,833.7666666666667,0.0,68.13333333333333,697.45,13.733333333333333,0.0,925.8333333333333
915,30.083333333333332,44.266666666666666,0.0,32.35,5.6,146.93333333333334,0.0,0.0,0.0,2.2666666666666666,165.53333333333336,372.3,0.0,0.0,0.0,0.0,53.0,289.0
916,0.0,228.01666666666668,206.53333333333336,30.0,203.93333333333334,446.25,0.0,0.0,105.73333333333332,0.0,24.05,93.6,0.0,135.83333333333334,324.5833333333333,0.0,49.666666666666664,315.75
917,22.866666666666667,114.13333333333333,0.0,73.81666666666666,132.48333333333332,0.0,0.0,0.0,0.0,12.466666666666667,0.0,440.48333333333335,0.0,143.36666666666667,8.0,0.0,0.0,998.4166666666666
918,11.266666666666666,94.53333333333333,0.0,36.83333333333333,23.25,0.0,26.433333333333334,55.766666666666666,0.0,0.0,0.0,691.6,0.0,59.133333333333326,15.033333333333331,0.0,52.0,471.23333333333335
919,70.8,152.93333333333334,185.25,50.83333333333333,0.0,0.0,25.4,0.0,0.0,0.0,128.08333333333334,242.2,10.4,0.0,257.40000000000003,0.0,71.2,725.0
920,0.0,0.0,685.7166666666667,57.0,75.53333333333333,0.0,0.0,0.0,0.0,0.0,0.0,317.35,1.6333333333333333,31.633333333333333,397.9166666666667,12.5,0.0,647.9
921,65.18333333333334,93.6,0.0,37.43333333333333,0.0,187.11666666666665,84.26666666666667,0.0,0.0,0.0,0.0,742.6,0.0,0.0,382.5,0.0,90.0,401.55
922,28.5,103.93333333333334,0.0,33.43333333333334,57.3,0.0,19.266666666666666,101.76666666666667,0.0,0.0,0.0,24.299999999999997,1.1666666666666667,24.96666666666667,267.58333333333337,0.0,0.0,25.616666666666667
923,0.0,28.883333333333336,146.21666666666667,11.799999999999999,0.0,0.0,0.0,41.86666666666667,138.39999999999998,0.0,0.0,304.6333333333333,0.0,147.6,1209.8000000000002,0.0,42.16666666666667,320.56666666666666
924,84.06666666666666,0.0,0.0,12.266666666666666,0.0,0.0,23.5,57.43333333333333,209.95000000000002,0.0,41.233333333333334,438.5666666666667,0.0,15.5,277.2,0.0,0.0,0.0
925,25.7,0.0,175.0,6.0,198.88333333333333,0.0,0.0,0.0,0.0,0.0,0.0,957.5,0.0,0.0,539.5833333333333,0.0,2.533333333333333,364.48333333333335
926,100.68333333333334,0.0,0.0,36.5,0.0,0.0,21.299999999999997,0.0,0.0,30.333333333333332,0.0,167.1,0.0,69.5,0.0,0.0,0.0,546.25
927,21.01666666666667,32.7,0.0,44.88333333333334,0.0,0.0,10.733333333333333,125.2,0.0,0.0,89.06666666666666,675.7166666666667,0.0,0.0,674.7333333333333,0.0,114.85000000000001,102.26666666666667
928,34.65,0.0,747.5999999999999,39.650000000000006,9.066666666666666,0.0,69.11666666666667,0.0,244.95000000000002,0.0,89.75,78.98333333333333,0.0,0.0,512.6166666666667,24.066666666666666,0.0,610.55
929,12.95,101.85,0.0,50.833333333333336,0.0,295.93333333333334,4.9,122.76666666666668,0.0,0.0,215.58333333333334,309.6333333333333,19.933333333333334,0.0,0.0,0.0,112.8,0.0
930,47.56666666666666,70.93333333333334,0.0,39.41666666666667,0.0,0.0,9.75,51.166666666666664,0.0,27.766666666666666,58.8,459.01666666666665,14.599999999999998,0.0,698.75,0.0,0.0,225.66666666666669
931,42.983333333333334,21.083333333333336,0.0,60.949999999999996,119.69999999999999,0.0,33.800000000000004,6.416666666666667,0.0,0.0,293.81666666666666,695.4166666666667,0.0,95.95,0.0,0.0,0.0,270.1
932,17.3,103.86666666666667,0.0,0.0,47.199999999999996,276.95,4.35,0.0,106.25,3.3,18.133333333333333,342.83333333333337,0.0,0.0,0.0,0.0,314.85,579.8333333333334
933,68.44999999999999,172.5,0.0,50.199999999999996,131.36666666666667,0.0,21.916666666666668,43.766666666666666,0.0,0.0,45.33333333333333,1158.0666666666666,0.0,0.0,178.8,0.0,102.91666666666666,647.0166666666667
934,8.3,36.800000000000004,0.0,53.349999999999994,105.25,0.0,26.016666666666666,0.0,0.0,0.0,54.55,652.4166666666666,0.0,71.4,249.9,0.0,136.9,0.0
935,63.46666666666667,38.15,0.0,32.400000000000006,0.0,0.0,3.5833333333333335,0.0,0.0,0.0,148.26666666666665,49.0,0.0,74.75,0.0,6.75,64.9,1147.7333333333333
936,58.800000000000004,0.0,13.433333333333335,28.25,53.833333333333336,0.0,46.78333333333333,10.383333333333333,0.0,0.0,25.650000000000002,1203.7,0.0,0.0,923.1333333333333,0.0,236.35,701.5333333333333
937,9.083333333333334,0.0,0.0,40.016666666666666,256.85,0.0,3.3333333333333335,120.75,0.0,0.0,98.03333333333333,381.59999999999997,0.0,273.31666666666666,0.0,13.933333333333334,18.083333333333332,0.0
938,22.416666666666668,56.9,0.0,24.883333333333333,0.0,0.0,34.18333333333333,130.05,0.0,0.0,0.0,668.9499999999999,0.0,140.4,602.6999999999999,8.283333333333333,23.75,0.0
939,24.433333333333337,82.94999999999999,0.0,12.266666666666667,0.0,0.0,21.2,177.06666666666666,0.0,0.0,110.1,274.16666666666663,0.0,15.083333333333332,61.60000000000001,0.0,27.083333333333336,385.5
940,84.43333333333334,0.0,0.0,0.0,0.0,0.0,10.066666666666666,0.0,0.0,0.0,0.0,2188.4333333333334,19.799999999999997,53.11666666666667,48.733333333333334,0.0,0.0,904.1666666666667
941,0.0,15.2,11.5,40.86666666666667,0.0,51.2,34.266666666666666,0.0,0.0,0.0,20.8,494.8666666666667,0.0,0.0,273.8333333333333,0.0,0.0,747.8333333333334
942,21.0,9.7,1010.6666666666665,35.35000000000001,0.0,0.0,36.06666666666667,151.16666666666669,0.0,0.0,45.650000000000006,1655.8333333333335,0.0,32.583333333333336,278.8,0.0,0.0,0.0
943,0.0,20.4,112.10000000000001,0.0,115.33333333333333,374.0,4.866666666666666,105.9,0.0,0.0,12.6,1843.7666666666664,0.0,26.833333333333332,835.7833333333333,0.0,8.2,941.3666666666667
944,22.55,0.0,0.0,43.599999999999994,28.966666666666665,0.0,9.833333333333332,61.39999999999999,660.3666666666667,0.0,111.4,955.2666666666667,0.0,18.2,0.0,0.0,92.53333333333333,1055.2666666666667
945,31.1,60.1,0.0,1.9,81.33333333333333,0.0,11.666666666666666,0.0,0.0,13.299999999999999,29.333333333333332,221.23333333333332,24.266666666666666,0.0,80.38333333333333,0.0,23.483333333333334,13.749999999999998
946,74.61666666666667,0.0,0.0,69.91666666666667,78.6,0.0,0.0,40.266666666666666,0.0,9.466666666666667,15.583333333333332,745.8333333333333,0.0,0.0,600.7166666666666,0.0,72.96666666666667,152.78333333333333
947,55.95,23.666666666666668,222.60000000000002,17.466666666666665,31.333333333333332,0.0,0.0,0.0,0.0,0.0,58.93333333333334,944.2666666666667,0.0,37.916666666666664,688.0166666666667,0.0,0.0,1043.0333333333333
948,0.4166666666666667,24.533333333333335,0.0,64.6,113.68333333333334,764.0,26.25,0.0,0.0,0.0,0.0,854.8333333333334,0.38333333333333336,110.23333333333333,225.5,0.0,0.0,324.0
949,37.1,0.0,0.0,14.5,33.75,0.0,62.25,87.89999999999999,0.0,0.0,0.0,271.15,0.0,28.150000000000002,0.0,0.0,243.43333333333334,525.0
950,21.266666666666666,23.833333333333332,93.06666666666666,6.033333333333333,298.8,0.0,51.91666666666667,113.48333333333333,0.0,0.0,203.86666666666667,189.15,0.0,0.0,741.1666666666666,0.0,28.4,356.6
951,33.28333333333334,117.66666666666667,0.0,6.466666666666667,84.9,0.0,43.983333333333334,116.10000000000001,0.0,45.15,70.14999999999999,253.16666666666666,9.216666666666667,0.0,1185.9666666666667,0.0,0.0,463.55
952,18.533333333333335,20.666666666666668,0.0,107.48333333333333,49.666666666666664,287.7833333333333,33.46666666666667,119.03333333333332,0.0,6.533333333333333,251.81666666666666,221.95000000000002,0.0,25.0,1716.2333333333331,0.0,0.0,653.1
953,0.0,54.833333333333336,234.75,37.483333333333334,27.06666666666667,0.0,55.25,63.06666666666667,0.0,0.0,0.0,683.3833333333333,0.0,132.65,365.4666666666667,0.0,0.0,367.3333333333333
954,0.0,26.0,0.0,16.216666666666665,22.5,209.04999999999998,29.633333333333333,48.06666666666666,0.0,6.0,53.833333333333336,217.79999999999998,0.0,0.0,0.0,43.800000000000004,0.0,725.4166666666667
955,15.600000000000001,134.13333333333333,222.21666666666667,0.0,102.28333333333333,40.0,32.96666666666667,0.0,94.63333333333333,0.0,63.25,0.0,26.633333333333333,18.7,379.6333333333333,0.0,108.93333333333334,0.0
956,41.18333333333333,19.6,294.0,16.4,17.5,0.0,3.6666666666666665,25.333333333333332,0.0,0.0,0.0,188.5,0.0,114.66666666666667,0.0,0.0,0.0,13.033333333333333
957,15.666666666666668,51.050000000000004,0.0,60.95,117.71666666666667,583.2,0.0,210.21666666666667,0.0,0.0,40.266666666666666,335.5,0.0,49.25,0.0,0.0,0.0,789.3166666666668
958,53.10000000000001,55.73333333333333,0.0,24.2,34.0,235.0,0.0,161.38333333333333,227.33333333333334,0.0,4.766666666666667,180.25,0.0,139.15,214.63333333333333,0.0,8.833333333333332,127.61666666666666
959,102.01666666666668,0.0,0.0,23.200000000000003,46.43333333333334,0.0,13.583333333333334,45.733333333333334,0.0,0.0,4.55,163.79999999999998,0.0,79.19999999999999,214.31666666666666,0.0,34.06666666666666,1327.1666666666667
960,4.35,87.75,32.0,0.0,144.23333333333332,152.5,4.983333333333333,61.95,0.0,24.0,0.0,324.8833333333333,29.166666666666664,0.0,50.833333333333336,0.0,0.0,1011.6166666666667
961,54.8,0.0,0.0,59.23333333333333,23.2,481.95,47.7,38.96666666666667,0.0,0.0,102.33333333333333,101.4,19.866666666666667,0.0,759.0,25.6,0.0,33.6
962,70.7,72.2,0.0,103.38333333333334,100.8,0.0,22.866666666666667,0.0,19.5,0.0,84.23333333333333,362.55,0.0,140.16666666666669,1126.8666666666666,0.0,8.25,312.8666666666666
963,37.650000000000006,40.333333333333336,0.0,62.1,72.23333333333333,0.0,46.86666666666667,0.0,0.0,0.0,111.31666666666665,602.2666666666667,23.833333333333332,39.75,770.1,0.0,190.66666666666666,0.0
964,21.583333333333332,0.0,0.0,9.5,11.4,0.0,33.75,108.6,0.0,0.0,86.41666666666666,64.0,0.0,38.300000000000004,381.3,0.0,62.483333333333334,585.3
965,18.116666666666667,49.35,0.0,17.883333333333333,28.733333333333334,0.0,25.2,171.25,0.0,0.0,274.75,655.6666666666666,0.0,91.78333333333333,703.3166666666667,0.0,0.0,171.95
966,90.78333333333333,89.93333333333334,241.8,42.1,93.91666666666666,0.0,0.0,93.10000000000001,0.0,7.366666666666666,129.04999999999998,681.8666666666666,0.0,0.0,857.4833333333333,0.0,0.0,334.45
967,36.483333333333334,141.11666666666667,678.2,0.0,95.55,0.0,3.4,96.25,0.0,0.0,154.06666666666666,345.6166666666667,8.633333333333333,97.18333333333334,307.7166666666667,0.0,118.45,475.06666666666666
968,32.15,0.0,0.0,12.8,30.616666666666667,254.10000000000002,0.0,0.0,63.599999999999994,0.0,46.83333333333333,431.35,0.0,43.65,652.4333333333334,0.0,39.6,185.91666666666666
969,18.416666666666668,31.166666666666668,134.0,0.7333333333333333,0.0,357.3666666666667,0.0,60.8,261.96666666666664,0.0,15.0,1119.2333333333333,0.0,37.06666666666667,967.2,0.0,179.1,0.0
970,0.0,76.23333333333333,0.0,21.866666666666667,0.0,0.0,11.316666666666666,0.0,35.5,0.0,0.0,730.0333333333333,26.75,33.5,594.3,0.0,0.0,529.0666666666666
971,36.45,0.0,0.0,32.5,0.0,0.0,15.283333333333335,39.4,0.0,0.0,7.133333333333334,700.2666666666667,0.0,0.0,64.6,43.4,80.3,195.26666666666668
972,37.66666666666667,98.26666666666667,58.900000000000006,8.533333333333333,35.4,343.0,18.483333333333334,0.0,0.0,15.1,14.5,117.8,0.0,0.0,1225.5,0.0,54.599999999999994,922.2333333333333
973,57.13333333333334,242.33333333333334,73.2,18.133333333333333,27.25,0.0,47.93333333333333,65.26666666666667,0.0,0.0,41.9,185.14999999999998,0.0,58.36666666666667,384.45,1.2,53.199999999999996,0.0
974,18.78333333333333,35.31666666666667,0.0,8.983333333333334,99.0,0.0,31.5,0.0,0.0,0.0,118.78333333333333,0.0,0.0,0.0,0.0,0.0,0.0,0.0
975,30.65,13.933333333333334,15.416666666666668,7.666666666666666,170.86666666666667,0.0,31.083333333333332,93.75,0.0,0.0,83.56666666666666,0.0,0.0,84.75,263.25,8.55,0.0,0.0
976,34.916666666666664,6.6499999999999995,0.0,13.649999999999999,120.08333333333333,0.0,23.733333333333334,0.0,0.0,0.0,7.0,0.0,0.0,45.599999999999994,167.16666666666666,0.0,0.0,342.66666666666663
977,11.266666666666667,11.5,569.0333333333333,24.633333333333333,245.26666666666665,0.0,12.600000000000001,82.43333333333334,0.0,0.0,0.0,638.75,0.0,0.0,738.0333333333333,0.0,76.45,169.5
978,43.99999999999999,24.3,0.0,5.833333333333333,103.60000000000001,0.0,13.183333333333334,38.31666666666666,0.0,0.0,51.9,196.05,0.0,0.0,108.53333333333333,0.0,0.0,81.60000000000001
979,16.75,27.5,0.0,79.65,18.433333333333334,0.0,20.6,0.0,0.0,0.0,66.53333333333333,1516.8,0.0,0.0,0.0,0.0,15.400000000000002,480.5333333333333
980,14.5,7.416666666666667,115.33333333333333,40.61666666666666,62.900000000000006,152.53333333333333,16.233333333333334,66.5,0.0,0.0,0.0,1814.1,0.0,130.0,351.93333333333334,0.0,0.0,827.2666666666667
981,23.73333333333333,55.0,0.0,46.31666666666666,231.46666666666667,0.0,59.33333333333333,0.0,0.0,1.25,38.083333333333336,309.1666666666667,0.0,0.0,0.0,0.0,0.0,151.08333333333331
982,38.06666666666666,16.45,366.59999999999997,12.016666666666666,18.900000000000002,266.0333333333333,70.9,29.833333333333336,105.20000000000002,0.0,0.0,0.0,0.0,0.0,0.0,0.0,14.166666666666668,48.68333333333334
983,46.61666666666667,0.0,0.0,0.0,91.51666666666667,0.0,34.083333333333336,28.416666666666668,406.0,0.0,0.0,661.2166666666667,4.05,44.1,523.25,0.0,103.53333333333333,234.56666666666666
984,5.433333333333334,181.03333333333333,0.0,61.266666666666666,33.6,0.0,19.883333333333333,146.23333333333335,0.0,0.0,29.583333333333336,283.5,0.0,0.0,0.0,4.5,0.0,986.45
985,73.85000000000001,102.45,0.0,30.15,0.0,0.0,41.15,0.0,615.6,0.0,90.08333333333333,884.9833333333333,0.0,111.9,304.83333333333337,0.0,0.0,141.35
986,18.900000000000002,215.83333333333334,262.66666666666663,73.7,0.0,0.0,33.03333333333333,5.333333333333333,0.0,0.0,93.33333333333333,202.75,0.0,0.0,0.0,0.0,57.63333333333333,103.36666666666665
987,7.566666666666666,61.266666666666666,0.0,62.61666666666667,151.4,149.55,26.199999999999996,0.0,313.78333333333336,0.0,113.46666666666667,170.6,0.0,0.0,721.8333333333334,0.0,74.41666666666666,217.00000000000003
988,7.15,116.91666666666667,0.0,2.716666666666667,142.60000000000002,0.0,0.0,69.3,106.2,0.0,0.0,0.0,0.0,25.25,0.0,0.0,12.45,179.39999999999998
989,52.266666666666666,40.6,0.0,0.0,0.0,0.0,0.0,0.0,0.0,0.0,72.45,1736.1833333333334,0.0,15.466666666666667,0.0,13.8,0.0,605.75
990,13.616666666666667,0.0,0.0,21.75,189.1,353.7,31.46666666666667,47.5,886.0833333333334,0.0,74.1,51.849999999999994,0.0,75.61666666666666,835.9833333333333,0.0,0.0,506.2
991,15.25,0.0,83.4,33.95,196.53333333333333,0.0,8.833333333333332,97.66666666666666,741.9833333333333,0.0,141.83333333333331,1207.7166666666667,10.9,68.33333333333333,1004.25,0.0,155.56666666666666,80.15
992,65.46666666666667,112.95,104.43333333333332,8.7,16.483333333333334,0.0,15.766666666666667,133.38333333333333,0.0,0.0,76.31666666666666,236.73333333333335,0.0,137.71666666666667,1265.8666666666666,0.0,0.0,840.6
993,15.166666666666668,21.333333333333332,0.0,0.0,39.916666666666664,0.0,55.81666666666667,0.0,0.0,0.0,37.800000000000004,1048.2833333333333,0.0,0.0,498.2666666666667,0.0,48.21666666666667,446.40000000000003
994,30.4,23.416666666666668,171.73333333333335,27.4,62.133333333333326,0.0,72.6,0.0,0.0,34.53333333333333,22.1,581.05,20.599999999999998,91.5,0.0,0.0,0.0,0.0
995,39.766666666666666,0.0,0.0,0.0,0.0,0.0,44.56666666666666,41.46666666666667,374.4,13.900000000000002,26.833333333333336,0.0,21.46666666666667,83.56666666666666,221.7833333333333,0.0,128.41666666666666,0.0
996,35.03333333333333,192.13333333333333,0.0,0.0,130.55,0.0,0.0,63.65,0.0,0.0,20.4,992.7333333333333,5.7,48.76666666666667,82.33333333333333,0.0,26.8,715.0
997,60.25,0.0,88.2,4.816666666666666,134.05,187.73333333333332,63.33333333333333,151.9,0.0,0.0,11.366666666666667,72.05,0.0,10.333333333333334,0.0,0.0,0.0,49.60000000000001
998,32.31666666666666,103.43333333333334,0.0,68.26666666666667,0.0,0.0,44.016666666666666,80.60000000000001,35.75,0.0,164.23333333333335,881.4499999999999,29.583333333333336,3.4,831.4333333333334,0.0,27.183333333333334,288.85
999,29.050000000000004,156.93333333333334,337.20000000000005,19.549999999999997,163.71666666666667,17.883333333333333,27.35,0.0,0.0,0.0,0.0,246.16666666666666,0.0,131.63333333333333,1058.6166666666666,0.0,54.81666666666667,249.66666666666669
1000,26.966666666666665,176.06666666666666,261.0833333333333,30.216666666666665,19.366666666666667,595.3333333333334,33.266666666666666,31.916666666666668,0.0,0.0,234.33333333333331,0.0,0.0,42.4,130.11666666666667,0.0,119.66666666666666,450.91666666666663
1001,15.816666666666666,28.716666666666665,0.0,62.5,0.0,0.0,30.083333333333332,0.0,219.81666666666666,0.0,67.9,202.39999999999998,11.799999999999999,47.81666666666666,549.7166666666667,0.0,35.166666666666664,752.8666666666667
1002,66.35,36.599999999999994,377.06666666666666,30.43333333333333,87.63333333333333,0.0,10.866666666666667,0.0,0.0,0.0,3.6,1078.2666666666667,0.0,0.0,650.5833333333334,0.0,0.0,1552.8666666666668
1003,94.71666666666665,0.0,190.0,0.0,96.05000000000001,137.5,28.75,104.39999999999999,0.0,0.0,37.5,0.0,4.583333333333333,151.41666666666666,347.0,0.0,20.3,18.366666666666667
1004,36.53333333333333,0.0,0.0,6.166666666666667,62.166666666666664,0.0,2.9,0.0,0.0,0.0,122.95,361.75,0.0,0.0,568.9333333333333,0.0,0.0,182.85000000000002
1005,13.333333333333334,101.46666666666667,528.5666666666667,29.5,12.649999999999999,0.0,0.0,126.8,0.0,0.0,1.5833333333333333,840.3833333333333,0.0,71.4,493.9833333333333,0.0,211.55,0.0
1006,52.5,32.9,341.1333333333333,78.03333333333333,250.61666666666667,0.0,22.433333333333334,0.0,0.0,0.0,9.0,327.0333333333333,24.8,0.0,797.3333333333334,0.0,0.0,293.34999999999997
1007,7.166666666666667,152.5,0.0,84.2,67.9,0.0,29.183333333333334,0.0,0.0,2.1333333333333333,182.61666666666667,395.73333333333335,1.7,60.099999999999994,0.0,0.0,0.0,774.4333333333334
1008,30.15,74.1,0.0,67.30000000000001,14.833333333333334,0.0,12.0,0.0,0.0,5.233333333333333,58.58333333333333,0.0,0.0,0.0,377.3333333333333,0.0,0.0,601.1666666666667
1009,31.65,95.73333333333333,382.79999999999995,31.633333333333333,92.25,0.0,41.65,95.66666666666666,0.0,0.0,49.46666666666667,799.15,0.0,74.53333333333333,0.0,0.0,108.3,982.8666666666668
1010,13.666666666666668,156.63333333333333,419.9,23.183333333333334,2.933333333333333,0.0,0.0,71.36666666666666,0.0,0.0,108.6,1131.65,0.0,34.25,305.7,0.0,36.75,392.06666666666666
1011,48.016666666666666,104.81666666666666,0.0,40.050000000000004,105.45,0.0,0.0,28.816666666666666,0.0,0.0,3.4000000000000004,1266.95,0.0,59.36666666666667,615.9666666666666,3.683333333333333,75.1,0.0
1012,63.016666666666666,180.75,0.0,23.333333333333336,0.0,0.0,47.43333333333333,37.2,0.0,22.25,0.0,0.0,0.0,7.666666666666666,1003.1833333333333,0.0,49.81666666666666,450.1333333333334
1013,67.8,63.8,0.0,13.233333333333334,59.516666666666666,0.0,18.5,7.866666666666666,0.0,3.3,0.0,697.1166666666667,0.0,9.5,357.35,32.916666666666664,78.55,284.8833333333334
1014,10.333333333333334,146.96666666666667,0.0,4.75,0.0,44.333333333333336,6.05,0.0,0.0,0.0,63.83333333333333,1577.3166666666666,0.0,77.06666666666666,123.76666666666667,45.96666666666667,0.0,61.766666666666666
1015,8.049999999999999,3.966666666666667,0.0,35.5,0.0,119.0,4.083333333333334,21.0,0.0,0.0,0.0,875.8666666666666,0.0,0.0,111.93333333333332,0.0,0.0,97.36666666666667
1016,42.18333333333334,40.233333333333334,513.15,60.65,53.28333333333334,0.0,93.88333333333334,134.71666666666667,0.0,0.0,92.03333333333333,795.7166666666667,0.0,7.066666666666666,290.70000000000005,0.0,0.0,1189.4833333333333
1017,45.416666666666664,31.150000000000002,0.0,42.53333333333333,148.39999999999998,257.4,34.25,0.0,0.0,0.0,29.199999999999996,1042.5666666666666,18.0,97.28333333333333,369.35,0.0,76.38333333333333,0.0
1018,6.266666666666667,119.9,0.0,27.416666666666668,99.11666666666667,0.0,58.43333333333333,203.06666666666666,0.0,0.0,57.516666666666666,545.7166666666667,0.0,0.0,211.3,23.03333333333333,18.2,296.25
1019,13.033333333333335,45.96666666666667,0.0,85.1,0.0,119.0,55.43333333333334,0.0,0.0,0.0,51.9,884.25,0.0,154.98333333333332,143.75,0.0,14.583333333333334,1111.4833333333333
1020,73.19999999999999,83.3,689.8333333333334,1.25,103.16666666666669,0.0,0.0,27.299999999999997,0.0,12.166666666666666,63.46666666666667,423.0,10.25,166.91666666666666,0.0,0.0,0.0,0.0
1021,7.75,159.38333333333333,0.0,13.933333333333334,33.36666666666667,0.0,43.86666666666667,99.75,0.0,0.0,116.00000000000001,750.2666666666667,0.0,108.73333333333333,529.75,0.0,0.0,0.0
1022,147.06666666666666,27.416666666666668,284.83333333333337,28.7,0.0,0.0,20.566666666666666,18.900000000000002,0.0,0.0,33.0,433.05,43.050000000000004,52.96666666666667,7.6000000000000005,0.0,105.39999999999999,542.5333333333333
1023,59.53333333333333,10.666666666666666,0.0,25.9,217.36666666666667,218.91666666666669,71.14999999999999,6.916666666666667,0.0,0.0,0.0,423.0,0.0,43.05,160.5,16.099999999999998,59.5,446.15
1024,34.53333333333333,118.11666666666667,0.0,4.783333333333333,226.51666666666665,0.0,69.76666666666667,16.083333333333336,231.71666666666667,0.0,52.16666666666667,869.6833333333333,0.0,34.3,718.9833333333333,3.0166666666666666,0.0,592.4666666666667
1025,98.35,53.53333333333333,0.0,0.0,62.45,81.66666666666667,38.86666666666667,0.0,174.0,0.0,0.0,1023.8833333333333,0.0,0.0,391.83333333333337,0.0,18.333333333333336,709.45
1026,25.76666666666667,50.4,0.0,0.0,0.0,0.0,0.0,43.0,0.0,0.0,168.68333333333334,1098.5666666666666,6.133333333333334,56.0,1491.25,0.0,89.95,1028.7
1027,8.333333333333334,208.91666666666669,6.2,0.0,31.683333333333334,562.5999999999999,22.2,18.05,0.0,0.0,114.98333333333333,449.45,1.9,13.049999999999999,0.0,0.0,0.0,631.0666666666667
1028,50.41666666666667,85.88333333333333,0.0,49.53333333333333,33.6,0.0,18.05,109.61666666666667,0.0,0.0,15.5,764.1666666666667,24.5,0.0,129.0,0.0,0.0,745.25
1029,41.88333333333334,68.56666666666666,0.0,8.35,26.0,0.0,46.983333333333334,0.0,0.0,0.0,48.95,575.8333333333334,0.0,14.5,791.35,0.0,90.53333333333333,0.0
1030,23.766666666666666,27.066666666666666,0.0,21.333333333333332,60.583333333333336,0.0,12.866666666666667,0.0,0.0,0.0,16.5,643.5999999999999,0.0,11.799999999999999,44.0,0.0,7.466666666666667,0.0
1031,18.766666666666666,27.2,0.0,61.56666666666666,0.0,0.0,85.58333333333333,0.0,0.0,0.0,0.0,1047.8,0.0,0.0,210.73333333333335,0.0,8.433333333333334,184.3
1032,21.433333333333334,83.26666666666667,332.93333333333334,2.566666666666667,14.4,0.0,35.166666666666664,0.0,0.0,0.0,287.7166666666667,1672.1499999999999,0.0,0.0,395.5,5.216666666666667,29.2,386.71666666666664
1033,28.833333333333336,140.15,270.23333333333335,45.266666666666666,61.266666666666666,0.0,21.983333333333334,28.349999999999998,0.0,0.0,125.0,1053.15,0.0,0.0,296.0,0.0,70.55000000000001,347.75
1034,22.666666666666664,0.0,774.8666666666667,30.03333333333333,110.73333333333333,630.25,22.45,34.13333333333333,0.0,0.0,0.0,681.5666666666666,0.0,26.4,0.0,0.0,0.0,118.3
1035,42.08333333333333,0.0,0.0,14.216666666666669,77.2,227.73333333333335,40.13333333333333,0.0,0.0,25.666666666666668,45.5,590.65,2.4166666666666665,0.0,408.0,0.0,0.0,812.2666666666667
1036,10.733333333333333,31.200000000000003,0.0,18.933333333333334,0.0,616.5666666666666,4.266666666666667,87.9,397.6,0.0,133.83333333333331,360.5333333333333,0.0,78.55000000000001,602.35,0.0,13.65,286.68333333333334
1037,11.733333333333333,0.0,0.0,0.5333333333333333,0.0,0.0,0.0,76.53333333333333,0.0,0.0,50.266666666666666,462.0,0.0,0.0,212.81666666666666,0.0,0.0,121.63333333333334
1038,64.43333333333334,3.683333333333333,0.0,30.6,38.85,0.0,23.75,0.0,0.0,0.0,83.58333333333334,0.0,0.0,187.89999999999998,0.0,0.0,0.0,0.0
1039,12.533333333333333,0.0,0.0,2.75,98.4,90.03333333333333,44.2,0.0,0.0,0.0,135.4,216.98333333333332,0.0,30.599999999999998,0.0,0.0,0.0,895.4333333333333
1040,7.4,0.0,221.66666666666669,16.6,10.2,573.3,41.43333333333334,0.0,0.0,0.0,0.0,630.6833333333334,0.0,25.2,816.3333333333333,0.0,0.0,501.9
1041,51.08333333333333,12.4,0.0,11.616666666666667,148.26666666666665,0.0,27.583333333333332,249.33333333333334,163.23333333333332,0.0,11.0,376.06666666666666,0.0,0.0,284.0,0.0,0.0,433.48333333333335
1042,100.28333333333333,9.0,0.0,2.3333333333333335,3.2666666666666666,0.0,27.766666666666666,116.96666666666667,0.0,0.0,0.0,369.05,0.0,0.0,233.13333333333333,0.0,12.133333333333333,11.916666666666668
1043,50.46666666666667,113.69999999999999,173.43333333333334,30.299999999999997,86.80000000000001,0.0,18.200000000000003,0.0,0.0,0.0,43.61666666666667,392.7166666666667,0.0,0.0,332.8,27.4,81.66666666666666,312.6
1044,33.0,292.31666666666666,253.06666666666663,16.849999999999998,0.0,187.54999999999998,0.0,0.0,0.0,0.0,5.2,0.0,0.0,0.0,553.9166666666666,0.0,8.399999999999999,924.6500000000001
1045,76.48333333333333,219.56666666666666,0.0,23.366666666666664,10.333333333333334,0.0,22.583333333333332,31.333333333333332,0.0,0.0,15.583333333333332,227.85,0.0,24.133333333333333,1234.8,0.0,30.9,940.3666666666667
1046,139.25,36.81666666666666,0.0,16.75,184.66666666666666,251.23333333333335,35.13333333333333,40.6,0.0,0.0,0.0,509.45000000000005,0.0,118.68333333333334,275.0333333333333,24.266666666666666,28.75,211.2
1047,63.0,0.0,0.0,3.183333333333333,80.23333333333333,0.0,42.11666666666667,0.0,37.4,25.55,59.21666666666667,1298.4166666666667,0.0,0.0,1299.7,0.0,0.0,443.43333333333334
1048,28.05,73.38333333333333,235.6,49.03333333333333,52.13333333333334,0.0,50.266666666666666,0.0,0.0,0.0,10.766666666666666,240.7,25.916666666666668,11.666666666666668,0.0,8.816666666666666,59.0,562.5999999999999
1049,93.06666666666666,99.61666666666667,0.0,32.91666666666667,0.0,0.0,19.016666666666666,0.0,580.6166666666667,13.3,0.0,659.5,0.0,0.0,396.81666666666666,0.0,0.0,0.0
1050,31.799999999999997,9.4,0.0,0.0,79.93333333333334,83.36666666666666,0.0,146.39999999999998,0.0,0.0,9.25,1118.7166666666667,0.0,15.600000000000001,270.25,0.0,108.80000000000001,326.8
1051,21.1,23.2,0.0,4.783333333333333,89.31666666666666,0.0,0.0,106.43333333333334,0.0,0.0,75.19999999999999,438.5833333333333,0.0,0.0,971.5666666666668,31.4,0.0,0.0
1052,5.35,95.15,0.0,0.0,196.2,198.0,0.0,43.91666666666667,0.0,0.0,111.46666666666667,56.0,15.75,163.26666666666665,554.45,18.083333333333336,0.0,0.0
1053,12.1,61.06666666666666,0.0,63.016666666666666,126.88333333333333,57.6,0.0,13.316666666666666,0.0,0.0,107.5,2017.9499999999998,0.0,188.41666666666669,0.0,0.0,96.33333333333333,729.9333333333333
1054,4.666666666666667,131.91666666666666,102.30000000000001,86.65,24.200000000000003,0.0,1.5833333333333333,0.0,0.0,0.0,0.0,217.60000000000002,0.0,85.75,722.3,0.0,63.766666666666666,588.1333333333333
1055,59.416666666666664,0.0,0.0,0.0,88.0,0.0,0.0,30.8,518.6166666666667,37.449999999999996,21.0,731.2666666666667,0.0,207.58333333333334,0.0,0.0,0.0,157.95
1056,0.0,36.13333333333333,0.0,31.416666666666664,71.93333333333334,0.0,26.8,96.83333333333333,0.0,0.0,79.13333333333333,1000.1,0.0,80.3,846.3333333333333,0.0,32.83333333333333,0.0
1057,74.31666666666666,94.53333333333333,82.45,28.883333333333333,19.116666666666667,0.0,33.416666666666664,181.33333333333331,43.63333333333333,0.0,77.43333333333334,18.983333333333334,18.1,0.0,869.3333333333334,0.0,0.0,343.66666666666663
1058,59.28333333333333,45.46666666666667,0.0,18.166666666666668,76.75,0.0,79.75,0.0,234.33333333333334,0.0,0.0,0.0,0.0,78.4,411.9666666666667,0.0,46.766666666666666,180.6
1059,42.65,78.86666666666667,13.416666666666668,107.81666666666666,167.85000000000002,0.0,19.283333333333335,54.599999999999994,0.0,0.0,8.6,446.8666666666667,0.0,4.8,120.74999999999999,0.0,0.0,1044.25
1060,9.833333333333334,148.11666666666667,0.0,4.516666666666667,185.2166666666667,0.0,4.8,0.0,329.23333333333335,0.0,0.0,148.46666666666664,0.0,145.28333333333333,421.15000000000003,0.0,0.0,0.0
1061,81.55,0.0,0.0,14.599999999999998,42.083333333333336,0.0,68.98333333333333,52.06666666666667,0.0,1.2333333333333334,26.666666666666664,447.7666666666667,0.0,108.93333333333334,523.7833333333333,0.0,49.31666666666667,314.5333333333333
1062,43.58333333333333,0.0,0.0,65.9,32.300000000000004,151.23333333333332,0.0,24.266666666666666,0.0,0.0,0.0,282.4666666666667,0.0,47.666666666666664,0.0,0.0,101.96666666666665,62.0
1063,71.45,76.7,0.0,0.0,118.29999999999998,0.0,65.81666666666666,82.11666666666666,745.7333333333333,0.0,30.016666666666666,860.5833333333334,6.0,10.5,899.3166666666666,0.0,16.0,100.5
1064,41.699999999999996,0.0,0.0,0.0,64.53333333333333,0.0,34.53333333333334,6.0,0.0,0.0,165.26666666666668,43.33333333333333,0.0,0.0,641.8333333333333,0.0,0.0,457.5
1065,41.16666666666667,177.25,0.0,6.483333333333333,99.66666666666666,0.0,50.81666666666667,17.733333333333334,190.55,0.0,98.88333333333333,452.4333333333333,18.066666666666666,9.5,0.0,0.0,42.71666666666667,234.26666666666665
1066,70.29999999999998,0.0,0.0,17.1,16.4,152.43333333333334,30.166666666666664,0.0,122.91666666666667,28.933333333333334,181.8,55.96666666666667,0.0,267.1166666666667,486.3666666666667,0.0,0.0,469.6333333333333
1067,52.11666666666667,37.65,0.0,26.53333333333333,99.66666666666666,0.0,5.6,0.0,0.0,0.0,82.55,455.2,5.3,89.08333333333333,853.1666666666667,0.0,107.83333333333334,101.69999999999999
1068,65.35,147.75,0.0,51.93333333333334,232.36666666666667,0.0,6.1,25.25,0.0,0.0,94.16666666666667,903.65,0.0,29.333333333333332,48.18333333333333,33.016666666666666,0.0,314.83333333333337
1069,34.95,120.91666666666667,121.33333333333334,49.483333333333334,7.666666666666667,781.25,31.46666666666667,210.26666666666668,0.0,5.583333333333333,0.0,399.55,0.0,41.733333333333334,0.0,0.23333333333333334,0.0,850.9
1070,13.3,0.0,0.0,53.55,0.0,0.0,29.400000000000002,0.0,0.0,0.0,53.33333333333333,0.0,0.0,95.89999999999999,464.7166666666666,0.0,102.23333333333333,300.0833333333333
1071,12.033333333333333,0.0,0.0,49.83333333333333,20.166666666666664,0.0,36.25,13.799999999999999,322.7833333333333,0.0,105.78333333333333,136.5,0.0,68.26666666666667,481.7,0.0,69.53333333333333,622.4166666666666
1072,59.349999999999994,223.16666666666669,0.0,107.06666666666666,33.516666666666666,0.0,8.3,135.06666666666666,0.0,0.0,72.01666666666667,1059.3666666666666,0.0,36.11666666666667,1306.8166666666666,0.0,0.0,393.06666666666666
1073,49.99999999999999,71.06666666666666,0.0,15.0,0.0,12.35,48.53333333333333,0.0,0.0,15.583333333333334,161.10000000000002,0.0,0.0,51.0,333.33333333333337,0.0,55.36666666666667,436.65000000000003
1074,46.1,0.0,0.0,49.36666666666667,114.16666666666667,502.8666666666666,27.266666666666666,0.0,532.6666666666667,0.0,17.150000000000002,344.3666666666667,0.0,52.39999999999999,151.93333333333334,0.0,33.6,172.13333333333333
1075,74.98333333333333,67.8,64.0,73.56666666666666,96.58333333333333,0.0,22.28333333333333,108.85000000000001,344.34999999999997,5.266666666666667,0.0,625.0,0.0,0.0,227.33333333333334,5.016666666666667,0.0,28.799999999999997
1076,36.416666666666664,0.0,0.0,6.666666666666667,18.366666666666667,349.9166666666667,46.46666666666667,0.0,0.0,0.0,95.38333333333334,1465.8333333333335,0.0,129.21666666666667,117.25,0.0,198.86666666666667,943.8666666666667
1077,0.0,0.0,0.0,28.316666666666666,78.63333333333333,16.0,0.0,0.0,0.0,0.0,146.66666666666669,668.0,0.0,17.416666666666664,621.4,0.0,25.200000000000003,315.3333333333333
1078,37.56666666666666,0.0,0.0,31.433333333333334,30.449999999999996,150.0,15.333333333333334,43.0,0.0,0.0,0.0,340.46666666666664,0.0,9.149999999999999,348.75,0.0,27.71666666666667,786.5
1079,20.400000000000002,20.133333333333333,0.0,7.6,17.8,19.6,26.133333333333333,119.35000000000001,399.3166666666666,0.0,29.25,616.8,0.0,157.25,84.16666666666667,15.583333333333334,117.63333333333334,375.25
1080,60.833333333333336,9.8,0.0,48.73333333333333,27.08333333333333,79.3,33.416666666666664,0.0,81.7,0.0,130.95,479.15,8.9,20.5,183.33333333333334,1.9666666666666666,0.0,0.0
1081,9.666666666666666,0.0,0.0,11.2,3.6,0.0,15.4,60.2,200.25,0.0,14.566666666666666,652.3333333333333,0.0,87.26666666666668,359.33333333333337,0.0,73.7,13.6
1082,52.88333333333334,0.0,0.0,33.88333333333334,45.25,0.0,37.333333333333336,104.5,0.0,0.0,0.0,448.78333333333336,0.0,0.0,352.8,0.0,21.666666666666668,339.95
1083,34.266666666666666,6.6,0.0,50.5,0.0,341.0,59.7,8.416666666666666,0.0,11.399999999999999,141.16666666666666,74.1,0.0,0.0,776.3666666666666,0.6666666666666666,0.0,637.1166666666667
1084,28.21666666666667,198.18333333333334,0.0,22.85,0.0,0.0,2.45,91.19999999999999,23.400000000000002,0.0,156.8,258.3,0.0,23.233333333333334,0.0,0.0,0.0,347.48333333333335
1085,37.86666666666667,70.93333333333334,0.0,43.666666666666664,41.300000000000004,0.0,0.0,0.0,568.4666666666667,0.0,58.33333333333333,106.35,0.0,111.05,0.0,0.0,0.0,870.6666666666666
1086,43.766666666666666,110.73333333333333,0.0,47.05,0.0,0.0,37.86666666666667,0.0,139.16666666666666,0.0,205.0,959.0166666666667,0.0,0.0,446.31666666666666,0.0,23.333333333333336,1323.0333333333333
1087,37.8,0.0,0.0,22.6,0.0,370.5333333333333,22.9,66.25,0.0,0.0,0.0,741.5833333333333,7.866666666666666,105.8,0.0,0.0,25.9,229.98333333333335
1088,35.36666666666667,0.0,164.66666666666666,1.75,60.266666666666666,0.0,0.0,0.0,31.466666666666665,0.0,20.85,502.23333333333335,2.216666666666667,0.0,495.48333333333335,14.9,0.0,610.5666666666666
1089,53.05,46.66666666666667,126.0,19.833333333333336,0.0,0.0,0.0,0.0,532.0,0.0,71.25,312.15000000000003,0.0,64.36666666666666,1021.8,0.0,92.44999999999999,919.2166666666666
1090,78.5,0.0,0.0,6.5,20.0,30.0,21.15,86.13333333333333,0.0,0.0,22.4,484.4,0.0,0.0,933.5666666666666,0.0,0.0,194.74999999999997
1091,29.28333333333333,0.0,0.0,19.483333333333334,43.699999999999996,0.0,60.63333333333334,0.0,86.66666666666667,0.0,95.2,422.7833333333333,0.0,0.0,73.7,0.0,0.0,577.2333333333333
1092,9.0,0.0,599.35,0.0,27.733333333333334,0.0,0.0,223.68333333333334,107.8,0.0,43.349999999999994,263.2,0.0,0.0,134.93333333333334,8.666666666666666,32.96666666666667,849.8
1093,32.35,24.333333333333332,0.0,0.0,0.0,0.0,5.35,13.166666666666666,22.5,0.0,74.23333333333332,1170.7666666666667,0.0,58.39999999999999,345.7833333333333,0.0,207.35,532.3166666666666
1094,30.3,65.3,0.0,22.96666666666667,142.06666666666666,0.0,30.2,84.43333333333334,261.0,0.0,0.0,446.0333333333333,0.0,0.0,275.65000000000003,10.9,145.28333333333333,327.0
1095,15.400000000000002,172.93333333333334,725.75,56.016666666666666,0.0,0.0,0.0,38.8,561.7833333333333,0.0,28.233333333333334,0.0,21.666666666666664,36.8,0.0,0.0,0.0,357.0
1096,69.23333333333333,0.0,0.0,18.433333333333334,23.599999999999998,0.0,48.71666666666667,192.31666666666666,0.0,0.0,196.26666666666665,142.56666666666666,0.0,57.2,0.0,0.0,0.0,1128.8
1097,37.099999999999994,73.73333333333333,0.0,64.28333333333333,69.83333333333334,0.0,18.833333333333332,112.96666666666667,0.0,0.0,30.800000000000004,0.0,3.1000000000000005,36.4,38.333333333333336,0.0,0.0,0.0
1098,29.716666666666665,19.616666666666667,617.7833333333333,5.6000000000000005,0.0,0.0,16.8,143.63333333333333,0.0,0.0,72.6,273.0,0.0,157.63333333333333,0.0,0.0,63.699999999999996,804.1666666666666
1099,59.88333333333333,1.0,0.0,10.85,50.900000000000006,0.0,0.0,38.666666666666664,191.4,0.0,82.8,480.85,0.0,19.2,459.3333333333333,0.0,0.0,622.9166666666666
1100,101.11666666666666,78.66666666666666,366.7,29.583333333333336,76.48333333333333,0.0,11.166666666666666,49.0,0.0,0.0,81.15,87.55,0.0,81.64999999999999,1587.1666666666667,1.0333333333333334,0.0,160.0
1101,0.0,177.01666666666665,0.0,6.416666666666666,0.0,0.0,16.0,161.14999999999998,35.1,0.0,13.166666666666666,702.5666666666666,0.0,86.0,675.0,5.383333333333334,41.06666666666666,968.2833333333333
1102,0.0,139.66666666666666,0.0,36.050000000000004,55.06666666666666,0.0,17.2,71.4,0.0,0.0,0.0,831.0,27.35,72.83333333333333,452.6666666666667,0.0,0.0,66.60000000000001
1103,17.333333333333332,80.5,397.26666666666665,12.116666666666667,82.03333333333335,653.5833333333334,2.433333333333333,77.39999999999999,0.0,0.0,213.83333333333331,1081.7833333333333,0.0,124.91666666666666,410.55,0.5833333333333334,64.03333333333333,773.3333333333334
1104,32.45,73.6,1120.0833333333335,31.5,10.833333333333334,571.3666666666667,10.133333333333333,54.599999999999994,401.4833333333333,0.0,33.25,0.0,3.066666666666667,37.0,46.0,0.0,43.65,126.85000000000001
1105,54.49999999999999,0.0,0.0,32.46666666666667,11.733333333333333,0.0,17.933333333333334,6.666666666666667,0.0,0.0,65.1,0.0,0.0,0.0,119.6,0.0,1.8666666666666667,509.24999999999994
1106,0.0,32.95,0.0,23.53333333333333,0.0,0.0,16.45,12.6,0.0,2.7333333333333334,29.983333333333334,32.93333333333334,9.133333333333333,15.833333333333334,348.8,0.0,0.0,1282.6
1107,65.08333333333333,191.45,831.5166666666667,7.666666666666667,65.55,0.0,3.6833333333333336,126.05000000000001,0.0,0.0,44.0,584.7333333333333,0.0,0.0,479.26666666666665,28.5,65.0,672.8666666666667
1108,73.03333333333333,66.65,0.0,11.65,0.0,46.93333333333333,90.65,68.0,0.0,0.0,0.0,1147.3833333333334,5.7,114.8,733.5333333333334,0.0,4.95,1220.8166666666666
1109,9.333333333333332,29.400000000000002,995.2333333333333,47.53333333333334,0.0,0.0,0.0,0.0,0.0,0.0,152.8,934.5,0.0,55.666666666666664,0.0,0.0,32.900000000000006,0.0
1110,33.53333333333333,14.25,0.0,27.516666666666666,221.25,0.0,29.833333333333336,0.0,0.0,0.0,228.58333333333331,498.75,0.0,1.5,696.25,0.0,0.0,430.1
1111,26.05,44.7,557.55,21.41666666666667,37.516666666666666,380.58333333333337,4.333333333333333,18.333333333333332,0.0,0.0,189.45,311.9,0.0,0.0,217.85,0.0,41.6,0.0
1112,25.1,18.0,0.0,14.066666666666666,175.83333333333334,0.0,18.78333333333333,60.800000000000004,411.2,0.0,116.2,420.3833333333333,0.0,0.0,389.34999999999997,0.0,33.25,893.75
1113,40.0,151.35000000000002,418.0,12.299999999999999,24.5,0.0,0.0,10.616666666666667,0.0,0.0,35.699999999999996,880.1666666666667,0.0,51.7,374.2,0.0,128.8,356.0
1114,28.666666666666664,50.4,0.0,3.35,97.8,0.0,19.1,0.0,0.0,0.0,99.25,358.0666666666667,0.0,30.166666666666664,522.7166666666667,45.266666666666666,4.6000000000000005,1287.7333333333333
1115,82.60000000000001,37.2,222.73333333333332,17.75,0.0,0.0,0.0,0.0,0.0,0.0,10.15,179.8,3.85,5.4,636.6,16.299999999999997,33.15,0.0
1116,26.85,51.36666666666667,0.0,36.28333333333333,150.2,0.0,57.7,145.11666666666667,0.0,0.0,132.45000000000002,1734.8833333333332,31.616666666666667,138.6,428.5,0.0,69.3,275.5
1117,2.916666666666667,0.0,0.0,14.3,85.21666666666667,0.0,6.050000000000001,38.15,0.0,0.0,66.33333333333334,172.33333333333334,0.0,8.8,1043.9333333333334,0.0,0.0,766.7333333333333
1118,6.333333333333333,40.5,395.73333333333335,91.48333333333333,88.8,341.6333333333333,19.25,0.0,0.0,0.0,0.0,1316.9666666666667,0.0,0.0,403.41666666666663,0.0,0.0,115.76666666666667
1119,20.833333333333336,103.73333333333333,85.39999999999999,8.366666666666667,166.05,30.933333333333334,7.333333333333335,0.0,276.75,0.0,87.56666666666666,1956.55,15.600000000000001,102.93333333333334,348.6,0.0,127.23333333333333,757.8000000000001
1120,11.933333333333334,32.5,221.0,70.36666666666666,30.433333333333334,0.0,7.066666666666666,0.0,0.0,0.0,112.93333333333334,548.05,0.0,0.0,0.0,0.0,19.466666666666665,582.4666666666667
1121,60.633333333333326,151.03333333333333,0.0,67.3,28.9,121.06666666666666,14.266666666666667,266.4666666666667,0.0,19.933333333333334,9.05,175.05,0.0,0.0,419.8,6.0,0.0,1062.9333333333334
1122,38.78333333333333,89.65,0.0,17.866666666666667,46.63333333333333,0.0,10.883333333333333,45.85,378.66666666666663,0.0,5.866666666666666,103.41666666666666,0.0,9.666666666666666,442.8,0.0,0.0,761.2333333333333
1123,41.86666666666667,59.2,0.0,89.91666666666667,0.0,0.0,38.8,20.266666666666666,551.8333333333334,26.6,23.099999999999998,823.9166666666666,42.0,0.0,0.0,0.0,1.1666666666666665,0.0
1124,5.5,0.0,81.25,38.95,49.46666666666667,603.7666666666667,13.583333333333332,108.15,0.0,0.0,89.16666666666667,72.0,0.0,39.166666666666664,875.1666666666665,0.0,0.0,295.76666666666665
1125,3.7666666666666666,0.0,0.0,6.4,65.6,0.0,0.0,0.0,0.0,0.0,0.0,69.0,25.3,108.46666666666667,747.0166666666667,0.0,114.03333333333333,0.0
1126,42.266666666666666,188.76666666666665,0.0,9.899999999999999,0.0,408.4166666666667,4.116666666666666,0.0,0.0,0.0,101.48333333333333,443.66666666666663,0.0,3.1166666666666663,0.0,0.0,0.0,425.06666666666666
1127,11.8,86.93333333333334,0.0,10.566666666666666,50.666666666666664,0.0,14.5,0.0,0.0,0.0,35.3,1703.9166666666667,39.483333333333334,0.0,582.5500000000001,0.0,8.8,0.0
1128,42.016666666666666,130.9,71.16666666666666,33.43333333333333,0.0,0.0,12.75,210.85000000000002,165.08333333333334,0.0,102.93333333333334,542.3499999999999,0.0,0.0,379.85,0.0,0.0,415.8
1129,27.300000000000004,0.0,0.0,8.15,100.56666666666666,0.0,18.0,0.0,0.0,0.0,0.0,30.333333333333332,0.0,0.0,0.0,0.0,57.45,0.0
1130,14.650000000000002,0.0,0.0,27.35,37.1,0.0,63.31666666666666,69.01666666666667,0.0,0.0,22.866666666666667,1343.3500000000001,0.0,0.0,482.3833333333334,0.0,19.0,387.59999999999997
1131,4.666666666666667,138.41666666666666,0.0,55.95,77.3,0.0,0.0,27.483333333333334,0.0,74.93333333333334,46.2,164.79999999999998,0.0,23.0,248.04999999999998,0.0,0.0,368.1333333333333
1132,0.0,127.43333333333334,0.0,54.35,48.666666666666664,0.0,51.13333333333334,53.55,0.0,0.0,118.43333333333334,249.0,0.0,3.8,0.0,0.0,0.0,464.78333333333336
1133,27.6,24.75,0.0,8.366666666666667,44.11666666666666,0.0,4.4,7.2,0.0,0.0,77.0,643.7166666666667,7.299999999999999,0.0,0.0,0.0,0.0,0.0
1134,62.05,25.533333333333335,0.0,8.466666666666667,67.71666666666667,181.63333333333333,2.9,0.0,549.4499999999999,0.0,0.0,0.0,59.06666666666666,71.25,126.0,0.0,0.0,585.1500000000001
1135,27.95,34.88333333333333,0.0,88.36666666666667,17.333333333333332,0.0,14.733333333333333,0.0,383.74999999999994,0.0,134.0,253.7,14.700000000000001,61.24999999999999,117.0,0.0,0.0,279.6
1136,17.933333333333334,0.0,0.0,45.85,34.53333333333334,0.0,9.600000000000001,0.0,97.85,8.1,170.93333333333334,407.0,0.0,0.0,777.0166666666667,10.333333333333334,0.0,247.61666666666667
1137,40.016666666666666,97.71666666666667,0.0,21.233333333333334,0.0,0.0,19.45,0.0,237.5,0.0,153.16666666666669,299.93333333333334,0.0,82.25,752.2666666666667,0.0,0.0,531.0
1138,51.86666666666667,140.53333333333333,0.0,18.733333333333334,81.8,0.0,3.566666666666667,0.0,0.0,0.0,35.7,542.6333333333334,0.0,22.5,458.6666666666667,0.0,0.0,52.2
1139,72.45,316.6833333333333,75.4,1.6666666666666667,140.16666666666669,0.0,20.733333333333334,0.0,0.0,0.0,262.6166666666667,700.8833333333333,0.0,0.0,754.1666666666665,0.0,0.0,770.9333333333334
1140,76.63333333333334,24.95,0.0,16.05,77.0,0.0,4.199999999999999,3.2,54.9,0.0,0.0,739.9833333333332,0.0,40.91666666666667,942.0,0.0,0.0,85.05000000000001
1141,26.15,0.0,0.0,71.63333333333333,48.76666666666667,0.0,6.533333333333333,25.650000000000002,427.7333333333333,0.0,37.800000000000004,162.25,0.0,46.550000000000004,619.85,6.1,45.0,153.3
1142,68.48333333333333,0.0,13.8,32.93333333333333,0.0,0.0,20.68333333333333,133.1,455.8,0.0,49.949999999999996,10.833333333333334,0.0,0.0,733.5666666666667,0.0,117.96666666666667,26.066666666666666
1143,55.6,8.0,0.0,0.0,9.6,0.0,9.649999999999999,0.0,0.0,11.100000000000001,148.4,702.8333333333333,0.85,4.8,339.16666666666663,0.0,0.0,354.1333333333333
1144,53.666666666666664,60.8,18.133333333333333,17.166666666666664,0.0,0.0,74.81666666666666,122.46666666666667,0.0,0.0,0.0,202.45,9.149999999999999,63.75,181.56666666666666,0.0,104.81666666666666,1285.5166666666667
1145,23.416666666666664,158.83333333333331,0.0,13.299999999999999,0.0,0.0,48.85,16.0,0.0,0.0,52.83333333333333,530.05,0.0,23.2,351.51666666666665,0.0,0.0,264.5333333333333
1146,18.083333333333332,0.0,0.0,25.1,0.0,0.0,0.0,150.85000000000002,0.0,0.0,222.96666666666667,170.54999999999998,0.0,0.0,341.6333333333333,0.0,30.449999999999996,2024.7833333333333
1147,41.88333333333333,16.4,0.0,11.933333333333334,2.2,95.83333333333334,9.383333333333333,64.69999999999999,284.56666666666666,0.0,48.0,156.6,0.0,0.0,85.16666666666666,0.0,0.0,286.5
1148,56.6,85.16666666666666,0.0,59.0,0.0,0.0,5.483333333333333,0.0,446.9,12.9,0.0,52.18333333333334,0.0,19.833333333333336,336.35,5.733333333333333,86.69999999999999,936.3666666666668
1149,4.666666666666667,0.0,0.0,38.91666666666667,0.0,391.21666666666664,38.800000000000004,0.0,0.0,0.0,0.0,616.2333333333333,0.0,0.0,199.26666666666665,0.0,0.0,20.299999999999997
1150,79.66666666666667,0.0,0.0,21.916666666666668,39.583333333333336,433.01666666666665,15.0,32.266666666666666,0.0,0.0,0.0,1263.0666666666666,0.0,9.916666666666668,219.1,0.0,27.900000000000002,20.9
1151,26.233333333333334,0.0,124.36666666666667,15.433333333333334,0.0,0.0,25.533333333333335,0.0,0.0,0.0,52.05,412.1666666666667,0.0,41.150000000000006,35.78333333333333,0.0,0.0,795.1666666666667
1152,43.33333333333333,202.6,0.0,34.3,165.90000000000003,0.0,24.233333333333334,127.06666666666668,0.0,0.0,0.0,306.6,0.0,39.78333333333333,542.5833333333334,0.0,0.0,0.0
1153,1.9666666666666666,198.43333333333334,0.0,6.633333333333334,31.9,538.3833333333333,22.083333333333336,71.83333333333333,0.0,0.0,116.33333333333334,314.03333333333336,12.5,30.766666666666666,165.56666666666666,0.0,77.1,468.33333333333337
1154,36.45,62.866666666666674,141.21666666666667,57.28333333333333,81.26666666666667,0.0,0.0,3.466666666666667,601.55,0.0,92.33333333333333,577.35,0.0,109.78333333333333,849.2666666666667,3.033333333333333,139.36666666666667,602.1
1155,12.266666666666667,0.0,0.0,26.583333333333332,26.28333333333333,0.0,19.799999999999997,13.5,0.0,18.666666666666668,90.46666666666667,490.11666666666673,0.0,21.8,0.0,0.0,0.0,253.11666666666665
1156,55.2,156.26666666666665,0.0,23.433333333333334,118.06666666666666,0.0,5.566666666666666,7.933333333333334,0.0,0.0,82.95,530.25,0.0,0.0,13.033333333333333,26.366666666666667,47.0,1127.8000000000002
1157,50.35,0.0,0.0,20.866666666666667,152.85000000000002,0.0,22.883333333333333,0.0,0.0,0.0,0.0,315.98333333333335,0.7333333333333333,45.25,589.6333333333333,0.0,70.65,442.8666666666667
1158,67.36666666666667,0.0,0.0,33.55,87.08333333333333,0.0,89.16666666666666,14.333333333333334,88.16666666666667,0.0,5.733333333333333,362.3,0.0,0.0,0.0,0.0,100.29999999999998,0.0
1159,35.65,77.06666666666666,456.25,39.2,103.61666666666665,0.0,0.0,41.91666666666667,0.0,0.0,0.0,864.9333333333333,0.0,101.91666666666667,881.6,0.0,105.6,147.6
1160,46.31666666666666,0.0,0.0,10.75,153.81666666666666,0.0,28.566666666666666,37.36666666666667,0.0,6.6499999999999995,130.20000000000002,0.0,0.0,0.0,363.31666666666666,5.95,0.0,506.33333333333326
1161,39.550000000000004,104.53333333333333,0.0,16.733333333333334,50.96666666666667,0.0,10.333333333333332,17.6,0.0,0.0,101.93333333333334,359.3833333333333,0.0,83.11666666666666,71.46666666666667,0.0,0.0,847.3
1162,3.6499999999999995,0.0,47.6,26.01666666666667,5.666666666666667,0.0,11.066666666666666,0.0,735.0666666666666,0.0,37.06666666666667,519.8666666666667,0.0,132.3,57.4,0.0,64.16666666666666,346.15000000000003
1163,13.15,113.89999999999999,0.0,36.5,52.8,0.0,0.0,6.966666666666667,0.0,0.0,0.0,61.333333333333336,30.299999999999997,0.0,813.55,0.0,57.31666666666667,141.95
1164,32.03333333333333,24.566666666666666,0.0,3.933333333333333,0.0,0.0,45.733333333333334,0.0,0.0,0.0,12.783333333333333,407.1333333333333,0.0,0.0,773.6166666666666,0.0,9.533333333333333,272.8666666666667
1165,25.333333333333332,37.03333333333333,0.0,95.73333333333333,0.0,0.0,18.8,0.0,0.0,3.3833333333333333,167.01666666666665,703.8166666666667,0.0,49.86666666666667,523.4166666666666,0.0,0.0,19.833333333333332
1166,0.0,108.15,0.0,77.03333333333333,162.26666666666668,0.0,26.28333333333333,0.0,0.0,11.55,107.95,244.66666666666669,0.0,0.0,0.0,17.4,30.45,0.0
1167,30.333333333333336,181.31666666666666,0.0,57.833333333333336,150.18333333333334,479.7166666666667,34.083333333333336,41.333333333333336,0.0,0.0,131.43333333333334,386.4666666666667,0.0,0.0,209.26666666666668,0.0,6.1,10.833333333333334
1168,49.53333333333333,0.0,100.8,0.0,0.0,0.0,13.75,21.116666666666664,178.5,0.0,31.8,127.39999999999998,0.3,0.0,274.4666666666667,0.0,31.833333333333332,1093.3666666666666
1169,25.099999999999998,190.33333333333334,0.0,17.766666666666666,35.833333333333336,0.0,18.4,117.0,0.0,0.0,0.0,0.0,16.6,29.1,735.9,0.0,64.63333333333333,0.0
1170,21.083333333333336,70.71666666666667,0.0,21.283333333333335,21.016666666666666,0.0,0.7,62.06666666666666,132.5,0.0,19.5,372.4666666666667,0.0,0.0,16.683333333333334,0.0,103.25,167.06666666666666
1171,0.0,174.06666666666666,0.0,0.0,5.866666666666666,0.0,5.0,0.0,0.0,0.0,0.0,324.26666666666665,0.0,32.13333333333333,241.26666666666665,0.0,130.55,787.9
1172,22.5,160.56666666666666,0.0,0.0,103.38333333333334,0.0,29.633333333333333,36.03333333333333,0.0,29.700000000000003,86.73333333333333,0.0,0.0,0.0,248.26666666666665,0.0,0.0,220.35000000000002
1173,3.033333333333333,53.38333333333334,568.6166666666667,30.016666666666666,277.8666666666667,93.45,34.766666666666666,70.58333333333334,0.0,0.0,154.31666666666666,388.75,0.0,0.0,159.6,0.0,0.0,131.18333333333334
1174,0.0,0.0,0.0,46.36666666666666,150.26666666666665,0.0,0.0,67.81666666666666,0.0,0.0,145.71666666666664,1045.4333333333334,19.25,152.93333333333334,598.6,0.0,0.0,567.2833333333333
1175,29.200000000000003,11.733333333333333,295.93333333333334,70.45,0.0,420.5333333333333,26.583333333333336,66.15,0.0,0.0,50.050000000000004,297.6333333333333,0.0,0.0,520.5166666666667,0.0,58.60000000000001,512.25
1176,19.75,46.650000000000006,0.0,15.083333333333334,0.0,0.0,53.56666666666667,24.483333333333334,0.0,0.0,68.23333333333333,237.66666666666669,6.566666666666666,71.08333333333333,332.85,0.0,25.299999999999997,401.0333333333333
1177,29.000000000000004,0.0,0.0,21.266666666666666,74.66666666666666,0.0,3.683333333333333,113.48333333333332,0.0,0.0,81.58333333333333,1533.25,0.0,0.0,579.9333333333333,0.0,0.0,0.0
1178,20.883333333333333,108.2,0.0,0.0,0.0,0.0,19.85,0.0,0.0,0.0,0.0,868.5666666666666,0.0,154.25,96.30000000000001,0.0,0.0,1349.6499999999999
1179,51.71666666666667,124.2,296.8666666666667,4.0,176.85,0.0,3.7,0.0,0.0,0.0,65.16666666666667,624.2666666666667,0.0,4.8999999999999995,493.73333333333335,0.0,0.0,506.8666666666666
1180,2.1333333333333333,163.06666666666666,0.0,11.850000000000001,3.6,0.0,0.0,0.0,0.0,0.0,0.0,332.79999999999995,0.0,0.0,370.23333333333335,4.55,31.533333333333335,0.0
1181,48.1,152.4,0.0,14.333333333333334,0.0,0.0,39.93333333333334,38.0,0.0,0.0,0.0,40.5,0.0,88.11666666666666,0.0,0.0,25.8,1490.9333333333334
1182,13.100000000000001,78.13333333333334,0.0,50.13333333333334,206.33333333333331,0.0,56.8,0.0,0.0,0.0,70.08333333333334,767.8,0.0,0.0,0.0,0.0,0.0,1030.5666666666666
1183,12.2,128.35,0.0,16.616666666666667,22.099999999999998,31.0,0.0,115.68333333333334,0.0,0.0,55.733333333333334,1398.5333333333333,0.0,138.0,0.0,0.0,50.2,1495.1999999999998
1184,63.81666666666666,89.86666666666666,107.98333333333333,15.916666666666668,10.0,0.0,6.433333333333334,0.0,665.6999999999999,24.299999999999997,0.0,129.66666666666666,0.0,0.0,271.0,0.0,37.333333333333336,1482.1166666666668
1185,37.46666666666666,0.0,169.4,23.083333333333332,136.63333333333333,152.88333333333333,5.066666666666666,0.0,313.20000000000005,0.0,0.0,439.23333333333335,0.0,93.41666666666667,1017.7666666666667,0.0,21.466666666666665,634.4666666666667
1186,13.933333333333334,112.48333333333332,340.4166666666667,0.0,91.4,0.0,47.550000000000004,0.0,0.0,0.7666666666666667,0.0,521.8333333333334,0.0,0.0,680.7666666666667,0.0,21.25,0.0
1187,41.199999999999996,0.0,367.35,22.966666666666665,96.61666666666667,0.0,40.71666666666666,237.23333333333335,0.0,0.4166666666666667,260.93333333333334,331.41666666666663,1.6333333333333333,22.083333333333336,1591.5,0.0,45.06666666666667,0.0
1188,24.45,27.133333333333333,0.0,6.033333333333333,29.983333333333334,0.0,42.5,4.083333333333333,0.0,0.0,72.78333333333333,175.06666666666666,1.5666666666666667,162.0,318.4666666666667,0.0,20.333333333333332,615.8666666666667
1189,0.0,0.0,0.0,0.0,80.18333333333334,638.4,38.199999999999996,18.666666666666668,0.0,0.0,2.6833333333333336,533.4166666666667,0.0,0.0,0.0,0.0,86.06666666666666,764.8333333333334
1190,100.85000000000001,127.89999999999999,0.0,32.31666666666666,248.78333333333333,0.0,5.133333333333334,102.73333333333335,0.0,0.0,0.0,306.0333333333333,0.0,43.199999999999996,606.9,0.0,0.0,449.76666666666665
1191,50.516666666666666,0.0,504.0,21.933333333333334,0.0,81.06666666666666,39.21666666666667,9.0,126.49999999999999,0.0,0.0,424.1833333333334,27.78333333333333,139.41666666666666,352.05,0.0,27.683333333333334,503.05
1192,52.36666666666666,0.0,0.0,17.533333333333335,60.23333333333334,0.0,8.5,0.0,0.0,22.666666666666668,51.0,1551.85,0.0,0.0,508.40000000000003,0.0,37.36666666666667,286.0
1193,0.0,67.1,0.0,1.0333333333333334,89.5,0.0,2.3666666666666667,87.38333333333333,0.0,0.0,128.25,865.05,0.0,0.0,759.3,0.0,43.06666666666666,552.4166666666666
1194,42.88333333333333,109.1,0.0,27.166666666666668,193.08333333333331,0.0,33.4,0.0,0.0,0.0,99.96666666666667,164.0,0.0,0.0,223.29999999999998,0.0,134.93333333333334,554.8666666666667
1195,60.21666666666667,76.0,135.3,26.71666666666667,37.93333333333334,141.04999999999998,18.900000000000002,0.0,0.0,0.0,27.416666666666668,1938.9,0.0,70.7,239.85,0.0,16.133333333333333,298.83333333333337
1196,34.86666666666667,8.5,0.0,0.0,120.21666666666667,0.0,3.616666666666667,48.56666666666666,0.0,0.0,0.0,1626.0,0.0,22.666666666666664,0.0,0.0,0.0,0.0
1197,17.65,104.53333333333333,0.0,57.26666666666667,0.0,182.25,18.53333333333333,77.98333333333332,0.0,0.0,174.2,364.5333333333333,0.0,51.6,406.81666666666666,0.0,0.0,443.3
1198,0.0,99.16666666666667,0.0,3.066666666666667,0.0,389.7833333333333,19.299999999999997,20.266666666666666,80.7,0.0,42.666666666666664,0.0,0.0,0.0,533.8833333333333,0.0,41.7,440.7166666666667
1199,29.4,20.3,0.0,41.4,0.0,0.0,4.0,0.0,0.0,3.1,184.93333333333334,0.0,0.0,0.0,1230.7666666666667,0.0,0.0,438.65
1200,46.6,16.099999999999998,0.0,42.233333333333334,26.75,1372.0166666666667,10.766666666666666,27.733333333333334,284.1333333333333,0.0,0.0,136.23333333333335,4.9,0.0,0.0,0.0,158.6,170.13333333333333
1201,80.23333333333333,57.21666666666667,79.55,35.3,48.266666666666666,0.0,7.6499999999999995,0.0,255.3,0.0,99.69999999999999,500.76666666666665,0.0,87.75,288.1,0.0,25.650000000000002,1054.5666666666666
1202,12.583333333333332,51.68333333333334,0.0,18.3,12.266666666666667,0.0,5.483333333333333,93.95,0.0,56.5,148.36666666666667,0.0,0.0,72.66666666666667,605.75,0.0,0.0,76.66666666666667
1203,15.066666666666666,26.8,0.0,25.05,66.0,0.0,28.25,0.0,29.0,0.0,0.0,1664.8,0.0,91.2,1910.4666666666667,0.0,83.83333333333333,43.33333333333333
1204,36.483333333333334,200.36666666666667,214.0,78.5,112.5,0.0,14.25,0.0,0.0,0.0,61.166666666666664,1660.3666666666666,0.0,75.83333333333334,82.35,0.0,0.0,145.75
1205,30.550000000000004,15.0,0.0,29.866666666666667,127.75,0.0,62.36666666666666,0.0,0.0,0.0,0.0,539.7333333333333,0.0,143.7,33.599999999999994,0.0,31.033333333333335,33.56666666666666
1206,17.666666666666668,0.0,382.2166666666667,7.816666666666666,0.0,299.25,128.68333333333334,51.300000000000004,0.0,0.0,0.0,581.7666666666667,0.0,0.0,574.2333333333332,17.96666666666667,176.28333333333333,966.2666666666667
1207,85.86666666666666,115.35,249.11666666666667,15.400000000000002,164.38333333333333,0.0,31.150000000000002,0.0,0.0,0.0,156.76666666666665,0.0,0.0,0.0,0.0,0.0,0.0,85.86666666666666
1208,56.78333333333333,52.13333333333334,0.0,51.583333333333336,68.0,750.1999999999999,7.933333333333334,0.0,91.96666666666668,0.0,0.0,611.85,0.0,52.5,0.0,0.0,31.35,1088.2333333333333
1209,42.849999999999994,116.75,0.0,17.283333333333335,27.5,0.0,36.31666666666666,3.25,0.0,0.0,0.0,336.75,0.0,108.46666666666667,719.8000000000001,0.0,0.0,77.7
1210,23.883333333333333,137.56666666666666,0.0,0.0,108.86666666666666,132.5,28.200000000000003,92.36666666666666,47.5,0.0,95.0,904.4833333333333,0.26666666666666666,39.78333333333333,108.26666666666667,0.0,4.0,0.0
1211,3.716666666666667,0.0,268.15,36.06666666666666,97.16666666666666,0.0,72.96666666666667,0.0,61.8,0.0,252.76666666666665,1669.9833333333333,0.0,0.0,545.3666666666667,0.0,167.96666666666667,1480.4666666666667
1212,23.666666666666664,20.4,0.0,0.0,115.5,0.0,16.3,22.666666666666664,135.66666666666669,0.0,149.43333333333334,104.5,0.0,0.0,137.7,10.766666666666667,0.0,788.2833333333333
1213,75.86666666666667,64.23333333333333,0.0,34.78333333333333,0.0,0.0,58.08333333333333,0.0,0.0,0.0,22.666666666666664,593.6333333333333,20.599999999999998,53.85,0.0,0.0,96.05000000000001,973.9833333333333
1214,28.6,0.0,0.0,0.0,72.0,0.0,0.0,32.266666666666666,0.0,7.816666666666666,109.4,659.4166666666666,0.0,0.0,92.31666666666666,0.0,0.0,323.0
1215,30.083333333333336,23.666666666666668,606.8000000000001,21.7,0.0,0.0,57.733333333333334,115.43333333333334,0.0,0.0,40.8,788.5166666666667,40.333333333333336,38.55,865.5666666666667,6.666666666666667,0.0,0.0
1216,79.93333333333334,373.59999999999997,0.0,39.449999999999996,46.4,69.0,26.7,0.0,0.0,0.0,52.61666666666667,254.85000000000002,0.0,124.30000000000001,359.43333333333334,34.0,0.0,4.2
1217,8.35,292.8333333333333,0.0,10.5,0.0,0.0,0.0,141.16666666666666,0.0,0.0,0.0,1414.7,0.0,2.6666666666666665,392.66666666666663,15.8,17.333333333333332,350.7
1218,0.0,0.0,0.0,0.0,143.55,124.66666666666667,29.4,0.0,0.0,0.0,142.68333333333334,986.8,0.0,138.06666666666666,312.7,0.0,3.466666666666667,721.1833333333334
1219,57.9,24.0,0.0,30.449999999999996,200.68333333333334,0.0,0.0,0.0,0.0,0.0,83.51666666666667,545.9833333333333,0.0,12.266666666666667,664.0833333333334,0.0,0.0,0.0
1220,15.2,0.0,0.0,3.1,48.766666666666666,0.0,0.0,48.66666666666667,103.4,0.0,0.0,238.2,0.0,0.0,1539.95,0.0,0.0,171.6
1221,54.28333333333333,24.933333333333334,637.25,6.733333333333333,23.700000000000003,0.0,23.8,4.5,0.0,0.0,69.5,865.0,0.0,90.33333333333333,0.0,5.65,0.0,172.0
1222,60.016666666666666,85.6,0.0,21.78333333333333,89.35,0.0,31.849999999999998,42.81666666666666,0.0,0.0,118.8,1372.2666666666667,0.0,0.0,838.2333333333333,0.0,54.03333333333333,1000.0
1223,0.0,0.0,0.0,5.95,71.56666666666666,0.0,36.300000000000004,0.0,0.0,0.0,0.0,751.6833333333334,0.0,119.69999999999999,677.1,0.0,89.0,858.0
1224,34.583333333333336,17.266666666666666,243.33333333333334,0.0,134.26666666666665,243.41666666666669,40.55,126.0,0.0,0.0,110.63333333333333,606.05,0.0,0.0,1177.9666666666667,0.0,0.0,0.0
1225,31.133333333333333,41.333333333333336,0.0,63.83333333333333,86.9,552.8833333333333,14.433333333333334,74.05000000000001,0.0,0.0,116.8,213.58333333333334,0.0,0.0,962.4333333333332,0.0,15.400000000000002,503.35
1226,129.4,0.0,0.0,31.900000000000002,0.0,0.0,38.4,90.31666666666666,0.0,0.0,10.6,1049.2333333333333,0.0,31.966666666666665,263.3333333333333,0.0,0.0,202.1
1227,46.03333333333334,172.58333333333331,0.0,68.10000000000001,104.16666666666667,150.0,30.1,98.71666666666667,0.0,0.0,36.4,138.0,0.0,4.916666666666666,595.4666666666666,0.0,0.0,0.0
1228,17.7,46.46666666666667,634.3333333333333,1.25,76.91666666666667,0.0,43.91666666666667,29.4,0.0,0.0,52.65,1121.5,0.0,52.0,794.5,0.0,25.7,167.89999999999998
1229,15.633333333333331,137.75,0.0,17.55,51.35,0.0,57.550000000000004,37.45,0.0,13.083333333333334,121.33333333333333,905.8833333333333,0.0,0.0,187.56666666666666,0.0,64.16666666666666,200.38333333333333
1230,103.88333333333333,130.33333333333334,0.0,2.216666666666667,0.0,0.0,26.0,64.60000000000001,0.0,0.0,0.0,288.7,3.5,115.38333333333333,506.33333333333337,30.900000000000002,34.0,420.46666666666664
1231,86.01666666666667,81.35,0.0,0.0,15.883333333333335,265.8333333333333,31.116666666666667,13.299999999999999,407.26666666666665,0.0,11.0,926.6333333333333,0.0,157.95,665.3333333333334,29.300000000000004,0.0,1478.1166666666666
1232,10.15,60.666666666666664,0.0,69.65,1.9,170.0,0.0,0.0,0.0,0.0,214.26666666666665,1279.4833333333333,0.0,160.41666666666666,500.8666666666667,0.0,0.0,1008.6166666666668
1233,16.933333333333334,0.0,0.0,41.88333333333333,85.51666666666665,622.6666666666666,76.33333333333334,0.0,500.0,0.0,66.05,410.7333333333333,0.0,123.05,862.4,0.0,97.66666666666666,0.0
1234,7.65,68.6,0.0,0.0,138.33333333333334,0.0,57.71666666666667,51.800000000000004,0.0,0.0,34.11666666666667,180.0,0.0,47.0,207.06666666666666,0.0,82.41666666666666,981.4499999999999
1235,0.0,37.83333333333333,0.0,61.46666666666667,12.283333333333333,0.0,31.299999999999997,84.58333333333334,295.75,0.0,26.233333333333334,1186.5,0.0,86.25,435.0,0.0,0.0,733.15
1236,15.533333333333333,196.01666666666665,361.8333333333333,90.45,0.0,0.0,30.7,0.0,0.0,34.88333333333333,0.0,190.63333333333333,33.08333333333333,0.0,295.5333333333333,0.0,83.63333333333334,134.16666666666666
1237,39.266666666666666,0.0,0.0,11.733333333333333,134.01666666666665,0.0,0.0,72.3,0.0,11.266666666666667,21.133333333333333,295.3,0.0,20.233333333333334,209.0,0.0,179.91666666666669,367.3333333333333
1238,26.516666666666666,104.3,0.0,11.516666666666666,17.233333333333334,0.0,28.53333333333333,0.0,0.0,0.0,0.0,329.06666666666666,0.0,69.06666666666666,0.0,0.0,40.4,1092.5
1239,32.88333333333333,67.6,269.75,55.6,0.0,0.0,12.100000000000001,0.0,0.0,4.133333333333334,136.31666666666666,1204.3,0.0,16.483333333333334,268.41666666666663,0.0,50.71666666666667,1104.9833333333333
1240,34.05,0.0,0.0,28.233333333333334,4.4,0.0,9.416666666666668,2.1333333333333333,0.0,3.8666666666666667,134.68333333333334,1350.9,0.0,64.21666666666667,479.35,0.0,0.0,1039.8833333333334
1241,17.8,63.05,0.0,3.1666666666666665,0.0,0.0,19.450000000000003,0.0,665.1833333333334,0.0,142.9,960.0333333333333,0.0,0.0,0.0,0.0,2.6,471.25
1242,51.2,49.333333333333336,0.0,10.733333333333334,217.5,254.98333333333332,25.2,0.0,0.0,0.0,160.41666666666669,227.64999999999998,0.0,53.550000000000004,623.3833333333334,31.200000000000003,4.333333333333334,253.5
1243,12.566666666666666,96.95,0.0,4.15,136.33333333333334,82.80000000000001,31.6,0.0,0.0,5.5,11.116666666666667,970.0000000000001,0.0,31.266666666666666,0.0,0.0,21.400000000000002,0.0
1244,25.416666666666664,36.56666666666667,0.0,6.5,24.533333333333335,0.0,46.166666666666664,0.0,315.4666666666667,0.0,90.66666666666666,539.7333333333333,0.0,0.0,250.0666666666667,0.0,0.0,557.3499999999999
1245,3.033333333333333,18.066666666666666,0.0,26.650000000000002,6.3,0.0,64.7,73.45,0.0,1.4833333333333334,33.0,857.4666666666667,24.383333333333333,86.7,393.7833333333333,0.0,39.333333333333336,1546.7166666666667
1246,4.466666666666667,55.36666666666667,0.0,37.6,0.0,0.0,1.4,0.0,0.0,0.0,0.0,1680.4,0.0,36.1,1118.5333333333333,0.0,0.0,589.6333333333333
1247,42.733333333333334,0.0,0.0,34.650000000000006,72.75,0.0,8.45,72.58333333333333,97.35,0.0,52.983333333333334,310.26666666666665,0.0,0.0,103.0,0.0,0.0,869.55
1248,69.73333333333333,0.0,0.0,28.699999999999996,112.5,64.6,19.3,41.650000000000006,0.0,0.0,0.0,525.9333333333333,0.0,0.0,325.81666666666666,0.0,0.0,258.26666666666665
1249,18.416666666666664,71.66666666666666,0.0,7.766666666666667,0.0,0.0,2.6,0.0,19.0,0.7833333333333333,0.0,4.666666666666666,0.0,126.56666666666666,277.81666666666666,0.0,0.0,271.15
1250,9.733333333333333,5.833333333333334,0.0,65.48333333333333,0.0,724.1666666666666,26.066666666666663,116.78333333333333,0.0,0.0,0.0,463.2833333333333,46.31666666666666,0.0,30.75,1.3333333333333333,0.0,579.0500000000001
1251,12.9,25.0,107.64999999999999,10.45,63.05,0.0,27.95,0.0,0.0,0.0,101.06666666666666,327.4166666666667,0.0,0.0,802.7333333333333,0.0,58.900000000000006,304.83333333333337
1252,12.083333333333332,55.83333333333333,440.0666666666667,68.05,226.53333333333336,0.0,14.399999999999999,32.9,877.6666666666666,0.0,215.56666666666666,310.73333333333335,0.0,57.2,1363.2833333333333,0.0,0.0,723.0833333333334
1253,0.4666666666666667,267.51666666666665,440.3666666666667,46.9,113.80000000000001,0.0,10.0,5.066666666666666,0.0,0.0,0.0,641.4333333333334,6.549999999999999,35.46666666666667,557.6666666666666,0.0,155.15,0.0
1254,30.400000000000002,191.39999999999998,0.0,7.816666666666666,139.36666666666665,265.2,11.516666666666667,0.0,0.0,6.583333333333333,0.0,494.5333333333333,0.0,0.0,589.0500000000001,0.0,29.733333333333334,505.26666666666665
1255,12.4,0.0,182.75,0.0,141.86666666666667,0.0,62.03333333333333,105.78333333333333,0.0,0.0,136.61666666666667,203.85,0.0,0.0,39.199999999999996,0.0,10.633333333333333,760.0999999999999
1256,25.96666666666667,5.4,64.2,3.283333333333333,43.416666666666664,210.4333333333333,16.28333333333333,73.96666666666667,280.53333333333336,0.0,0.0,43.550000000000004,0.0,0.0,336.68333333333334,0.0,0.0,0.0
1257,27.566666666666663,115.5,278.66666666666663,35.0,67.21666666666667,0.0,20.2,30.599999999999998,0.0,0.0,0.0,431.03333333333336,0.0,0.0,538.1999999999999,0.0,0.0,0.0
1258,30.066666666666666,0.0,0.0,9.6,0.0,267.1166666666667,16.75,68.53333333333333,168.0,0.0,51.45,812.6666666666666,0.0,75.16666666666666,121.73333333333333,0.0,40.949999999999996,138.13333333333333
1259,25.666666666666664,113.53333333333333,0.0,23.2,133.96666666666667,0.0,22.750000000000004,185.85,0.0,0.0,60.63333333333334,157.41666666666666,2.4833333333333334,29.78333333333333,894.7166666666666,0.0,0.0,295.23333333333335
1260,22.733333333333334,60.81666666666667,0.0,11.95,67.4,0.0,21.666666666666668,0.0,0.0,0.0,71.4,487.90000000000003,0.0,63.25,0.0,0.0,147.96666666666667,0.0
1261,23.98333333333333,62.400000000000006,53.86666666666667,8.5,5.7,0.0,0.0,124.1,602.1666666666667,0.0,261.76666666666665,420.1,0.0,56.28333333333333,188.73333333333335,0.0,21.46666666666667,860.9999999999999
1262,33.86666666666667,197.23333333333335,621.7833333333333,5.433333333333334,0.0,0.0,26.700000000000003,27.333333333333336,0.0,9.583333333333334,126.56666666666666,0.0,0.0,22.4,418.65000000000003,0.0,99.83333333333334,0.0
1263,0.0,125.08333333333334,0.0,19.266666666666666,61.31666666666667,168.23333333333332,56.43333333333333,31.733333333333334,0.0,34.9,118.80000000000001,804.0,0.0,0.0,383.51666666666665,0.0,38.86666666666667,206.66666666666669
1264,9.2,96.78333333333333,246.25,0.0,0.0,0.0,32.083333333333336,149.5,0.0,0.0,0.0,266.9,0.0,0.0,1204.9833333333333,0.0,123.55,0.0
1265,3.8,0.0,168.43333333333334,0.0,32.16666666666667,0.0,30.6,0.0,0.0,0.0,0.0,964.7333333333333,0.0,23.166666666666668,594.5,0.0,2.75,580.2166666666667
1266,22.166666666666668,0.0,0.0,36.9,46.800000000000004,210.0,5.3500000000000005,7.283333333333333,0.0,0.0,81.16666666666666,846.5999999999999,0.0,44.733333333333334,388.5,0.0,1.5,112.35
1267,17.95,32.43333333333334,132.16666666666666,23.516666666666666,95.46666666666667,0.0,0.3,96.78333333333333,0.0,22.916666666666664,110.8,1020.75,0.0,57.900000000000006,0.0,0.0,43.050000000000004,334.48333333333335
1268,0.0,131.28333333333333,0.0,87.1,53.6,0.0,0.0,0.0,31.5,21.466666666666665,70.2,195.05,29.099999999999998,48.666666666666664,44.46666666666667,31.033333333333335,60.53333333333333,892.4166666666665
1269,12.766666666666667,18.833333333333332,0.0,9.35,31.5,0.0,79.68333333333334,89.13333333333333,0.0,0.0,45.66666666666667,781.3166666666666,19.0,0.0,0.0,6.1499999999999995,0.0,0.0
1270,2.15,0.0,0.0,4.566666666666666,26.25,233.78333333333336,21.46666666666667,0.0,0.0,40.5,234.21666666666667,1065.2,36.13333333333333,204.88333333333333,0.0,0.0,0.0,1140.4666666666667
1271,32.583333333333336,23.2,466.04999999999995,26.3,73.01666666666667,505.26666666666665,42.0,0.0,0.0,43.93333333333333,26.833333333333332,1275.8833333333332,0.0,0.0,1070.5333333333333,0.0,20.533333333333335,457.58333333333337
1272,52.45,0.0,0.0,34.81666666666666,36.66666666666667,571.1999999999999,18.55,39.6,0.0,0.0,32.5,150.36666666666667,0.0,0.0,0.0,0.0,54.13333333333333,0.0
1273,6.5,77.4,0.0,3.066666666666667,32.75,0.0,0.8,12.733333333333333,0.0,0.0,118.76666666666665,967.1333333333333,0.0,228.01666666666665,218.98333333333332,0.0,109.2,781.2500000000001
1274,22.28333333333333,98.48333333333333,0.0,28.4,70.66666666666667,0.0,44.68333333333334,7.866666666666666,0.0,0.0,0.0,250.8,0.0,0.0,305.8,0.0,0.0,507.8
1275,8.733333333333333,0.0,0.0,25.316666666666666,38.0,0.0,37.56666666666666,97.30000000000001,0.0,0.0,0.0,571.0,5.183333333333334,102.26666666666667,0.0,0.0,14.6,208.0
1276,35.55,80.38333333333334,75.6,15.166666666666666,65.5,509.59999999999997,42.81666666666666,83.46666666666667,0.0,0.0,166.7,1107.0666666666666,0.0,0.0,0.0,0.0,79.88333333333333,395.59999999999997
1277,2.8833333333333333,63.14999999999999,393.6,7.933333333333334,88.0,0.0,44.93333333333334,123.56666666666666,0.0,0.0,341.0,887.1333333333332,9.333333333333332,98.10000000000001,292.05,0.0,24.450000000000003,173.08333333333334
1278,16.633333333333333,0.0,0.0,27.43333333333333,28.9,496.59999999999997,55.916666666666664,72.15,0.0,0.0,83.38333333333334,1877.8333333333333,0.0,46.9,174.89999999999998,0.0,0.0,0.0
1279,0.0,10.299999999999999,372.01666666666665,30.866666666666667,23.2,0.0,0.0,59.15,0.0,9.8,47.666666666666664,995.4166666666667,0.0,61.1,852.2166666666667,0.0,0.0,66.60000000000001
1280,0.0,49.8,103.58333333333333,17.416666666666668,39.599999999999994,0.0,0.0,0.0,0.0,0.0,0.0,0.0,0.0,36.666666666666664,300.46666666666664,0.0,0.0,334.35
1281,33.5,144.86666666666665,0.0,48.16666666666667,63.8,14.666666666666666,0.0,0.0,0.0,0.0,139.05,751.8166666666666,0.0,0.0,555.9333333333333,1.75,0.0,323.6333333333333
1282,45.3,6.533333333333333,400.0,35.38333333333333,133.45,0.0,41.53333333333333,158.53333333333333,0.0,8.866666666666667,27.200000000000003,405.8666666666667,12.233333333333333,0.0,284.6666666666667,41.65,71.66666666666666,1092.8
1283,77.1,0.0,72.0,21.166666666666668,55.18333333333333,0.0,16.200000000000003,38.6,0.0,0.0,125.38333333333333,615.3333333333334,0.0,0.0,729.8666666666667,0.0,19.333333333333332,453.23333333333335
1284,32.2,191.56666666666666,0.0,4.55,72.68333333333334,0.0,0.0,71.86666666666666,350.2666666666667,0.0,13.183333333333334,754.4166666666667,52.78333333333333,26.400000000000002,1609.8166666666666,0.0,181.03333333333333,0.0
1285,19.833333333333336,0.0,0.0,21.733333333333334,8.266666666666667,87.5,0.0,0.0,0.0,0.0,0.0,648.0,0.0,14.399999999999999,567.0,0.4,0.0,475.76666666666665
1286,7.733333333333333,0.0,0.0,40.6,70.39999999999999,0.0,44.1,0.0,0.0,0.0,166.03333333333333,742.6333333333333,0.0,0.0,69.86666666666666,24.0,187.95000000000002,0.0
1287,30.866666666666667,0.0,0.0,13.5,2.216666666666667,287.3,0.0,116.96666666666667,0.0,0.0,10.4,269.6,0.0,0.0,492.35,0.0,79.56666666666666,321.0
1288,28.25,0.0,0.0,35.86666666666667,90.98333333333333,0.0,15.666666666666666,288.5833333333333,0.0,0.0,19.099999999999998,1514.2166666666665,0.0,0.0,60.53333333333333,0.0,32.199999999999996,298.15000000000003
1289,39.849999999999994,0.0,167.38333333333333,12.85,0.0,0.0,19.849999999999998,125.61666666666666,0.0,0.0,34.300000000000004,126.66666666666666,0.0,56.7,755.55,0.0,88.35000000000001,0.0
1290,33.38333333333333,22.8,426.04999999999995,13.416666666666666,31.96666666666666,255.49999999999997,6.0,0.0,138.71666666666667,0.0,0.0,0.0,0.0,9.6,149.06666666666666,9.950000000000001,98.63333333333334,369.06666666666666
1291,49.699999999999996,2.3333333333333335,0.0,0.0,26.733333333333334,123.81666666666666,4.1,46.2,0.0,1.8666666666666667,79.2,655.4000000000001,0.0,62.1,108.0,0.0,39.6,511.2333333333333
1292,45.85,47.666666666666664,0.0,7.583333333333333,87.64999999999999,0.0,0.0,46.800000000000004,0.0,0.5,46.0,200.85000000000002,0.0,0.0,200.08333333333334,0.0,8.0,82.83333333333333
1293,37.1,0.0,0.0,0.0,0.0,0.0,34.3,137.06666666666666,370.45000000000005,0.0,127.26666666666667,782.3,0.0,0.0,21.349999999999998,0.0,0.0,507.05
1294,119.13333333333333,0.0,0.0,23.15,97.66666666666667,0.0,8.716666666666667,0.0,0.0,7.9,82.4,559.0,0.0,16.333333333333332,0.0,11.066666666666666,80.65,0.0
1295,3.133333333333333,0.0,0.0,20.433333333333334,17.066666666666666,205.28333333333333,21.3,319.9166666666667,0.0,0.0,0.0,1042.4833333333333,0.0,14.0,196.0,0.0,0.0,0.0
1296,29.133333333333333,141.65,113.86666666666667,25.96666666666667,70.81666666666666,0.0,0.0,115.58333333333333,0.0,0.0,40.53333333333333,0.0,0.0,188.79999999999998,294.8,10.166666666666666,47.6,0.0
1297,12.9,0.0,0.0,83.1,0.0,161.20000000000002,28.333333333333332,84.26666666666667,82.5,0.0,112.63333333333333,41.6,0.0,0.0,0.0,0.0,124.1,491.94999999999993
1298,22.45,0.0,340.4,59.36666666666667,190.53333333333333,594.3333333333334,16.916666666666668,0.0,0.0,0.0,16.666666666666668,1308.6,0.0,0.0,681.55,0.0,0.0,907.3333333333333
1299,0.9,21.666666666666664,0.0,45.916666666666664,92.86666666666667,157.54999999999998,43.383333333333326,145.13333333333333,0.0,0.0,241.45,1108.9333333333334,0.0,49.39999999999999,499.75,0.0,0.0,0.0
1300,30.73333333333333,0.0,0.0,25.383333333333333,0.0,0.0,0.0,23.333333333333336,0.0,0.0,116.80000000000001,219.9,12.433333333333334,0.0,2211.2166666666667,1.6,6.5,168.0
1301,58.6,0.0,0.0,12.549999999999999,0.0,0.0,29.700000000000003,113.75,0.0,0.0,25.416666666666664,0.0,26.066666666666666,42.166666666666664,165.46666666666664,3.3666666666666667,65.10000000000001,1058.5500000000002
1302,40.33333333333333,45.15,500.00000000000006,19.533333333333335,45.650000000000006,0.0,5.366666666666666,16.0,0.0,36.050000000000004,59.63333333333333,733.6166666666668,0.0,121.3,40.08333333333333,0.0,0.0,448.83333333333337
1303,21.400000000000002,84.06666666666666,134.54999999999998,46.6,48.13333333333334,0.0,44.03333333333334,66.75,0.0,3.25,158.73333333333335,654.3166666666667,0.0,0.0,1379.9666666666667,0.0,49.8,0.0
1304,9.566666666666666,21.916666666666664,0.0,44.849999999999994,88.5,0.0,21.76666666666667,94.48333333333333,0.0,0.0,27.1,1117.1166666666668,0.0,0.0,0.0,0.0,43.8,633.5
1305,25.03333333333333,31.75,136.85,11.283333333333333,40.25,0.0,0.0,18.333333333333336,0.0,0.0,0.0,292.25,0.0,0.0,763.8,0.0,0.0,0.0
1306,24.45,58.483333333333334,261.8,80.88333333333335,39.86666666666667,216.28333333333333,1.0,80.18333333333334,0.0,0.43333333333333335,100.91666666666667,0.0,0.0,0.0,973.8666666666668,0.0,53.55,245.56666666666666
1307,58.199999999999996,75.0,0.0,32.88333333333333,157.36666666666667,304.16666666666663,0.0,106.33333333333333,64.13333333333334,0.0,0.0,330.2833333333333,0.0,123.6,455.38333333333327,0.0,4.8,648.9
1308,12.8,0.0,0.0,27.849999999999998,121.28333333333333,0.0,24.266666666666666,10.666666666666666,0.0,2.3333333333333335,132.95,0.0,0.0,56.8,281.3,26.483333333333334,103.06666666666666,694.7833333333333
1309,32.3,83.38333333333333,0.0,8.9,105.43333333333334,0.0,56.83333333333333,28.0,9.633333333333333,18.299999999999997,0.0,211.15000000000003,0.0,22.633333333333333,649.2333333333333,0.0,243.56666666666666,198.66666666666669
1310,55.4,0.0,412.8,24.1,76.65,0.0,61.41666666666667,19.716666666666665,0.0,0.0,25.3,0.0,0.0,0.0,1103.8,0.0,0.0,47.25
1311,57.18333333333334,261.21666666666664,49.6,51.31666666666666,53.8,0.0,18.299999999999997,0.0,0.0,0.0,195.56666666666666,1520.8666666666666,9.133333333333333,9.799999999999999,461.4,0.0,31.666666666666664,920.2833333333333
1312,38.28333333333333,0.0,0.0,6.7,177.43333333333334,0.0,84.88333333333334,56.5,0.0,0.0,112.95,965.8666666666667,23.0,0.0,1102.8500000000001,0.0,0.0,609.6833333333334
1313,6.833333333333333,117.8,0.0,14.650000000000002,4.083333333333334,0.0,9.0,23.25,0.0,0.0,0.0,1442.6,0.0,62.333333333333336,306.65,0.0,39.78333333333333,121.91666666666666
1314,26.55,0.0,0.0,60.55,0.0,0.0,33.599999999999994,50.13333333333333,0.0,0.0,44.2,927.4166666666667,25.799999999999997,0.0,192.55,0.0,42.550000000000004,898.7166666666667
1315,0.0,130.1,0.0,81.55000000000001,113.93333333333332,0.0,100.63333333333333,1.2000000000000002,384.6,15.916666666666666,186.71666666666664,0.0,0.0,25.2,209.1,0.0,116.33333333333333,612.4166666666666
1316,10.5,0.0,0.0,0.0,118.39999999999999,95.19999999999999,6.183333333333334,30.799999999999997,0.0,0.0,87.83333333333333,50.13333333333333,0.0,0.0,268.20000000000005,0.0,0.0,398.75
1317,48.016666666666666,174.45,0.0,41.76666666666666,98.9,0.0,35.0,0.0,0.0,0.0,252.26666666666665,1226.2166666666667,0.0,0.0,1714.4666666666667,0.0,36.41666666666667,926.0999999999999
1318,25.03333333333333,58.050000000000004,498.4,78.38333333333333,0.0,0.0,30.233333333333334,39.3,120.60000000000001,19.4,247.68333333333334,463.29999999999995,0.0,8.666666666666668,137.66666666666669,0.0,0.0,21.46666666666667
1319,75.01666666666667,0.0,0.0,52.25,138.06666666666666,0.0,42.35,11.333333333333332,105.83333333333333,0.0,44.25,532.9333333333333,0.0,23.066666666666666,1023.9833333333333,0.0,159.38333333333333,410.40000000000003
1320,0.6333333333333333,122.16666666666666,0.0,25.066666666666666,109.73333333333333,0.0,38.95,96.58333333333333,0.0,0.0,0.0,41.4,0.0,0.0,571.65,0.0,24.616666666666667,0.0
1321,7.683333333333334,82.5,0.0,41.53333333333333,0.0,0.0,13.0,137.86666666666667,401.65,0.0,88.61666666666667,268.53333333333336,0.0,0.0,589.3666666666667,0.0,92.66666666666667,1241.85
1322,49.55,16.8,0.0,4.85,97.5,0.0,33.13333333333333,120.01666666666667,0.0,0.0,19.2,500.1833333333334,0.0,5.75,356.40000000000003,0.0,55.5,235.46666666666667
1323,3.2,28.416666666666668,0.0,4.75,39.6,303.8,0.0,188.0333333333333,0.0,0.0,0.0,765.0,0.0,10.05,74.41666666666667,0.0,31.083333333333336,53.33333333333333
1324,25.366666666666667,144.85,309.03333333333336,23.733333333333334,0.0,52.0,16.6,208.53333333333333,146.25,11.9,76.95,1660.8666666666666,7.2,1.3333333333333333,0.0,12.95,0.0,19.2
1325,64.46666666666667,73.86666666666666,0.0,24.21666666666667,99.88333333333333,0.0,58.766666666666666,116.58333333333333,35.93333333333333,0.0,84.03333333333333,430.16666666666663,21.866666666666667,5.933333333333334,0.0,0.0,7.5,485.0
1326,34.266666666666666,52.1,119.0,56.71666666666667,9.0,0.0,8.049999999999999,0.0,0.0,0.0,0.0,107.5,0.0,0.0,411.66666666666663,0.0,54.63333333333333,563.1500000000001
1327,65.03333333333333,107.36666666666667,0.0,40.416666666666664,30.800000000000004,295.0333333333333,4.583333333333333,0.0,0.0,0.0,35.46666666666667,0.0,0.0,0.0,497.0666666666667,0.0,51.333333333333336,843.8333333333334
1328,91.8,0.0,0.0,22.933333333333334,0.0,511.1166666666666,21.866666666666667,184.3,0.0,25.833333333333336,7.816666666666666,702.2833333333333,15.0,0.0,120.60000000000001,10.4,18.133333333333333,0.0
1329,0.0,0.0,293.55,23.96666666666667,0.0,0.0,2.4000000000000004,0.0,0.0,1.3666666666666667,72.23333333333333,546.2166666666667,0.0,0.0,186.20000000000002,0.0,0.0,297.25
1330,55.733333333333334,150.28333333333333,544.2833333333333,32.66666666666667,23.733333333333334,0.0,39.78333333333333,0.0,0.0,28.4,0.0,511.75,0.0,0.0,175.93333333333334,0.0,6.9,99.0
1331,19.400000000000002,86.48333333333333,0.0,0.0,0.0,0.0,0.0,0.0,518.0,0.0,0.0,968.1833333333334,4.383333333333334,0.0,1124.8999999999999,0.0,76.44999999999999,411.23333333333335
1332,41.31666666666667,110.9,149.6,60.4,28.95,559.65,35.93333333333334,0.0,642.1166666666668,0.0,10.533333333333333,0.0,0.0,75.0,46.66666666666667,0.0,0.0,680.1166666666666
1333,24.333333333333332,0.0,0.0,28.333333333333336,0.0,792.4333333333333,24.333333333333336,22.799999999999997,0.0,0.0,105.45,0.0,0.0,0.0,599.9166666666667,0.0,0.0,546.3
1334,0.0,24.53333333333333,0.0,22.6,67.15,162.9,0.0,30.866666666666667,809.2,0.0,0.0,119.16666666666667,0.0,6.6,724.75,0.0,14.9,296.56666666666666
1335,5.333333333333333,21.81666666666667,0.0,1.3333333333333333,81.46666666666667,0.0,110.46666666666667,47.13333333333333,0.0,0.0,212.76666666666665,457.8833333333333,17.03333333333333,51.61666666666666,170.5,0.0,26.199999999999996,0.0
1336,42.55,9.666666666666666,0.0,10.55,17.733333333333334,0.0,39.58333333333333,61.6,0.0,0.0,0.0,345.06666666666666,0.0,61.733333333333334,131.95,6.883333333333333,0.0,0.0
1337,30.6,24.0,34.8,0.0,244.58333333333331,0.0,12.583333333333332,150.55,472.25,25.6,5.733333333333333,0.0,0.0,0.0,146.05,46.199999999999996,21.0,192.96666666666667
1338,16.133333333333333,51.9,0.0,74.55000000000001,31.65,0.0,11.766666666666666,0.0,0.0,0.0,28.6,961.75,0.0,49.65,80.5,0.0,0.0,855.4666666666667
1339,68.88333333333333,0.0,10.133333333333333,25.700000000000003,76.5,526.85,2.45,36.900000000000006,584.4333333333333,0.0,4.2,311.25,0.0,0.0,1221.2333333333333,0.0,0.0,173.86666666666665
1340,16.166666666666668,130.18333333333334,349.06666666666666,38.016666666666666,166.25,0.0,58.45,14.0,0.0,0.0,119.6,1093.7166666666667,0.0,31.5,358.68333333333334,0.0,0.0,47.03333333333333
1341,106.93333333333334,21.46666666666667,0.0,4.233333333333333,13.6,0.0,19.900000000000002,0.0,0.0,0.0,115.23333333333335,424.3666666666667,0.0,11.899999999999999,65.33333333333333,0.0,0.0,1379.5166666666667
1342,79.28333333333333,35.900000000000006,0.0,17.2,0.0,5.066666666666666,22.0,0.0,0.0,16.45,279.56666666666666,516.0333333333333,0.0,93.5,192.5,0.0,107.66666666666666,295.29999999999995
1343,0.0,8.816666666666666,93.5,81.95,148.33333333333334,0.0,5.5,0.0,0.0,20.0,18.0,253.93333333333337,0.0,0.0,0.0,0.0,62.56666666666666,568.1
1344,40.6,0.0,0.0,47.41666666666667,153.33333333333331,680.4,21.9,0.0,0.0,0.0,42.116666666666674,896.35,0.0,33.733333333333334,858.9833333333333,0.0,46.4,605.0
1345,30.299999999999997,56.66666666666667,0.0,34.96666666666667,0.0,237.60000000000002,7.85,0.0,0.0,0.0,238.14999999999998,457.2,0.0,63.05,898.1833333333333,0.0,48.633333333333326,543.9
1346,44.81666666666666,0.0,0.0,7.466666666666667,35.699999999999996,536.75,28.666666666666668,40.083333333333336,0.0,0.0,35.56666666666667,548.8333333333334,0.0,0.0,846.9333333333334,0.0,0.0,449.43333333333334
1347,0.0,70.58333333333334,0.0,10.8,0.0,0.0,10.25,48.8,0.0,0.0,47.81666666666666,491.4,0.0,173.01666666666665,286.26666666666665,0.0,0.0,582.6
1348,23.21666666666667,0.0,0.0,8.566666666666666,33.56666666666666,0.0,72.31666666666666,0.0,0.0,0.0,95.0,436.0,0.6333333333333333,61.199999999999996,20.966666666666665,0.0,0.0,992.5833333333333
1349,44.71666666666667,13.5,0.0,0.0,158.54999999999998,0.0,27.133333333333333,0.0,0.0,0.0,9.9,0.0,0.0,138.93333333333334,743.3,0.0,0.0,0.0
1350,58.8,88.2,0.0,59.9,0.0,125.65,0.0,70.13333333333333,63.916666666666664,36.050000000000004,96.0,1313.4166666666667,0.0,0.0,303.2833333333333,0.0,0.0,768.4833333333333
1351,61.56666666666666,30.233333333333334,0.0,17.4,0.0,0.0,42.51666666666667,0.0,0.0,14.8,0.0,392.15,0.0,0.0,504.9,0.0,4.95,321.5
1352,74.01666666666667,19.433333333333334,86.13333333333333,11.333333333333334,141.46666666666667,0.0,74.23333333333333,79.19999999999999,0.0,0.0,75.05,156.66666666666666,0.0,26.0,743.2833333333333,0.0,0.0,0.0
1353,95.95,99.5,211.41666666666669,37.75000000000001,99.13333333333333,70.5,9.666666666666666,35.266666666666666,0.0,2.0999999999999996,156.38333333333333,259.21666666666664,0.0,0.0,142.08333333333331,33.5,0.0,471.3
1354,7.866666666666666,137.61666666666667,0.0,28.466666666666665,126.30000000000001,0.0,19.933333333333334,136.2,0.0,0.0,45.3,608.5333333333333,0.0,0.0,1017.7666666666667,0.0,64.33333333333334,239.31666666666666
1355,34.88333333333333,22.6,0.0,19.866666666666667,70.69999999999999,0.0,5.866666666666666,26.46666666666667,0.0,0.0,183.61666666666667,94.6,0.0,0.0,868.0,0.0,0.0,1230.6833333333334
1356,3.416666666666667,56.3,0.0,12.483333333333334,34.1,0.0,34.21666666666667,0.0,69.23333333333333,29.866666666666667,60.266666666666666,1455.3999999999999,35.58333333333333,0.0,613.0,0.0,13.333333333333334,169.64999999999998
1357,92.91666666666667,90.85000000000001,0.0,11.25,155.56666666666666,180.16666666666666,8.016666666666666,0.0,0.0,0.0,165.5,717.05,25.416666666666664,0.0,576.6,0.0,85.36666666666666,666.3166666666666
1358,22.5,3.0,0.0,53.150000000000006,145.28333333333333,1288.5666666666666,16.866666666666667,129.66666666666666,0.0,0.0,0.0,103.56666666666666,8.266666666666667,0.0,322.1333333333333,0.0,93.10000000000001,136.4
1359,6.1,40.266666666666666,0.0,33.3,72.1,236.13333333333333,88.66666666666667,0.0,0.0,0.0,97.5,1931.8666666666668,0.0,0.0,220.86666666666667,0.0,0.0,19.2
1360,19.583333333333336,8.25,0.0,0.3333333333333333,23.8,0.0,77.39999999999999,50.416666666666664,0.0,36.900000000000006,213.81666666666666,532.0,0.0,10.833333333333332,315.5833333333333,0.0,0.0,550.0
1361,19.9,79.56666666666666,78.86666666666667,32.95,138.66666666666669,0.0,0.0,82.95,0.0,0.0,0.0,869.7666666666668,0.0,133.39999999999998,480.53333333333336,0.0,0.0,349.08333333333337
1362,57.56666666666666,0.0,0.0,29.866666666666667,29.0,0.0,37.38333333333333,122.64999999999999,750.5,0.0,74.58333333333333,128.98333333333332,7.166666666666667,28.933333333333334,758.3333333333334,0.0,0.0,0.0
1363,21.299999999999997,156.68333333333334,0.0,27.599999999999998,114.03333333333333,27.416666666666668,45.9,0.0,0.0,0.0,12.0,447.3,11.85,0.0,731.0833333333333,6.866666666666666,122.2,504.0
1364,11.9,139.06666666666666,171.13333333333333,9.0,110.76666666666668,269.75,11.133333333333333,0.0,0.0,0.0,15.0,239.58333333333331,25.733333333333334,0.0,271.0,0.0,0.0,220.99999999999997
1365,19.566666666666666,40.4,0.0,37.333333333333336,45.3,0.0,7.8999999999999995,0.0,0.0,0.0,7.800000000000001,373.65000000000003,0.0,0.0,28.799999999999997,0.0,45.733333333333334,686.6833333333334
1366,42.56666666666667,0.0,54.449999999999996,24.849999999999998,138.23333333333332,0.0,42.11666666666667,0.0,0.0,0.0,117.96666666666665,140.88333333333335,0.0,0.0,70.0,0.0,57.06666666666666,2036.6833333333334
1367,63.45,38.13333333333333,294.5,33.5,0.0,0.0,54.300000000000004,0.0,0.0,0.0,46.5,595.5500000000001,0.0,0.0,112.35,0.0,0.0,459.1333333333333
1368,28.333333333333332,50.233333333333334,0.0,16.5,42.56666666666667,222.2,0.0,43.63333333333333,0.0,15.5,0.0,473.73333333333335,0.0,0.0,670.3833333333333,0.0,134.11666666666667,908.9666666666667
1369,4.35,34.766666666666666,32.9,91.81666666666666,0.0,854.1333333333333,46.38333333333333,15.500000000000002,0.0,24.333333333333332,100.6,76.0,18.966666666666665,19.8,1221.5,0.0,0.0,0.0
1370,8.333333333333334,0.0,0.0,42.96666666666667,251.7333333333333,252.45,37.733333333333334,24.933333333333334,0.0,0.0,0.0,1031.8,0.0,84.86666666666667,1150.9499999999998,0.0,30.833333333333336,289.05
1371,43.13333333333333,0.0,0.0,4.933333333333334,183.23333333333335,383.76666666666665,9.3,78.23333333333333,0.0,0.0,0.0,1269.3166666666666,0.0,0.0,463.31666666666666,0.0,82.58333333333333,59.733333333333334
1372,53.516666666666666,0.0,201.16666666666666,72.76666666666667,0.0,0.0,16.916666666666668,111.93333333333334,0.0,0.0,237.86666666666667,1549.6,0.0,72.2,199.4,2.5666666666666664,0.0,490.0
1373,22.283333333333335,0.0,0.0,20.733333333333334,0.0,0.0,39.2,0.0,0.0,0.0,46.9,1199.4,0.0,0.0,275.7333333333333,0.0,41.25,0.0
1374,24.666666666666664,4.433333333333334,0.0,38.733333333333334,62.43333333333333,34.53333333333333,19.7,39.06666666666667,0.0,0.0,22.166666666666668,114.66666666666667,0.0,0.0,1375.8000000000002,0.0,0.0,548.55
1375,0.0,44.666666666666664,523.6,13.7,140.15,0.0,1.4000000000000001,16.416666666666664,281.2,0.0,0.0,290.41666666666663,0.0,109.63333333333334,447.2,0.0,0.0,825.0666666666667
1376,26.300000000000004,17.5,0.0,79.43333333333334,52.88333333333333,0.0,0.0,134.31666666666666,0.0,44.33333333333333,0.0,284.90000000000003,61.900000000000006,72.3,610.5333333333334,0.0,0.0,0.0
1377,32.4,142.0,308.33333333333337,61.21666666666667,49.4,848.4333333333333,26.833333333333336,98.35000000000001,0.0,0.0,107.0,438.8166666666667,0.0,53.88333333333334,388.5,0.0,0.0,784.2333333333333
1378,57.65,84.46666666666667,0.0,28.883333333333333,0.0,374.93333333333334,27.8,42.7,518.4666666666666,0.0,110.95,63.35,0.0,97.99999999999999,582.7833333333334,0.0,157.89999999999998,0.0
1379,28.18333333333333,0.0,75.60000000000001,44.35,74.06666666666666,107.66666666666666,25.75,0.0,0.0,24.833333333333336,44.85,789.0833333333333,10.966666666666667,57.0,179.2,30.083333333333332,19.533333333333335,674.45
1380,10.916666666666666,0.0,0.0,12.349999999999998,11.333333333333332,0.0,10.25,307.45,0.0,0.0,7.733333333333333,501.59999999999997,0.0,0.0,0.0,0.0,0.0,123.66666666666666
1381,50.88333333333333,30.799999999999997,574.5333333333334,32.86666666666667,270.98333333333335,0.0,121.46666666666667,0.0,0.0,0.0,0.0,624.4166666666666,33.96666666666667,34.61666666666667,248.36666666666667,0.0,20.016666666666666,396.1
1382,33.55,49.333333333333336,0.0,37.949999999999996,40.483333333333334,0.0,0.0,5.916666666666667,12.5,4.75,0.0,268.4166666666667,16.733333333333334,0.0,411.79999999999995,20.133333333333333,67.85000000000001,389.4166666666667
1383,0.0,18.516666666666666,464.59999999999997,30.666666666666668,14.55,0.0,60.61666666666667,0.0,547.2,0.0,0.0,334.35,15.149999999999999,33.4,182.66666666666669,0.0,0.0,611.7
1384,44.91666666666667,31.7,0.0,18.083333333333336,8.55,469.46666666666664,0.0,8.933333333333334,66.15,0.0,40.13333333333333,1022.1,0.0,0.0,813.35,0.0,154.51666666666665,721.2666666666668
1385,93.28333333333333,30.133333333333333,0.0,25.333333333333332,60.800000000000004,0.0,0.0,7.0,0.0,0.0,0.0,1327.9333333333334,10.15,208.48333333333332,230.35,0.0,0.0,0.0
1386,43.25,47.83333333333333,128.03333333333333,20.166666666666664,27.200000000000003,0.0,0.0,0.0,0.0,0.0,173.5,676.0,0.0,135.96666666666667,80.98333333333333,0.0,0.0,688.2666666666667
1387,0.0,55.550000000000004,35.7,25.900000000000002,32.06666666666667,330.40000000000003,1.85,91.06666666666666,0.0,0.0,30.400000000000002,560.6166666666667,0.0,0.0,260.58333333333337,0.0,0.0,212.33333333333334
1388,69.03333333333333,0.0,29.18333333333333,17.116666666666667,126.15,0.0,12.983333333333333,0.0,313.2,0.0,82.33333333333333,0.0,0.0,105.13333333333333,0.0,0.0,143.06666666666666,256.43333333333334
1389,28.633333333333333,58.46666666666666,461.0,70.26666666666667,109.28333333333333,0.0,33.56666666666667,17.5,0.0,0.0,25.5,758.8499999999999,0.0,0.0,0.0,0.0,0.0,477.09999999999997
1390,62.016666666666666,78.1,142.08333333333334,34.3,43.05,0.0,0.0,103.0,481.95,0.0,262.81666666666666,378.3333333333333,0.0,0.0,32.93333333333333,0.0,0.0,839.7166666666667
1391,32.1,100.43333333333332,0.0,28.75,18.299999999999997,0.0,9.266666666666667,19.683333333333334,0.0,0.0,32.333333333333336,407.75,0.0,73.73333333333333,29.7,0.0,13.6,154.8
1392,18.400000000000002,173.95,0.0,55.599999999999994,51.150000000000006,0.0,40.5,0.0,0.0,0.0,18.849999999999998,238.8,0.0,0.0,432.1666666666667,0.0,23.8,789.3666666666666
1393,18.78333333333333,278.8833333333333,0.0,38.78333333333333,174.0333333333333,0.0,74.73333333333333,37.800000000000004,0.0,0.0,0.0,281.23333333333335,0.0,45.4,1002.45,0.0,11.333333333333332,298.93333333333334
1394,45.55,84.86666666666667,0.0,12.0,0.0,0.0,42.7,35.0,0.0,0.0,210.56666666666666,159.29999999999998,0.0,0.0,42.5,0.0,0.0,183.33333333333334
1395,0.0,14.399999999999999,0.0,83.0,50.55,0.0,38.5,0.0,0.0,0.0,76.8,1050.9,0.0,36.9,1162.5833333333335,10.85,35.11666666666667,288.0
1396,30.299999999999997,38.733333333333334,0.0,0.0,0.0,0.0,29.21666666666667,0.0,0.0,0.0,25.650000000000002,47.31666666666666,0.0,0.0,1068.5,0.0,37.4,144.3
1397,28.75,5.6000000000000005,363.83333333333337,0.0,0.0,0.0,35.800000000000004,31.2,0.0,0.0,53.7,1004.15,0.0,86.75,13.799999999999999,0.0,77.4,0.0
1398,28.016666666666666,92.93333333333334,0.0,23.266666666666666,64.89999999999999,0.0,32.21666666666667,5.6,0.0,0.9,36.75,1212.3166666666666,0.0,0.0,1008.2666666666667,0.0,18.2,11.333333333333332
1399,35.63333333333333,37.56666666666666,0.0,21.483333333333334,37.68333333333334,0.0,19.133333333333333,65.4,0.0,0.0,102.9,1479.8833333333332,15.933333333333334,9.5,575.7333333333333,0.0,0.0,785.5999999999999
1400,0.0,72.11666666666667,205.5,0.0,48.53333333333333,0.0,0.0,82.64999999999999,0.0,0.0,0.0,195.46666666666664,0.0,0.0,0.0,0.0,14.116666666666667,271.6
1401,32.55,15.983333333333333,426.40000000000003,15.666666666666668,20.266666666666666,0.0,9.033333333333333,10.15,0.0,0.0,70.61666666666667,0.0,0.0,32.2,270.40000000000003,12.033333333333333,0.0,388.40000000000003
1402,66.18333333333334,10.4,0.0,4.533333333333333,0.0,0.0,8.083333333333334,184.76666666666665,104.26666666666668,18.78333333333333,0.0,342.65000000000003,31.299999999999997,2.8000000000000003,210.6,0.0,45.28333333333333,486.40000000000003
1403,6.166666666666668,0.0,493.9833333333333,36.516666666666666,0.0,0.0,54.699999999999996,0.0,23.28333333333333,1.7,115.01666666666667,319.5833333333333,0.0,68.26666666666667,0.0,0.0,0.0,354.6666666666667
1404,13.849999999999998,48.016666666666666,0.0,1.6166666666666667,0.0,177.38333333333333,46.05,55.28333333333333,0.0,0.0,109.55,1100.2166666666667,16.4,71.13333333333334,80.25,0.0,0.0,709.8666666666666
1405,16.083333333333332,95.13333333333333,0.0,5.4,0.0,0.0,38.8,144.1,0.0,0.0,0.0,781.6,41.06666666666666,15.833333333333332,0.0,0.0,0.0,770.9
1406,14.783333333333333,0.0,0.0,88.81666666666668,49.5,327.83333333333337,0.0,34.46666666666667,0.0,0.0,91.0,329.1666666666667,0.0,69.11666666666666,324.0166666666667,0.0,45.98333333333333,427.34999999999997
1407,3.5,13.333333333333334,0.0,1.3333333333333333,49.050000000000004,0.0,62.2,0.0,218.39999999999998,0.0,90.3,343.6,0.0,0.0,0.0,0.0,0.0,465.95
1408,58.233333333333334,15.333333333333334,377.0,102.06666666666666,0.0,0.0,61.96666666666667,4.583333333333334,0.0,0.0,120.13333333333333,0.0,23.466666666666665,0.0,0.0,0.0,26.0,54.266666666666666
1409,29.716666666666665,19.6,0.0,9.0,58.900000000000006,181.21666666666664,57.66666666666667,0.0,132.0,0.0,0.0,445.75000000000006,0.0,119.76666666666667,0.0,0.0,91.03333333333335,752.6
1410,94.91666666666667,86.75,0.0,55.016666666666666,124.16666666666666,162.61666666666667,8.5,207.8,0.0,0.0,132.9,583.0500000000001,0.0,41.016666666666666,291.3333333333333,0.0,0.0,214.0
1411,80.83333333333334,0.0,0.0,16.233333333333334,129.48333333333335,506.29999999999995,20.866666666666667,0.0,0.0,0.0,96.55,399.3,0.0,43.75,46.583333333333336,0.0,151.54999999999998,163.2
1412,82.91666666666667,13.166666666666666,0.0,0.0,0.0,0.0,31.666666666666664,69.76666666666667,0.0,0.0,130.31666666666666,639.5166666666667,0.0,95.0,613.35,0.0,100.58333333333334,195.61666666666667
1413,30.666666666666668,64.5,0.0,27.900000000000002,0.0,0.0,31.333333333333332,8.0,0.0,0.0,44.099999999999994,122.66666666666666,0.0,111.20000000000002,153.45,0.0,0.0,937.3
1414,55.133333333333326,34.18333333333334,304.7,18.566666666666666,80.56666666666666,59.98333333333333,0.0,70.23333333333333,0.0,16.3,0.0,883.3333333333333,6.65,2.6666666666666665,57.16666666666667,0.0,50.56666666666666,1316.5333333333333
1415,29.916666666666668,0.0,0.0,1.8333333333333333,51.766666666666666,183.58333333333331,26.549999999999997,10.083333333333332,135.0,0.0,0.0,233.68333333333334,0.0,0.0,0.0,0.0,0.0,0.0
1416,33.3,37.916666666666664,659.5166666666667,10.466666666666667,67.06666666666666,0.0,24.283333333333335,0.0,0.0,0.0,95.7,142.21666666666667,0.0,81.89999999999999,675.25,13.933333333333334,45.06666666666667,0.0
1417,38.86666666666666,0.0,0.0,5.5,140.68333333333334,232.40000000000003,0.0,0.0,0.0,0.0,0.0,607.9666666666667,0.0,27.733333333333334,0.0,0.0,0.0,499.81666666666666
1418,14.2,110.7,359.71666666666664,77.65,86.2,130.5,8.1,129.31666666666666,656.1999999999999,1.4666666666666666,151.5,61.766666666666666,0.0,149.88333333333333,672.3166666666666,0.0,0.0,272.6666666666667
1419,81.81666666666666,135.25,0.0,85.88333333333333,42.86666666666667,0.0,3.1666666666666665,0.0,0.0,0.0,0.0,193.78333333333333,36.4,0.0,131.25,0.0,4.866666666666666,905.8666666666667
1420,36.38333333333333,0.0,328.6333333333333,11.766666666666667,11.6,0.0,4.566666666666666,57.28333333333333,0.0,0.0,74.4,533.7166666666667,0.0,0.0,0.0,0.0,48.96666666666667,250.16666666666666
1421,42.78333333333334,19.616666666666667,0.0,56.66666666666667,0.0,0.0,39.05,15.3,0.0,0.0,0.0,1009.8833333333333,0.0,64.83333333333333,168.53333333333333,4.166666666666666,62.11666666666666,85.38333333333333
1422,14.933333333333334,64.66666666666667,0.0,33.6,294.45,451.73333333333335,43.38333333333333,24.533333333333335,0.0,0.0,48.666666666666664,0.0,0.0,0.0,275.33333333333337,5.9,47.333333333333336,0.0
1423,10.966666666666667,111.66666666666667,524.9333333333334,19.666666666666668,0.0,0.0,45.38333333333333,0.0,0.0,0.0,103.86666666666667,1077.7666666666667,6.9,0.0,28.0,0.0,67.58333333333333,273.3666666666667
1424,37.68333333333333,0.0,0.0,94.81666666666666,6.1,0.0,5.366666666666667,177.51666666666665,0.0,17.45,0.0,596.7,0.0,0.0,588.9333333333334,0.0,0.0,66.60000000000001
1425,13.333333333333334,161.73333333333332,0.0,15.649999999999999,0.0,475.0,11.1,0.0,44.2,0.0,71.26666666666667,450.99999999999994,0.0,0.0,714.3,0.0,0.0,409.8666666666667
1426,10.083333333333334,318.93333333333334,0.0,3.9,55.36666666666667,0.0,43.05,15.833333333333332,0.0,0.0,99.66666666666666,247.10000000000002,0.0,19.866666666666667,790.3166666666666,7.9,51.7,899.8166666666666
1427,27.883333333333333,0.0,0.0,52.18333333333333,163.98333333333335,0.0,0.0,0.0,0.0,0.0,0.0,1011.95,0.0,29.5,0.0,3.85,0.0,1290.0333333333333
1428,9.833333333333332,0.0,0.0,16.583333333333336,0.0,117.0,12.0,0.0,0.0,2.4166666666666665,0.0,527.9833333333333,0.0,0.0,337.43333333333334,0.0,127.6,372.75
1429,36.06666666666666,57.63333333333334,0.0,0.0,39.53333333333333,0.0,52.2,0.0,12.833333333333332,1.8333333333333333,2.55,61.33333333333333,0.0,130.20000000000002,83.33333333333334,0.0,33.599999999999994,0.0
1430,30.783333333333335,154.93333333333334,0.0,28.233333333333334,0.0,0.0,0.0,0.0,0.0,0.0,120.26666666666667,556.8333333333333,0.0,0.0,703.3833333333334,0.0,133.46666666666667,0.0
1431,7.466666666666667,0.0,43.733333333333334,103.41666666666667,64.85,0.0,0.0,0.0,0.0,0.0,0.0,1084.2666666666667,25.733333333333334,19.333333333333332,437.4,16.266666666666666,78.21666666666667,343.9
1432,0.0,46.46666666666667,0.0,51.4,0.0,0.0,83.85,0.0,0.0,0.0,10.383333333333333,587.1,0.0,54.4,782.6333333333333,4.3999999999999995,18.2,589.0500000000001
1433,1.2000000000000002,66.75,19.633333333333336,39.599999999999994,29.666666666666668,0.0,32.400000000000006,18.533333333333335,0.0,0.0,39.3,1916.9666666666667,0.0,0.0,96.2,1.1833333333333333,54.266666666666666,659.7333333333333
1434,51.7,225.31666666666666,185.5,8.35,45.15,0.0,43.766666666666666,102.4,0.0,0.0,49.56666666666667,256.0,7.3500000000000005,0.0,0.0,0.0,0.0,0.0
1435,64.93333333333334,127.08333333333333,0.0,27.2,17.066666666666666,0.0,3.55,0.0,0.0,0.0,71.4,230.53333333333333,0.0,0.0,373.75,0.0,0.0,0.0
1436,11.683333333333334,112.16666666666666,0.0,20.416666666666664,0.0,0.0,42.81666666666666,176.85000000000002,174.96666666666667,0.0,0.0,184.86666666666667,0.0,0.0,855.1333333333333,0.0,0.0,539.2333333333333
1437,15.0,122.33333333333333,0.0,10.0,214.93333333333334,0.0,44.71666666666667,12.6,0.0,0.0,164.56666666666666,0.0,0.0,29.0,293.25,0.0,0.0,466.6666666666667
1438,60.733333333333334,198.0,0.0,31.15,0.0,0.0,19.966666666666665,0.0,557.1833333333333,0.0,0.0,267.2,0.0,0.0,359.31666666666666,0.0,0.0,447.66666666666663
1439,80.06666666666666,16.833333333333332,0.0,19.083333333333336,0.0,0.0,15.35,128.76666666666665,0.0,0.0,0.0,220.91666666666666,0.0,13.616666666666667,1430.5333333333333,0.0,0.0,87.6
1440,32.21666666666667,0.0,0.0,37.0,44.25,0.0,1.9333333333333333,144.9,693.7166666666667,0.0,22.5,376.75,0.0,0.0,619.3,0.0,60.666666666666664,170.9
1441,29.833333333333332,136.58333333333331,200.66666666666666,25.466666666666665,265.8,0.0,0.0,152.2166666666667,0.0,0.0,105.53333333333333,720.5333333333333,13.0,0.0,665.0,0.0,0.0,0.0
1442,0.0,23.400000000000002,506.66666666666663,0.0,54.2,0.0,19.016666666666666,0.0,0.0,0.0,57.53333333333333,873.3333333333334,5.483333333333333,28.950000000000003,0.0,0.0,0.0,821.6
1443,17.133333333333333,43.71666666666666,0.0,0.0,0.0,0.0,38.166666666666664,277.2833333333333,203.4,0.0,0.0,1311.7333333333333,31.266666666666666,0.0,398.76666666666665,0.0,0.0,0.0
1444,8.4,0.0,0.0,23.366666666666667,150.95,0.0,69.91666666666667,189.83333333333334,0.0,0.0,0.0,895.5333333333333,0.0,39.9,288.2,35.03333333333333,0.0,517.4166666666667
1445,40.93333333333334,0.0,515.2666666666667,34.38333333333333,58.0,66.3,0.0,11.066666666666666,0.0,0.0,0.0,993.9666666666667,0.0,0.6666666666666666,437.3833333333333,0.0,0.0,362.56666666666666
1446,113.83333333333334,121.88333333333333,0.0,14.4,112.91666666666667,0.0,6.866666666666667,1.1666666666666665,0.0,0.0,135.23333333333335,534.25,0.0,32.0,376.25,0.0,0.0,0.0
1447,75.08333333333333,34.5,0.0,33.13333333333333,0.0,0.0,1.75,51.8,0.0,0.0,0.0,256.71666666666664,0.0,0.0,0.0,0.0,66.0,0.0
1448,72.98333333333333,23.75,0.0,0.0,39.0,0.0,0.0,83.4,0.0,0.0,0.0,754.1,0.0,174.63333333333333,0.0,0.0,28.25,192.0
1449,57.400000000000006,0.0,0.0,66.28333333333333,88.96666666666667,184.18333333333334,7.0,311.93333333333334,404.55,0.0,143.41666666666666,955.2,0.0,0.0,1238.0666666666666,0.0,0.0,194.66666666666666
1450,14.649999999999999,47.3,543.55,30.06666666666667,11.733333333333333,0.0,15.866666666666667,0.0,301.76666666666665,0.0,65.4,126.0,0.0,0.0,0.0,0.0,0.0,529.2166666666667
1451,0.0,0.0,0.0,15.65,131.0,0.0,22.283333333333335,0.0,0.0,20.333333333333332,107.66666666666666,312.31666666666666,0.0,20.93333333333333,513.0666666666667,0.0,13.6,178.60000000000002
1452,48.599999999999994,100.81666666666666,513.05,29.266666666666666,40.516666666666666,194.26666666666665,0.0,0.0,0.0,0.0,203.65,897.0,0.0,23.7,0.0,0.0,60.900000000000006,0.0
1453,18.55,147.48333333333335,0.0,37.0,189.1,0.0,43.0,0.0,0.0,0.0,0.0,134.60000000000002,0.0,52.83333333333333,107.1,0.0,75.06666666666666,24.6
1454,0.0,63.78333333333333,0.0,32.53333333333333,43.900000000000006,0.0,0.0,0.0,0.0,0.0,16.0,1158.1833333333334,34.55,62.5,1196.1833333333334,0.0,0.0,434.46666666666664
1455,0.0,39.03333333333333,50.96666666666667,66.68333333333334,26.583333333333332,350.4,5.216666666666667,95.25,0.0,32.5,2.9,382.95,0.0,0.0,292.5,0.0,0.0,0.0
1456,41.18333333333333,120.5,0.0,0.0,50.5,0.0,17.05,23.76666666666667,0.0,0.0,3.7333333333333334,978.1666666666667,0.0,0.0,237.86666666666665,0.0,56.2,319.95
1457,32.61666666666667,0.0,0.0,30.583333333333336,103.8,0.0,62.0,111.36666666666667,512.3333333333333,0.0,126.63333333333334,795.4166666666666,0.0,0.0,1032.0166666666667,0.0,8.233333333333334,0.0
1458,35.71666666666667,110.9,625.5666666666667,39.75,0.0,482.4,125.41666666666666,79.36666666666667,0.0,0.0,0.0,0.0,0.0,88.23333333333332,91.51666666666667,31.0,0.0,299.25
1459,48.93333333333334,142.25,0.0,28.183333333333337,222.2166666666667,0.0,43.7,0.0,0.0,25.799999999999997,0.0,282.66666666666663,0.0,217.38333333333333,0.0,0.0,0.0,0.0
1460,18.666666666666664,39.21666666666667,334.43333333333334,28.233333333333334,180.13333333333333,200.0,12.4,5.6,0.0,0.0,25.083333333333336,126.85000000000001,0.0,39.016666666666666,189.2,0.0,165.66666666666666,176.33333333333334
1461,44.15,0.0,0.0,0.0,82.21666666666667,0.0,17.333333333333336,19.6,219.29999999999998,0.0,28.05,0.0,0.0,0.0,747.4333333333333,0.0,34.5,332.15
1462,3.9,33.2,32.53333333333333,21.383333333333333,62.333333333333336,0.0,26.9,71.5,0.0,0.0,56.199999999999996,35.0,0.0,0.0,160.65,14.333333333333334,50.13333333333333,489.06666666666666
1463,0.0,142.23333333333332,670.2833333333333,0.0,0.0,0.0,12.466666666666667,86.83333333333334,177.73333333333335,13.25,0.0,1217.8666666666668,0.0,0.0,374.00000000000006,0.0,0.0,577.35
1464,48.83333333333333,84.8,0.0,1.9833333333333334,141.88333333333333,185.25,0.0,22.0,0.0,0.0,10.616666666666667,551.5833333333334,16.583333333333336,44.449999999999996,97.65,0.0,0.0,196.55
1465,37.53333333333333,19.433333333333334,0.0,125.4,116.36666666666667,0.0,23.333333333333332,26.95,0.0,0.0,0.0,0.0,0.0,30.916666666666668,867.7,0.0,28.0,121.93333333333335
1466,9.333333333333332,179.98333333333332,0.0,37.86666666666667,202.45000000000002,361.8,0.0,36.5,67.36666666666666,0.0,110.2,130.66666666666666,6.733333333333333,0.0,493.26666666666665,0.0,74.4,305.43333333333334
1467,11.8,0.0,455.3,72.3,96.0,0.0,0.0,0.0,115.0,0.0,57.6,1697.1333333333332,0.0,19.416666666666668,181.33333333333331,1.5500000000000003,20.0,225.5
1468,16.933333333333334,110.43333333333334,189.0,0.0,6.9,117.15,0.0,0.0,0.0,8.35,0.0,1033.7666666666667,0.0,94.41666666666667,883.7,0.0,63.43333333333333,0.0
1469,43.666666666666664,0.0,0.0,46.83333333333333,185.73333333333335,0.0,66.25,16.5,0.0,0.0,145.75,955.4666666666667,8.399999999999999,0.0,472.49999999999994,0.0,54.849999999999994,483.79999999999995
1470,21.266666666666666,0.0,364.5,3.25,0.0,128.0,37.96666666666667,0.0,0.0,0.0,134.26666666666668,199.26666666666665,0.0,102.73333333333333,898.7666666666667,2.066666666666667,0.0,224.66666666666666
1471,35.0,4.9,0.0,24.583333333333336,88.75,0.0,13.333333333333334,122.43333333333334,0.0,0.0,0.0,291.2,0.0,19.466666666666665,949.2166666666667,0.0,0.0,1125.1333333333332
1472,88.86666666666666,4.333333333333334,0.0,78.95,43.199999999999996,0.0,0.0,35.66666666666667,0.0,0.0,82.25,706.7,0.0,134.8,178.8,0.0,114.15,420.21666666666664
1473,19.78333333333333,72.83333333333333,20.416666666666668,0.0,29.033333333333335,178.26666666666665,0.0,56.66666666666667,0.0,1.7166666666666666,25.349999999999998,342.34999999999997,0.0,0.0,1109.4666666666667,0.0,20.5,0.0
1474,4.85,30.5,567.0,50.85,0.0,0.0,55.6,0.0,0.0,20.016666666666666,155.11666666666667,893.6999999999999,26.400000000000002,0.0,0.0,0.0,160.5,840.05
1475,39.083333333333336,87.54999999999998,0.0,16.583333333333332,32.7,0.0,8.166666666666668,76.9,0.0,34.2,46.3,1011.7166666666667,0.0,0.0,93.68333333333332,0.0,0.0,0.0
1476,127.71666666666667,0.0,0.0,21.533333333333335,240.25,0.0,97.30000000000001,176.10000000000002,372.0833333333333,0.0,137.76666666666665,654.2166666666666,6.166666666666667,157.31666666666666,875.2166666666667,0.0,140.63333333333333,40.0
1477,85.53333333333333,146.05,0.0,13.233333333333333,0.0,772.0,6.5,8.833333333333332,9.9,0.0,140.6,1221.7666666666667,0.0,42.46666666666667,423.0,0.0,0.0,0.0
1478,23.233333333333334,0.0,0.0,81.38333333333334,0.0,0.0,9.4,18.833333333333332,0.0,0.0,84.28333333333333,0.0,0.0,94.66666666666667,439.34999999999997,0.0,0.0,604.1999999999999
1479,15.816666666666666,39.26666666666667,280.55,15.5,0.0,0.0,95.51666666666667,130.20000000000002,0.0,0.0,0.0,165.73333333333335,0.0,44.18333333333334,241.51666666666665,0.0,0.0,46.400000000000006
1480,49.083333333333336,0.0,0.0,88.81666666666668,62.65,208.25,11.399999999999999,63.199999999999996,0.0,0.0,96.1,0.0,0.0,62.68333333333333,0.0,0.0,191.46666666666667,11.733333333333333
1481,22.033333333333335,56.099999999999994,335.26666666666665,16.916666666666668,13.799999999999999,0.0,21.483333333333334,0.0,185.36666666666667,0.0,14.166666666666668,1396.5166666666667,22.25,13.75,0.0,0.0,95.2,732.5833333333333
1482,40.75,64.83333333333333,117.78333333333333,0.0,0.0,0.0,14.283333333333335,234.25,0.0,0.0,41.7,926.2,0.0,131.1,0.0,0.0,19.71666666666667,914.7166666666667
1483,19.933333333333334,32.08333333333333,232.96666666666667,23.03333333333333,196.53333333333336,0.0,28.833333333333336,103.45,0.0,0.0,164.96666666666667,967.1833333333334,0.0,17.05,376.83333333333337,0.0,7.1,57.6
1484,58.71666666666667,119.43333333333334,0.0,18.783333333333335,40.0,0.0,42.483333333333334,82.63333333333333,0.0,6.7,0.0,1085.8166666666666,33.6,105.06666666666666,129.5,0.0,33.0,537.4833333333333
1485,19.133333333333333,66.1,0.0,41.05,0.0,0.0,22.549999999999997,101.96666666666665,116.53333333333335,0.0,18.133333333333333,410.0,0.0,0.0,155.03333333333333,0.0,0.0,0.0
1486,63.733333333333334,64.16666666666666,0.0,66.71666666666667,0.0,0.0,0.0,0.0,718.9333333333334,0.0,109.1,0.0,0.0,0.0,111.60000000000001,22.066666666666666,0.0,642.2
1487,38.0,13.666666666666668,217.79999999999998,24.733333333333334,237.18333333333334,0.0,18.666666666666668,60.08333333333333,0.0,0.0,6.066666666666666,342.8333333333333,0.0,35.550000000000004,655.2666666666667,4.6,27.0,478.3666666666667
1488,55.266666666666666,63.93333333333333,34.5,0.0,35.86666666666667,0.0,21.716666666666665,0.0,76.05000000000001,1.6666666666666665,27.75,1247.3333333333333,0.0,178.58333333333334,0.0,0.0,31.95,419.78333333333336
1489,67.39999999999999,0.0,0.0,17.85,71.08333333333333,0.0,0.0,0.0,0.0,0.0,25.5,2097.166666666667,16.3,112.8,160.73333333333335,0.0,68.71666666666667,205.0
1490,80.3,215.5,0.0,2.916666666666667,128.8,167.89999999999998,11.466666666666667,55.199999999999996,181.86666666666667,0.0,48.06666666666666,111.14999999999999,0.0,0.0,550.8,16.7,223.6833333333333,0.0
1491,8.633333333333333,68.08333333333334,0.0,51.15,175.95000000000002,0.0,9.966666666666667,34.25,0.0,0.0,0.0,234.85,0.0,105.68333333333334,274.4,0.0,0.0,224.81666666666666
1492,41.85,190.33333333333331,0.0,0.0,57.86666666666667,0.0,2.566666666666667,245.98333333333335,289.58333333333337,0.0,150.91666666666669,2182.5666666666666,0.0,57.0,0.0,0.0,0.0,531.5166666666667
1493,58.41666666666667,100.48333333333333,0.0,12.1,44.71666666666667,0.0,5.3,98.15,0.0,0.7333333333333333,0.0,358.9666666666667,0.0,0.0,374.6333333333333,0.0,7.466666666666667,835.7833333333333
1494,26.633333333333333,52.666666666666664,0.0,9.366666666666667,97.96666666666665,0.0,45.9,40.65,0.0,0.0,132.26666666666668,19.366666666666667,0.0,0.0,251.36666666666667,0.0,29.4,52.983333333333334
1495,60.3,76.68333333333334,0.0,8.733333333333333,110.8,0.0,34.400000000000006,0.0,0.0,0.0,0.0,1092.9833333333333,13.833333333333332,0.0,61.25000000000001,44.21666666666667,3.4000000000000004,577.0
1496,24.96666666666667,55.199999999999996,236.73333333333335,12.833333333333334,149.03333333333333,0.0,15.25,10.933333333333334,35.46666666666667,0.0,0.0,859.0,0.0,38.85,1288.7333333333333,0.0,0.0,566.9666666666667
1497,2.933333333333333,0.0,0.0,5.616666666666666,66.4,211.9,0.0,24.366666666666667,0.0,0.0,88.53333333333333,562.7666666666667,0.0,26.43333333333333,1012.6166666666666,0.0,0.0,345.33333333333337
1498,1.7666666666666666,74.2,0.0,7.316666666666666,86.46666666666667,0.0,12.816666666666666,73.75,0.0,0.0,65.76666666666667,1236.0,0.0,24.03333333333333,132.6,0.0,92.76666666666667,140.70000000000002
1499,33.733333333333334,129.93333333333334,0.0,42.38333333333333,14.933333333333334,0.0,123.78333333333333,53.0,460.3333333333333,0.0,0.0,564.5333333333333,0.0,0.0,382.1666666666667,0.0,0.0,57.0
1500,50.31666666666667,46.0,0.0,21.35,10.8,0.0,10.0,0.0,0.0,0.0,98.76666666666665,153.5,0.0,168.56666666666666,1181.7,15.866666666666667,4.866666666666666,62.3
1501,120.4,0.0,0.0,6.533333333333333,0.0,0.0,4.1,27.55,140.6,0.0,55.416666666666664,76.26666666666667,0.0,18.75,0.0,0.0,0.0,416.9333333333333
1502,0.0,30.833333333333336,0.0,0.0,135.1,0.0,12.666666666666666,0.0,0.0,0.0,153.81666666666666,200.89999999999998,0.0,74.85,171.53333333333333,0.0,14.7,1016.0666666666666
1503,0.0,5.95,0.0,29.183333333333334,101.28333333333333,0.0,72.1,26.5,274.53333333333336,0.0,0.0,1193.9333333333334,32.66666666666667,64.66666666666667,286.0,0.0,26.533333333333335,0.0
1504,1.4166666666666667,42.93333333333334,0.0,9.233333333333334,0.0,499.33333333333337,21.2,0.0,0.0,0.0,0.0,563.55,1.3333333333333333,30.3,88.80000000000001,0.0,36.86666666666667,669.0000000000001
1505,54.81666666666666,115.86666666666666,45.733333333333334,4.466666666666667,97.0,327.7666666666666,0.0,12.133333333333333,0.0,0.0,0.0,631.5333333333333,0.0,44.2,254.96666666666667,0.0,0.0,353.25
1506,19.833333333333336,0.0,0.0,74.95,89.31666666666666,0.0,5.733333333333333,10.533333333333333,409.6,0.0,19.25,454.15000000000003,0.0,107.4,0.0,0.0,64.5,407.13333333333327
1507,57.96666666666667,21.233333333333334,869.9333333333333,17.916666666666668,0.0,0.0,5.1,1.8333333333333333,0.0,0.0,98.55,853.3000000000001,7.700000000000001,0.0,55.61666666666667,0.0,0.0,412.90000000000003
1508,11.316666666666666,21.683333333333334,0.0,15.966666666666665,156.08333333333331,0.0,43.11666666666667,36.15,0.0,0.0,67.75,1306.4166666666667,10.233333333333333,0.0,336.76666666666665,0.0,0.0,439.16666666666663
1509,9.5,27.0,0.0,31.366666666666667,96.65,570.2666666666667,25.883333333333336,69.3,0.0,0.0,157.81666666666666,1227.2,27.583333333333332,154.75,184.95,0.0,47.53333333333334,0.0
1510,0.0,22.7,0.0,6.433333333333334,45.4,0.0,1.8666666666666667,111.3,0.0,0.0,8.416666666666666,813.8000000000001,0.0,0.0,179.4,0.0,88.86666666666667,173.26666666666665
1511,20.633333333333333,0.0,0.0,65.95,209.95000000000002,23.849999999999998,0.0,0.0,30.666666666666668,0.0,28.183333333333334,2318.7166666666667,0.0,0.0,1015.6666666666667,37.3,0.0,955.0500000000001
1512,28.799999999999997,26.033333333333335,0.0,0.0,0.0,189.91666666666669,26.083333333333336,0.0,0.0,10.6,74.75,0.0,0.0,4.066666666666666,959.8666666666667,0.0,26.133333333333333,1482.4166666666665
1513,50.93333333333334,28.349999999999998,679.0,0.0,8.666666666666666,0.0,0.0,43.833333333333336,0.0,0.0,29.099999999999998,229.66666666666666,0.0,17.083333333333332,0.0,0.0,0.0,339.70000000000005
1514,16.166666666666664,18.400000000000002,0.0,16.333333333333336,20.133333333333333,0.0,8.05,195.28333333333333,0.0,0.0,47.766666666666666,771.9,0.0,47.56666666666667,0.0,0.0,0.0,0.0
1515,111.41666666666667,0.0,0.0,28.449999999999996,50.2,313.0833333333333,28.349999999999998,0.0,0.0,0.0,61.199999999999996,229.75,39.06666666666666,17.533333333333335,381.1333333333333,0.0,89.0,537.4166666666666
1516,31.1,59.03333333333333,0.0,11.25,33.333333333333336,0.0,2.8,0.0,0.0,0.0,0.0,611.5,16.5,47.1,169.41666666666669,0.0,107.66666666666666,836.8666666666667
1517,42.83333333333333,79.8,11.549999999999999,52.96666666666667,97.2,0.0,128.75,0.0,457.6,0.0,86.08333333333334,352.0333333333333,0.0,50.266666666666666,164.2,0.0,6.166666666666667,46.4
1518,21.566666666666666,0.0,0.0,18.6,17.0,226.25,19.7,0.0,69.33333333333334,0.0,0.0,526.6666666666667,8.75,118.11666666666667,203.46666666666667,0.0,0.0,58.5
1519,2.0,237.3,55.800000000000004,51.416666666666664,145.46666666666667,0.0,26.25,153.51666666666665,0.0,0.0,17.266666666666666,174.86666666666667,0.0,96.0,742.8166666666666,0.0,30.433333333333334,1374.1166666666666
1520,0.0,33.666666666666664,0.0,4.933333333333334,0.0,0.0,22.666666666666668,42.0,229.16666666666666,0.0,16.4,453.7,0.0,59.75,0.0,0.0,15.200000000000001,0.0
1521,16.65,84.7,0.0,17.549999999999997,27.2,0.0,25.03333333333333,28.0,5.166666666666666,0.0,80.75,606.6666666666666,0.0,0.0,132.91666666666666,0.0,124.1,621.0666666666666
1522,44.93333333333333,0.0,37.949999999999996,0.0,139.53333333333333,0.0,6.633333333333334,0.0,92.39999999999999,38.8,87.66666666666667,674.6333333333333,0.0,0.0,804.2666666666667,0.0,32.4,823.65
1523,48.833333333333336,7.583333333333333,0.0,23.333333333333336,37.68333333333334,0.0,0.0,117.78333333333333,0.0,0.0,14.0,92.0,0.0,0.0,180.96666666666667,0.0,0.0,154.76666666666665
1524,6.816666666666666,44.1,0.0,4.6000000000000005,42.699999999999996,0.0,26.099999999999998,111.83333333333333,317.6166666666667,0.0,1.2000000000000002,509.25,31.833333333333332,130.55,38.400000000000006,0.0,45.599999999999994,640.9166666666666
1525,15.883333333333333,59.53333333333333,0.0,33.199999999999996,0.0,120.64999999999999,40.2,129.56666666666666,0.0,0.0,27.45,533.1666666666666,1.75,26.4,0.0,0.0,83.2,0.0
1526,6.45,9.25,14.566666666666666,0.0,0.0,214.93333333333334,0.0,101.08333333333333,0.0,0.0,167.9,692.8333333333334,0.0,0.0,177.5,0.0,0.0,422.3333333333333
1527,18.683333333333334,130.14999999999998,105.6,57.99999999999999,0.0,0.0,63.56666666666667,65.1,257.2166666666667,0.0,0.0,734.05,0.0,110.83333333333333,65.86666666666666,0.0,29.083333333333332,340.29999999999995
1528,6.966666666666667,0.0,0.0,2.7666666666666666,278.15,0.0,47.45,91.11666666666667,0.0,0.0,208.33333333333331,2239.2,2.3000000000000003,36.1,653.2166666666667,14.399999999999999,107.71666666666667,689.65
1529,57.35000000000001,0.0,0.0,7.75,36.75,0.0,8.65,212.1,0.0,0.0,67.3,632.3666666666667,59.36666666666667,0.0,401.5833333333333,0.0,66.0,0.0
1530,26.316666666666663,149.78333333333333,0.0,12.566666666666666,124.06666666666666,0.0,72.0,115.13333333333334,0.0,0.0,0.0,662.2666666666665,19.0,0.0,120.7,0.0,100.15,193.73333333333332
1531,62.56666666666667,77.86666666666666,302.8666666666667,6.9,0.0,0.0,3.8666666666666667,0.0,460.8333333333333,0.0,0.0,157.36666666666667,0.0,57.53333333333333,999.5333333333333,0.0,60.8,329.1166666666667
1532,41.5,130.56666666666666,0.0,63.666666666666664,130.5,0.0,51.71666666666667,0.0,0.0,0.0,0.0,586.5999999999999,0.0,4.833333333333333,1258.7666666666667,0.0,35.9,442.1333333333333
1533,49.03333333333333,2.2666666666666666,0.0,11.7,75.93333333333332,0.0,8.0,0.0,0.0,3.2333333333333334,129.6,469.05,35.966666666666676,48.7,177.93333333333334,0.0,72.75,213.63333333333333
1534,79.6,0.0,0.0,64.28333333333333,54.33333333333333,0.0,65.69999999999999,91.66666666666666,49.4,0.0,4.0,439.50000000000006,0.0,39.0,683.8,0.0,0.0,0.0
1535,58.55,35.56666666666667,0.0,6.65,33.83333333333333,0.0,32.33333333333333,0.0,0.0,2.216666666666667,35.0,322.01666666666665,0.0,35.33333333333333,99.71666666666667,0.0,15.516666666666666,0.0
1536,27.300000000000004,0.0,0.0,5.2,68.56666666666666,0.0,15.366666666666667,14.85,0.0,34.2,33.6,581.6666666666666,15.6,124.88333333333333,249.6,0.0,0.0,1114.6166666666668
1537,25.316666666666666,52.71666666666667,386.08333333333337,68.61666666666667,93.01666666666667,0.0,23.700000000000003,0.0,566.1833333333333,0.0,33.800000000000004,624.05,0.0,20.716666666666665,1060.2666666666667,0.0,0.0,32.4
1538,41.516666666666666,90.43333333333332,0.0,7.75,15.166666666666666,262.0,42.93333333333334,108.15,0.0,0.0,1.9166666666666667,588.5,0.0,0.0,0.0,0.0,0.0,791.6999999999999
1539,32.483333333333334,194.83333333333334,0.0,50.81666666666666,0.0,0.0,70.0,138.11666666666667,0.0,0.0,0.0,1075.8666666666666,0.0,21.4,228.66666666666666,4.1,40.3,94.16666666666666
1540,10.833333333333334,130.88333333333335,0.0,39.2,20.133333333333333,305.51666666666665,33.349999999999994,12.6,0.0,0.0,64.66666666666667,713.2833333333333,0.0,0.0,153.60000000000002,0.0,24.8,282.2166666666667
1541,10.65,195.18333333333334,425.25,11.2,10.533333333333333,684.0,0.0,6.933333333333334,0.0,0.0,70.03333333333333,713.4833333333333,0.0,0.0,822.6833333333334,2.1,97.46666666666667,654.0
1542,0.0,60.56666666666666,0.0,0.0,184.56666666666666,661.5,22.9,0.0,0.0,0.0,122.69999999999999,514.1,0.0,111.38333333333333,92.08333333333334,16.033333333333335,47.733333333333334,0.0
1543,11.733333333333334,52.66666666666667,88.0,57.16666666666667,0.0,0.0,60.95,12.666666666666666,97.06666666666666,0.0,127.33333333333331,772.6500000000001,0.0,83.63333333333334,240.45,0.0,20.5,566.4
1544,39.18333333333333,0.0,150.0,5.0,77.06666666666666,106.81666666666666,34.31666666666667,1.8333333333333333,0.0,0.0,17.4,963.0166666666667,35.7,63.666666666666664,368.38333333333327,0.0,0.0,400.0333333333333
1545,118.30000000000001,73.23333333333332,0.0,17.650000000000002,3.1333333333333333,0.0,44.833333333333336,89.06666666666666,0.0,0.0,98.8,0.0,7.0,157.16666666666666,228.63333333333333,0.0,32.1,584.6
1546,7.75,157.23333333333335,0.0,28.199999999999996,27.733333333333334,0.0,6.200000000000001,0.0,0.0,0.0,69.3,2199.5833333333335,0.0,0.0,799.6666666666667,0.0,40.8,1835.35
1547,36.61666666666667,48.266666666666666,0.0,41.5,132.96666666666667,0.0,0.0,67.15,0.0,0.0,257.1333333333333,943.6500000000001,2.8,0.0,23.650000000000002,0.0,0.0,38.5
1548,21.166666666666668,0.0,235.79999999999998,33.13333333333333,0.0,0.0,27.733333333333334,218.83333333333334,0.0,0.0,7.166666666666667,132.11666666666667,0.0,6.966666666666666,0.0,41.416666666666664,0.0,0.0
1549,17.4,0.0,0.0,23.466666666666665,70.7,0.0,0.0,145.28333333333333,0.0,0.0,77.0,656.9333333333334,0.0,0.0,0.0,0.0,0.0,452.5333333333333
1550,26.45,155.8,0.0,50.88333333333333,8.7,0.0,57.75,72.6,0.0,0.0,14.933333333333334,417.6,0.0,17.96666666666667,474.6666666666667,17.333333333333336,90.15,656.05
1551,55.0,115.33333333333333,110.2,0.0,54.63333333333333,0.0,40.46666666666667,186.0,0.0,0.0,0.0,188.05,0.0,118.06666666666666,400.26666666666665,0.0,23.1,338.43333333333334
1552,0.0,57.03333333333333,0.0,30.833333333333336,0.0,0.0,27.5,8.866666666666667,0.0,0.0,64.05,863.9833333333333,0.0,0.0,317.75,25.6,22.75,129.33333333333334
1553,28.266666666666666,43.86666666666667,0.0,25.166666666666664,0.0,0.0,74.7,0.0,0.0,41.65,10.6,659.4166666666666,0.0,99.0,609.15,0.0,0.0,629.1999999999999
1554,0.0,83.06666666666666,0.0,48.05,164.25,0.0,6.866666666666666,0.0,0.0,0.0,0.0,199.63333333333333,0.0,26.0,0.0,0.0,0.0,545.6
1555,10.066666666666666,49.53333333333334,0.0,62.43333333333334,0.0,120.26666666666665,18.9,0.0,75.93333333333334,0.0,62.58333333333333,540.5666666666666,0.75,122.03333333333333,967.6333333333333,0.0,69.88333333333333,453.8666666666667
1556,49.733333333333334,76.0,0.0,15.899999999999999,94.33333333333334,400.65,38.41666666666667,0.0,17.23333333333333,0.0,36.11666666666667,1284.4333333333334,51.63333333333334,29.6,46.800000000000004,0.0,63.25,425.66666666666663
1557,28.266666666666666,87.95,0.0,64.5,151.41666666666666,530.1333333333333,5.5,0.0,37.5,2.4499999999999997,110.83333333333334,1402.5666666666666,0.0,0.0,1190.25,0.0,0.0,175.2
1558,29.683333333333334,47.28333333333334,20.8,26.300000000000004,14.25,0.0,23.383333333333333,80.96666666666667,0.0,0.0,22.033333333333335,38.266666666666666,0.0,0.0,681.5666666666666,1.7666666666666666,0.0,1020.2666666666667
1559,13.083333333333332,121.46666666666668,0.0,18.6,1.6,59.0,65.55,0.0,1013.7499999999999,0.0,14.35,0.0,0.0,236.16666666666669,0.0,0.0,62.13333333333333,1267.3666666666668
1560,45.81666666666667,47.416666666666664,0.0,43.3,142.81666666666666,0.0,0.0,0.0,779.4,0.0,0.0,948.9666666666666,0.0,59.66666666666667,805.6666666666667,0.0,0.0,305.81666666666666
1561,56.199999999999996,76.55,0.0,15.6,415.96666666666664,0.0,25.166666666666664,0.0,60.0,12.899999999999999,0.0,1429.5333333333333,9.266666666666667,0.0,334.54999999999995,0.0,0.0,260.0
1562,58.31666666666666,8.216666666666667,0.0,50.86666666666667,37.166666666666664,194.01666666666668,16.21666666666667,0.0,0.0,0.0,66.93333333333334,619.8833333333333,0.0,155.58333333333334,977.3166666666666,20.083333333333332,94.36666666666667,0.0
1563,0.0,25.733333333333334,0.0,8.15,115.44999999999999,586.3166666666666,36.699999999999996,39.733333333333334,0.0,0.0,203.38333333333333,127.41666666666667,0.0,14.2,162.93333333333334,0.0,84.0,209.98333333333335
1564,28.4,180.63333333333333,0.0,34.46666666666667,61.78333333333333,0.0,3.433333333333333,0.0,0.0,0.0,0.0,57.6,0.0,101.06666666666666,847.4,0.0,129.0,213.0
1565,23.5,0.0,431.03333333333336,33.25,129.73333333333335,304.8,0.0,0.0,100.83333333333333,0.0,134.41666666666669,722.4,0.0,89.36666666666667,281.6,0.0,0.0,0.0
1566,28.183333333333334,90.69999999999999,310.43333333333334,24.133333333333333,7.083333333333334,134.75,13.533333333333333,0.0,0.0,0.0,214.6,0.0,0.0,91.25,254.23333333333335,0.0,21.849999999999998,62.900000000000006
1567,2.2666666666666666,59.6,139.8,61.516666666666666,75.5,90.06666666666666,24.699999999999996,33.36666666666667,0.0,0.0,0.0,215.60000000000002,0.0,0.0,380.26666666666665,0.0,87.15,594.2833333333333
1568,14.700000000000001,12.533333333333333,139.91666666666666,0.0,0.0,6.5,32.83333333333333,137.86666666666667,0.0,6.016666666666667,108.96666666666667,297.9,0.0,0.0,90.0,0.0,6.766666666666667,717.9666666666667
1569,10.666666666666666,0.0,218.16666666666669,27.2,31.516666666666666,0.0,43.3,239.06666666666666,0.0,0.0,0.0,404.25,5.65,0.0,304.16666666666663,0.0,0.0,342.56666666666666
1570,6.533333333333333,8.933333333333334,0.0,30.35,0.0,0.0,9.200000000000001,47.88333333333333,736.1166666666667,0.0,107.10000000000001,815.8833333333333,0.0,37.6,545.6999999999999,12.8,128.45,205.10000000000002
1571,74.6,24.166666666666664,0.0,50.43333333333333,151.56666666666666,0.0,0.0,54.599999999999994,246.13333333333333,0.0,15.416666666666668,382.23333333333335,0.0,77.36666666666666,61.25,0.0,7.1499999999999995,0.0
1572,169.13333333333333,1.6333333333333333,285.7333333333333,111.43333333333334,206.39999999999998,0.0,29.550000000000004,13.616666666666667,0.0,0.0,24.7,0.0,0.0,9.666666666666666,496.8,0.0,104.66666666666667,86.16666666666666
1573,18.05,0.0,203.33333333333331,11.75,196.05,0.0,23.933333333333334,60.666666666666664,0.0,0.0,62.05,1221.8666666666668,0.0,48.95,379.8666666666667,0.0,0.0,235.55
1574,40.25,0.0,0.0,13.950000000000001,0.0,0.0,92.33333333333333,121.76666666666667,684.7333333333333,0.0,110.7,1920.05,14.700000000000001,61.599999999999994,2242.8,0.0,0.0,0.0
1575,24.483333333333334,88.96666666666667,0.0,47.75,165.63333333333333,0.0,0.0,45.333333333333336,121.63333333333334,0.0,7.633333333333334,25.5,0.0,0.0,0.0,12.299999999999999,0.0,249.33333333333334
1576,55.233333333333334,121.10000000000001,0.0,15.033333333333333,137.13333333333333,0.0,59.55,0.0,0.0,24.699999999999996,146.95,129.5,0.0,0.0,732.0,0.0,90.88333333333333,781.15
1577,59.45,0.0,0.0,20.383333333333333,38.6,0.0,36.36666666666667,0.0,0.0,0.0,29.799999999999997,270.1,0.0,0.0,0.0,0.0,0.0,757.05
1578,43.083333333333336,81.36666666666666,0.0,39.86666666666667,46.916666666666664,0.0,86.33333333333334,0.0,438.8666666666667,7.0,0.0,595.6333333333333,0.0,0.0,212.33333333333334,0.0,0.0,1228.15
1579,29.150000000000002,38.0,0.0,49.39999999999999,0.0,0.0,21.75,114.16666666666667,432.66666666666663,0.0,63.61666666666667,559.8333333333334,3.5,0.0,97.35,0.0,191.95000000000002,0.0
1580,19.85,75.36666666666666,0.0,27.1,0.0,421.2,4.633333333333334,45.28333333333333,0.0,0.0,9.0,70.2,0.0,84.93333333333334,198.45,19.4,0.0,579.6
1581,4.949999999999999,3.2,0.0,13.633333333333333,106.78333333333333,0.0,27.666666666666664,0.0,295.84999999999997,0.0,11.466666666666667,642.9333333333334,0.0,0.0,189.53333333333333,0.0,0.0,219.0666666666667
1582,54.53333333333333,26.03333333333333,0.0,49.35,0.0,0.0,47.800000000000004,100.38333333333333,360.23333333333335,0.0,28.333333333333336,387.35,3.6,0.0,829.6166666666667,0.0,0.0,1919.5
1583,14.666666666666668,139.3,0.0,0.0,0.0,0.0,33.6,12.033333333333333,0.0,0.0,39.599999999999994,19.0,0.0,119.69999999999999,470.95000000000005,0.0,17.25,301.98333333333335
1584,17.3,0.0,0.0,11.983333333333334,46.583333333333336,120.39999999999999,16.099999999999998,0.0,342.2666666666667,9.683333333333334,10.666666666666666,811.5166666666667,0.0,0.0,198.0,12.0,0.0,0.0
1585,39.03333333333333,0.0,0.0,42.93333333333334,40.1,0.0,15.0,80.69999999999999,0.0,0.0,0.0,984.25,0.0,0.0,51.71666666666667,19.95,24.133333333333333,712.6500000000001
1586,73.91666666666667,66.25,0.0,40.0,0.0,403.2666666666667,14.416666666666666,59.2,212.10000000000002,0.0,59.64999999999999,783.6666666666666,0.0,0.0,290.8833333333333,0.0,43.8,605.2
1587,103.85,6.3,0.0,87.21666666666665,102.08333333333333,110.73333333333333,55.50000000000001,231.33333333333334,0.0,0.0,153.25,68.61666666666667,14.266666666666667,0.0,642.3333333333333,0.0,22.933333333333334,231.16666666666666
1588,14.933333333333334,33.8,0.0,100.31666666666666,146.3,288.8,21.116666666666667,8.2,0.0,27.583333333333332,0.0,206.36666666666667,0.0,18.583333333333336,0.0,0.0,0.0,751.9833333333333
1589,14.633333333333333,11.333333333333332,0.0,2.8,68.13333333333333,0.0,57.16666666666667,67.15,0.0,0.0,33.733333333333334,115.6,0.0,0.0,545.1999999999999,0.0,35.333333333333336,825.0
1590,151.9,42.53333333333333,0.0,92.18333333333332,143.75,0.0,19.799999999999997,176.81666666666666,0.0,0.0,0.0,1571.5666666666666,0.0,0.0,543.4833333333333,0.0,0.0,0.0
1591,28.816666666666666,19.25,447.1333333333334,23.066666666666666,29.033333333333335,0.0,0.0,0.0,418.09999999999997,4.816666666666666,122.66666666666666,1119.6666666666667,0.0,0.0,141.25,0.0,44.6,0.0
1592,39.900000000000006,24.083333333333336,0.0,27.416666666666668,41.5,0.0,10.933333333333334,0.0,414.51666666666665,0.0,66.4,675.8666666666668,0.0,140.2,433.33333333333337,0.0,149.73333333333332,734.0
1593,46.833333333333336,78.16666666666666,0.0,105.75,32.8,0.0,33.91666666666667,96.76666666666667,0.0,0.0,43.2,403.3333333333333,0.0,0.0,747.65,0.0,49.0,819.5333333333334
1594,0.0,125.58333333333334,233.2,6.5,24.166666666666664,319.2,2.5166666666666666,27.466666666666665,0.0,0.0,46.35,674.9,1.4666666666666666,0.0,0.0,0.0,17.333333333333336,1402.8833333333334
1595,50.35,0.0,750.3000000000001,27.8,17.066666666666666,0.0,0.0,68.5,0.0,0.0,118.33333333333333,1039.95,14.816666666666666,0.0,372.6333333333333,0.0,0.0,704.95
1596,59.43333333333334,152.20000000000002,177.8,7.833333333333333,15.466666666666667,0.0,12.600000000000001,60.99999999999999,0.0,1.0666666666666667,40.53333333333333,1802.4666666666667,5.466666666666667,113.33333333333333,522.5,0.0,0.0,360.0
1597,25.699999999999996,19.55,450.5,22.7,32.56666666666666,0.0,6.35,45.83333333333333,312.8666666666667,0.0,92.91666666666666,606.0166666666667,17.15,33.483333333333334,469.85,0.0,36.0,60.68333333333333
1598,5.083333333333333,16.133333333333333,0.0,0.0,69.11666666666666,0.0,10.583333333333334,68.23333333333333,177.0,18.2,0.0,2088.4833333333336,0.0,64.53333333333333,385.43333333333334,0.0,54.13333333333334,1150.5166666666667
1599,27.2,64.60000000000001,0.0,15.75,32.2,412.75,23.2,194.66666666666669,0.0,15.1,123.16666666666667,1158.6666666666667,0.0,0.0,471.75,0.0,0.0,1544.0833333333335
1600,39.86666666666667,87.0,383.7166666666667,85.0,88.08333333333333,0.0,39.050000000000004,0.0,276.46666666666664,0.0,45.75,686.6999999999999,0.0,15.2,255.8,0.0,0.0,774.3666666666667
1601,14.9,42.8,182.7,6.0,135.11666666666667,0.0,63.49999999999999,40.46666666666667,0.0,2.6333333333333333,172.41666666666669,0.0,0.0,0.0,0.0,0.0,0.0,0.0
1602,7.183333333333334,0.0,237.79999999999998,26.483333333333334,98.46666666666667,0.0,37.95,81.64999999999999,0.0,6.5,127.58333333333334,0.0,6.083333333333333,34.9,298.5,17.416666666666668,0.0,288.55
1603,60.35,27.0,0.0,15.2,49.86666666666667,0.0,0.0,216.41666666666669,0.0,0.0,93.03333333333333,0.0,31.416666666666664,0.0,586.05,0.0,31.466666666666665,0.0
1604,0.0,148.21666666666667,0.0,72.78333333333333,36.800000000000004,0.0,52.08333333333333,16.799999999999997,0.0,0.0,11.6,299.7,0.0,0.0,720.35,0.0,0.0,37.266666666666666
1605,0.0,25.900000000000002,0.0,22.5,140.6,0.0,0.0,79.56666666666666,0.0,0.0,46.199999999999996,673.15,2.0833333333333335,131.0,349.85,0.0,38.8,1073.6166666666666
1606,8.383333333333333,197.28333333333336,0.0,9.266666666666667,96.38333333333333,0.0,26.233333333333334,0.0,0.0,0.0,94.96666666666667,907.2833333333333,0.0,0.0,161.20000000000002,0.0,0.0,754.5999999999999
1607,25.03333333333333,20.833333333333336,0.0,33.91666666666667,241.71666666666667,0.0,39.1,0.0,0.0,0.0,42.68333333333334,1337.3166666666666,0.0,226.64999999999998,102.61666666666666,0.0,66.0,150.41666666666666
1608,32.150000000000006,0.0,97.21666666666665,8.25,86.1,232.29999999999998,23.75,0.0,0.0,8.4,0.0,1765.6666666666667,0.0,0.0,80.38333333333333,0.0,0.0,0.0
1609,93.08333333333333,51.516666666666666,0.0,77.38333333333334,71.38333333333333,0.0,6.483333333333333,110.16666666666666,88.73333333333332,0.0,108.28333333333333,183.54999999999998,1.5666666666666667,0.0,0.0,0.0,26.71666666666667,1393.1166666666668
1610,32.11666666666666,0.0,0.0,10.566666666666666,52.2,0.0,11.333333333333332,129.85,520.1500000000001,0.0,66.39999999999999,0.0,0.0,0.0,640.6166666666666,0.0,11.700000000000001,843.8333333333333
1611,17.666666666666668,74.9,234.95,0.0,248.03333333333333,207.20000000000002,27.133333333333333,35.6,0.0,0.0,37.0,134.01666666666668,17.650000000000002,33.21666666666667,297.9666666666667,0.0,79.5,691.3833333333333
1612,34.56666666666667,0.0,0.0,0.0,44.800000000000004,99.2,0.0,0.0,233.10000000000002,0.0,0.0,0.0,0.0,122.83333333333333,119.16666666666667,0.0,171.06666666666666,444.25
1613,58.483333333333334,0.0,305.25,97.91666666666666,0.0,0.0,8.2,0.0,0.0,0.0,0.0,575.0666666666667,0.0,0.0,830.3666666666667,2.15,67.19999999999999,186.51666666666665
1614,0.0,131.9,288.0,14.25,0.0,0.0,27.800000000000004,0.0,0.0,0.0,45.6,1413.7666666666667,0.0,0.0,0.0,0.0,131.73333333333335,745.4833333333333
1615,16.2,26.75,0.0,67.2,3.033333333333333,106.39999999999999,0.0,131.31666666666666,0.0,0.0,50.983333333333334,230.2,28.349999999999998,56.766666666666666,758.3333333333333,0.0,0.0,724.7166666666667
1616,66.15,186.15,0.0,13.933333333333334,25.1,0.0,0.9166666666666666,55.0,0.0,0.0,89.46666666666667,262.45,0.0,50.266666666666666,486.9333333333333,0.0,119.86666666666667,541.8833333333333
1617,10.700000000000001,204.28333333333333,206.15,13.3,0.0,0.0,10.683333333333334,30.216666666666665,41.6,11.75,0.0,326.4,32.0,0.0,785.5500000000001,0.0,0.0,1200.3166666666666
1618,10.5,90.06666666666666,0.0,22.666666666666664,187.0,0.0,37.45,52.733333333333334,679.4333333333334,0.0,113.10000000000001,293.0666666666666,0.0,32.4,694.15,0.0,97.28333333333335,398.06666666666666
1619,4.7,212.33333333333331,164.26666666666668,8.7,0.0,302.5,21.65,106.05,0.0,0.0,0.0,1695.4666666666667,0.0,0.0,0.0,12.8,0.0,0.0
1620,27.599999999999998,107.58333333333333,0.0,11.466666666666667,3.9,0.0,13.5,0.0,0.0,18.2,120.50000000000001,0.0,0.0,12.6,137.33333333333331,0.0,120.33333333333333,227.73333333333332
1621,99.58333333333333,12.0,0.0,7.5,58.66666666666667,0.0,30.416666666666664,41.86666666666667,0.0,1.6666666666666665,50.83333333333333,135.0,0.0,18.299999999999997,260.25,20.966666666666665,106.01666666666668,0.0
1622,63.983333333333334,0.0,0.0,34.63333333333333,0.0,0.0,93.23333333333332,84.55,0.0,0.0,50.5,428.75,0.0,0.0,0.0,0.0,0.0,1397.6166666666668
1623,68.63333333333333,78.66666666666667,0.0,32.983333333333334,19.349999999999998,0.0,23.299999999999997,23.2,0.0,0.0,92.08333333333333,279.90000000000003,0.0,44.8,207.43333333333334,9.333333333333332,23.433333333333334,413.99999999999994
1624,10.65,54.96666666666667,0.0,33.58333333333333,111.46666666666667,0.0,0.0,0.0,0.0,0.0,225.23333333333335,919.6,0.0,5.699999999999999,0.0,21.516666666666666,0.0,775.8166666666666
1625,9.283333333333333,188.7,183.6,59.41666666666667,0.0,0.0,68.13333333333334,64.86666666666667,117.53333333333333,0.0,156.61666666666667,265.85,52.60000000000001,71.16666666666666,0.0,0.0,10.083333333333332,120.0
1626,10.316666666666666,12.600000000000001,0.0,53.833333333333336,226.28333333333333,534.75,0.0,0.0,136.4,0.0,22.5,0.0,37.15,120.61666666666667,369.09999999999997,0.0,104.83333333333334,624.8
1627,20.483333333333334,0.0,0.0,60.58333333333333,0.0,248.21666666666667,7.15,7.933333333333334,0.0,0.0,18.400000000000002,623.2166666666667,32.6,39.833333333333336,260.76666666666665,3.2333333333333334,3.966666666666667,341.1333333333333
1628,35.5,28.816666666666666,0.0,21.766666666666666,0.0,0.0,8.799999999999999,0.0,0.0,0.0,43.5,1473.6333333333332,0.0,84.21666666666667,1304.7166666666667,0.0,23.0,141.83333333333334
1629,22.03333333333333,0.0,0.0,49.81666666666666,51.46666666666667,0.0,82.91666666666666,143.23333333333335,127.1,0.0,36.75,1443.3833333333332,13.166666666666666,0.0,276.5333333333333,0.0,248.36666666666667,1400.6333333333334
1630,23.466666666666665,209.0,0.0,63.03333333333334,0.0,0.0,29.566666666666666,227.08333333333331,0.0,0.0,0.0,425.8333333333333,0.0,185.73333333333332,121.5,20.166666666666664,153.23333333333335,631.1166666666667
1631,3.05,52.35000000000001,635.8,1.3,53.199999999999996,0.0,5.666666666666666,44.56666666666666,0.0,20.75,59.7,1565.6,0.0,0.0,339.2666666666667,0.0,33.36666666666667,0.0
1632,29.91666666666667,0.0,0.0,18.85,16.5,7.466666666666667,0.0,19.6,0.0,0.0,23.049999999999997,1504.1166666666666,30.25,0.0,0.0,0.0,131.66666666666666,984.9
1633,0.0,160.65,0.0,10.25,0.0,304.75,32.983333333333334,118.43333333333334,0.0,0.0,40.8,70.08333333333333,0.0,0.0,314.5,5.116666666666666,0.0,0.0
1634,27.25,55.199999999999996,0.0,57.13333333333333,88.13333333333333,0.0,31.766666666666666,36.16666666666667,384.45000000000005,0.0,0.0,620.2666666666667,0.0,13.25,765.4666666666667,0.0,1.3333333333333333,1147.75
1635,65.26666666666667,27.833333333333332,961.0666666666666,6.7,0.0,0.0,9.899999999999999,110.01666666666667,0.0,26.25,49.016666666666666,1658.1833333333334,0.0,67.46666666666667,676.1500000000001,0.0,0.0,79.8
1636,5.4,0.0,130.55,49.61666666666667,42.9,311.5,6.266666666666667,22.416666666666668,0.0,0.0,73.86666666666666,0.0,0.0,0.0,0.0,0.0,44.1,768.5166666666667
1637,70.66666666666667,26.4,333.9,19.383333333333333,88.55000000000001,0.0,6.2,53.0,0.0,0.0,297.5,26.4,0.0,10.8,622.3833333333333,0.0,0.0,173.53333333333333
1638,77.21666666666667,55.53333333333333,0.0,22.166666666666664,64.26666666666667,0.0,55.41666666666667,115.46666666666667,0.0,8.75,0.0,121.88333333333333,0.0,0.0,0.0,0.0,0.0,303.1666666666667
1639,103.65,108.63333333333333,124.80000000000001,6.066666666666666,79.69999999999999,0.0,35.1,139.38333333333333,0.0,32.833333333333336,48.58333333333333,1881.3166666666668,13.200000000000001,81.18333333333334,32.96666666666667,11.3,21.583333333333336,1360.45
1640,36.766666666666666,129.53333333333333,0.0,5.5,96.0,525.3,3.1666666666666665,17.833333333333336,0.0,0.0,0.0,0.0,0.0,15.399999999999999,658.0166666666667,0.0,7.8,0.0
1641,0.0,162.71666666666667,0.0,26.15,111.93333333333334,91.64999999999999,15.133333333333335,14.533333333333333,0.0,2.3,105.8,758.7333333333333,0.0,0.0,1541.7000000000003,0.0,0.0,345.0
1642,17.0,173.01666666666665,386.40000000000003,0.0,79.13333333333334,0.0,36.93333333333334,0.0,0.0,0.0,88.35,0.0,9.4,40.13333333333333,825.4333333333334,0.0,0.0,166.93333333333334
1643,17.45,109.66666666666667,0.0,17.35,0.0,0.0,10.899999999999999,52.0,0.0,0.0,79.1,216.7,0.0,103.33333333333334,216.75,0.0,0.0,0.0
1644,79.23333333333335,105.03333333333333,721.3666666666666,35.6,121.75,500.3666666666667,14.416666666666666,70.93333333333334,0.0,6.066666666666666,0.0,0.0,44.75,135.2,632.5,0.0,288.7,509.5
1645,37.61666666666667,13.2,93.00000000000001,0.0,25.833333333333332,0.0,29.266666666666666,137.23333333333335,0.0,0.0,63.75,1130.4,12.166666666666666,135.1,1342.5666666666666,0.0,55.96666666666666,0.0
1646,16.783333333333335,89.60000000000001,68.75,11.916666666666668,16.15,0.0,10.8,36.11666666666667,0.0,0.0,186.11666666666665,1781.6,0.0,0.0,372.5333333333333,0.0,0.0,270.40000000000003
1647,54.21666666666667,28.75,0.0,12.183333333333334,0.0,0.0,23.316666666666666,28.699999999999996,0.0,0.0,0.0,68.0,0.0,44.400000000000006,0.0,0.0,64.26666666666667,1067.85
1648,42.78333333333333,52.93333333333334,0.0,1.05,57.88333333333333,35.0,0.0,77.6,0.0,0.0,79.10000000000001,163.93333333333334,0.0,144.25,540.5999999999999,9.266666666666667,0.0,105.33333333333333
1649,63.91666666666667,0.0,0.0,33.266666666666666,76.0,0.0,7.333333333333333,112.71666666666667,0.0,0.0,0.0,1495.2333333333331,0.0,0.0,47.5,0.0,21.0,396.5833333333333
1650,20.566666666666666,40.849999999999994,0.0,33.33333333333333,161.93333333333334,0.0,77.5,84.88333333333333,0.0,13.799999999999999,187.66666666666666,37.7,0.0,28.983333333333334,952.6333333333332,0.0,0.0,177.33333333333331
1651,27.299999999999997,58.3,586.1666666666667,14.433333333333334,28.0,24.383333333333333,26.066666666666666,0.0,0.0,0.0,11.700000000000001,775.65,0.0,100.16666666666667,151.20000000000002,0.0,71.68333333333334,29.46666666666667
1652,72.56666666666666,0.0,0.0,8.049999999999999,0.0,0.0,18.28333333333333,16.333333333333336,0.0,0.0,117.18333333333334,265.06666666666666,0.0,0.0,134.56666666666666,0.0,61.3,558.7
1653,11.066666666666666,41.0,0.0,0.0,26.5,0.0,76.1,71.33333333333333,0.0,0.0,0.0,572.2,0.0,95.33333333333333,500.1333333333334,0.0,0.0,104.53333333333333
1654,30.866666666666667,20.083333333333332,597.6666666666667,21.7,0.0,0.0,50.45,0.0,327.3666666666666,0.0,36.0,247.0,0.0,127.66666666666666,164.75,0.0,127.76666666666667,1261.3833333333332
1655,34.233333333333334,214.78333333333333,0.0,16.116666666666667,94.31666666666668,0.0,24.65,60.03333333333334,290.5833333333333,0.0,72.2,644.5999999999999,0.0,108.16666666666666,225.13333333333333,0.0,95.48333333333332,1007.1833333333334
1656,37.15,44.1,0.0,64.43333333333334,49.53333333333333,0.0,41.36666666666667,0.0,0.0,0.0,30.800000000000004,286.05,0.0,0.0,1469.6,25.65,0.0,468.66666666666663
1657,26.933333333333334,0.0,0.0,3.5166666666666666,122.45000000000002,366.66666666666663,52.88333333333333,0.0,0.0,0.0,152.75,621.3000000000001,17.1,0.0,803.55,0.0,215.21666666666667,1881.0333333333333
1658,15.0,7.6,0.0,92.9,63.0,0.0,22.900000000000002,15.2,0.0,12.8,167.23333333333332,1106.7166666666667,0.0,50.66666666666667,458.90000000000003,0.0,0.0,223.5
1659,58.48333333333333,0.0,0.0,63.0,172.16666666666666,0.0,11.566666666666666,4.2,389.56666666666666,0.0,12.05,316.3833333333333,0.0,0.0,828.8166666666666,0.0,36.0,106.16666666666666
1660,23.883333333333333,101.56666666666666,0.0,74.03333333333335,0.0,755.1666666666666,9.333333333333334,25.066666666666666,71.39999999999999,13.766666666666666,112.56666666666666,673.15,5.416666666666667,0.0,639.1666666666667,0.0,133.93333333333334,54.599999999999994
1661,32.983333333333334,167.7,0.0,13.083333333333334,78.3,0.0,13.85,189.41666666666669,259.0,0.0,25.06666666666667,0.0,3.3,0.0,29.0,0.0,0.0,14.5
1662,3.666666666666667,13.466666666666667,37.33333333333333,19.333333333333332,264.9166666666667,0.0,15.8,27.6,0.0,0.0,47.483333333333334,634.0166666666667,0.0,0.0,538.5833333333334,0.0,89.31666666666666,0.0
1663,37.11666666666667,0.0,0.0,67.75,146.39999999999998,0.0,59.7,25.133333333333333,134.4,0.0,97.80000000000001,0.0,0.0,132.7,615.0833333333334,0.0,0.0,936.8
1664,30.616666666666667,41.8,0.0,48.383333333333326,195.3,0.0,11.966666666666667,36.4,0.0,0.0,15.049999999999999,1734.0166666666667,11.333333333333332,0.0,623.5666666666666,3.8333333333333335,0.0,242.71666666666664
1665,22.066666666666666,19.25,0.0,58.016666666666666,46.0,0.0,32.666666666666664,132.48333333333332,0.0,0.0,149.63333333333333,636.3333333333334,0.0,11.55,55.2,19.75,0.0,79.35000000000001
1666,10.733333333333333,69.03333333333333,0.0,24.08333333333333,0.0,0.0,0.0,24.666666666666668,0.0,0.0,167.88333333333335,33.0,0.0,0.0,156.6,0.0,8.866666666666667,183.4
1667,94.21666666666667,44.25,0.0,65.03333333333333,20.5,389.0833333333333,2.566666666666667,0.0,0.0,26.083333333333336,29.166666666666664,1256.05,0.0,143.73333333333332,490.5,0.0,18.666666666666664,1117.6333333333332
1668,12.466666666666667,373.78333333333336,0.0,32.8,141.26666666666665,0.0,24.816666666666666,0.0,0.0,0.0,23.566666666666666,193.78333333333333,0.0,82.13333333333334,404.0666666666667,0.0,71.66666666666667,0.0
1669,35.18333333333333,61.93333333333334,82.6,18.28333333333333,28.75,0.0,0.0,50.35,0.0,0.0,61.63333333333333,320.31666666666666,36.13333333333333,0.0,68.93333333333334,0.0,29.5,509.3666666666667
1670,8.1,0.0,0.0,48.233333333333334,100.21666666666667,41.333333333333336,22.833333333333336,0.0,0.0,0.0,0.0,149.2,0.0,44.33333333333333,692.7666666666667,0.0,0.0,152.08333333333334
1671,24.533333333333335,0.0,598.5,21.1,107.58333333333333,0.0,38.61666666666667,79.31666666666666,0.0,22.75,202.68333333333334,1000.5333333333333,0.0,107.18333333333332,0.0,26.483333333333334,13.299999999999999,477.0
1672,34.766666666666666,36.16666666666667,0.0,31.21666666666667,137.13333333333333,0.0,55.23333333333333,84.53333333333333,476.4333333333333,10.466666666666667,70.4,743.0,0.0,0.0,175.95,0.0,0.0,796.5833333333333
1673,167.98333333333335,93.91666666666666,0.0,71.35,0.0,426.2666666666667,6.466666666666666,125.65,53.300000000000004,0.0,114.66666666666667,1249.1000000000001,0.0,0.0,335.83333333333337,0.0,84.43333333333334,31.849999999999998
1674,14.399999999999999,29.9,0.0,33.3,98.8,0.0,5.266666666666667,0.0,174.0,0.0,0.0,683.9,0.0,30.599999999999998,189.33333333333334,0.0,10.466666666666667,881.3666666666667
1675,56.65,34.56666666666666,0.0,0.0,48.4,0.0,48.766666666666666,0.0,0.0,22.516666666666666,0.0,924.7,0.0,0.0,195.7,0.0,43.333333333333336,0.0
1676,6.3,220.58333333333334,0.0,28.0,0.0,131.95,11.316666666666666,0.0,0.0,0.0,92.76666666666667,722.3833333333334,22.8,27.0,0.0,10.1,118.76666666666667,696.2666666666667
1677,13.083333333333332,228.76666666666668,0.0,0.8166666666666667,54.83333333333333,0.0,6.116666666666667,185.2,439.73333333333335,0.0,45.916666666666664,51.33333333333333,10.15,0.0,25.2,0.0,20.5,0.0
1678,1.6500000000000001,134.33333333333334,0.0,50.03333333333333,147.0,0.0,20.0,0.0,0.0,0.0,57.41666666666667,993.7333333333332,0.0,0.0,1029.65,0.0,55.2,680.1999999999999
1679,44.166666666666664,0.0,0.0,0.0,219.43333333333334,0.0,34.4,0.0,0.0,0.0,152.79999999999998,0.0,0.0,112.66666666666667,649.3333333333333,0.0,0.0,0.0
1680,5.2,16.5,0.0,43.06666666666667,57.15,0.0,2.0833333333333335,169.71666666666667,0.0,0.0,7.0,644.0,0.0,89.86666666666666,515.8333333333334,0.0,11.933333333333334,286.6
1681,41.66666666666667,0.0,0.0,21.116666666666667,7.6,0.0,0.7333333333333333,55.36666666666667,0.0,0.0,8.8,1118.1333333333332,15.8,0.0,0.0,23.0,120.96666666666665,506.5333333333333
1682,75.5,240.51666666666665,0.0,5.766666666666667,71.91666666666666,0.0,7.033333333333333,24.266666666666666,0.0,0.0,39.833333333333336,231.88333333333333,0.0,101.96666666666667,599.3333333333334,0.0,0.0,1007.5000000000001
1683,19.733333333333334,197.45000000000002,197.36666666666667,37.18333333333333,245.48333333333335,0.0,22.216666666666665,91.15,0.0,0.0,36.3,1030.3333333333333,0.5666666666666667,0.0,543.55,0.0,8.8,0.0
1684,41.86666666666667,186.96666666666664,0.0,58.33333333333333,153.13333333333333,122.10000000000001,4.85,25.333333333333332,177.60000000000002,0.0,11.0,492.1,0.0,154.76666666666665,565.6166666666666,0.0,93.91666666666666,187.83333333333331
1685,20.066666666666666,7.15,0.0,6.75,0.0,252.0666666666667,12.583333333333332,170.56666666666666,220.83333333333331,0.0,0.0,270.55,0.0,0.0,241.23333333333335,0.0,0.0,257.2666666666667
1686,76.71666666666667,6.833333333333334,0.0,12.299999999999999,0.0,0.0,20.416666666666668,0.0,0.0,0.0,52.199999999999996,403.33333333333337,22.3,0.0,939.3333333333334,0.0,97.6,528.5833333333333
1687,15.816666666666668,209.73333333333332,0.0,0.0,233.06666666666666,0.0,29.050000000000004,0.0,408.08333333333337,0.0,46.800000000000004,890.1833333333333,11.033333333333333,43.199999999999996,0.0,0.0,0.0,0.0
1688,4.133333333333334,81.6,0.0,9.35,93.45,0.0,0.0,0.0,0.0,0.0,0.0,377.4666666666667,0.0,178.18333333333334,1566.9166666666667,0.0,0.0,1106.75
1689,6.6000000000000005,118.56666666666666,0.0,24.433333333333337,284.81666666666666,0.0,19.466666666666665,31.1,0.0,0.0,143.01666666666665,639.5333333333333,0.0,77.23333333333333,231.0,0.0,0.0,229.59999999999997
1690,34.65,226.98333333333332,0.0,53.91666666666667,99.18333333333334,0.0,14.883333333333333,203.01666666666665,62.699999999999996,24.666666666666668,0.0,198.66666666666669,0.0,0.0,56.0,3.1,0.0,525.5333333333333
1691,91.78333333333333,23.4,169.13333333333333,4.55,15.8,0.0,74.76666666666667,53.46666666666667,823.75,0.0,45.0,2268.0333333333333,0.0,17.116666666666667,281.5333333333333,0.0,65.45,258.5
1692,61.65,45.0,0.0,23.8,82.5,541.8,41.55,0.0,137.23333333333335,1.0666666666666667,0.0,975.0166666666667,0.0,86.16666666666667,847.7166666666667,2.0,51.166666666666664,518.05
1693,61.68333333333334,0.0,0.0,12.366666666666667,0.0,49.78333333333333,8.399999999999999,0.0,0.0,26.133333333333333,73.5,46.50000000000001,0.0,103.13333333333333,0.0,0.0,68.66666666666667,324.0
1694,7.0,50.13333333333333,96.03333333333333,17.8,321.76666666666665,0.0,48.6,89.46666666666667,0.0,0.0,90.96666666666667,100.53333333333333,42.516666666666666,153.33333333333331,422.93333333333334,0.0,25.083333333333332,132.6
1695,12.066666666666666,180.26666666666665,0.0,14.983333333333334,106.4,604.0,0.0,2.6666666666666665,110.13333333333333,17.733333333333334,196.11666666666667,882.4166666666666,0.0,56.099999999999994,882.8166666666666,0.0,84.66666666666667,407.5
1696,52.71666666666667,12.666666666666666,286.2166666666667,45.400000000000006,0.0,0.0,37.18333333333334,0.0,0.0,0.0,22.05,466.2,0.0,58.5,373.78333333333336,0.0,0.0,211.14999999999998
1697,57.5,4.433333333333334,0.0,32.03333333333333,0.0,0.0,35.3,94.06666666666666,0.0,14.166666666666668,0.0,188.36666666666667,0.0,100.45,888.3666666666668,0.0,48.31666666666667,1104.35
1698,28.1,6.966666666666666,64.39999999999999,0.0,0.0,0.0,0.0,0.0,65.16666666666667,0.0,61.38333333333334,535.1833333333334,0.0,0.0,906.05,0.0,138.96666666666667,293.2
1699,6.283333333333333,25.183333333333334,0.0,54.71666666666666,13.066666666666666,112.19999999999999,0.0,49.43333333333334,0.0,17.733333333333334,19.833333333333336,385.9,0.0,90.08333333333333,181.70000000000002,29.7,0.0,253.23333333333335
1700,33.833333333333336,42.03333333333333,0.0,63.53333333333334,0.0,0.0,28.383333333333333,14.700000000000001,0.0,0.0,98.95,279.01666666666665,33.71666666666667,124.73333333333332,338.54999999999995,0.0,25.416666666666664,204.16666666666666
1701,33.31666666666667,21.133333333333333,0.0,5.483333333333333,0.0,700.2,20.1,34.13333333333333,0.0,11.25,108.5,368.79999999999995,0.0,29.1,155.86666666666667,0.0,30.4,735.9000000000001
1702,5.25,4.083333333333334,0.0,11.916666666666666,57.86666666666667,0.0,12.366666666666667,0.0,393.7,0.0,160.53333333333333,457.15,0.0,25.0,372.16666666666663,2.216666666666667,0.0,818.8166666666666
1703,47.36666666666666,0.0,0.0,0.0,55.53333333333334,0.0,88.4,0.0,273.33333333333337,0.0,92.94999999999999,515.7166666666667,0.0,54.16666666666667,635.0,0.0,0.0,0.0
1704,37.5,36.83333333333333,0.0,29.75,77.63333333333333,207.35,72.91666666666667,0.0,0.0,0.0,186.64999999999998,184.16666666666669,0.0,0.0,255.66666666666666,0.0,69.21666666666667,0.0
1705,56.4,44.400000000000006,302.25,39.68333333333333,215.35000000000002,0.0,25.233333333333334,0.0,0.0,0.0,0.0,1096.2666666666667,37.800000000000004,37.800000000000004,363.5833333333333,0.0,0.0,0.0
1706,5.25,120.4,53.300000000000004,30.116666666666667,0.0,0.0,49.266666666666666,117.71666666666667,0.0,0.0,202.06666666666666,654.95,0.0,98.96666666666667,115.80000000000001,0.0,33.36666666666667,0.0
1707,8.833333333333332,123.81666666666666,198.86666666666667,2.4000000000000004,117.53333333333333,0.0,30.5,126.33333333333333,0.0,0.0,95.45,639.2666666666667,0.0,29.133333333333333,330.7166666666667,0.0,42.699999999999996,1681.3666666666668
1708,0.0,0.0,0.0,39.78333333333333,63.78333333333333,0.0,11.733333333333333,0.0,0.0,0.0,170.5,167.23333333333332,0.0,0.0,1587.7333333333333,0.0,98.45,0.0
1709,28.833333333333332,113.86666666666666,67.46666666666667,0.0,48.650000000000006,0.0,0.0,7.8,79.19999999999999,0.0,118.80000000000001,758.6666666666666,0.0,88.36666666666666,687.25,25.0,38.13333333333333,709.8333333333334
1710,42.41666666666667,246.56666666666666,0.0,63.43333333333333,247.93333333333334,0.0,11.166666666666666,32.7,246.0,0.0,124.21666666666667,323.9,13.416666666666668,82.5,256.76666666666665,0.0,0.0,117.86666666666666
1711,67.05,38.666666666666664,0.0,25.0,5.949999999999999,0.0,56.949999999999996,28.25,0.0,0.0,36.833333333333336,348.71666666666664,0.0,0.0,968.7333333333333,0.0,42.68333333333333,0.0
1712,1.2666666666666666,58.60000000000001,0.0,2.0,36.983333333333334,150.73333333333335,5.116666666666666,54.666666666666664,0.0,6.166666666666667,0.0,510.69999999999993,0.0,0.0,870.35,0.0,0.0,367.1
1713,0.8,0.0,0.0,5.2,75.96666666666667,0.0,64.33333333333333,23.8,0.0,0.0,0.0,1846.95,0.0,68.85,109.41666666666666,0.0,0.0,21.599999999999998
1714,31.41666666666666,23.4,0.0,62.13333333333333,0.0,0.0,54.2,104.0,0.0,7.333333333333333,171.51666666666665,673.3000000000001,0.0,0.0,604.3833333333333,7.916666666666666,40.93333333333333,414.15000000000003
1715,16.55,233.26666666666665,449.2666666666667,31.033333333333335,284.1,0.0,2.5833333333333335,0.0,0.0,0.0,101.03333333333333,1674.25,0.0,159.2,0.0,0.0,0.0,72.5
1716,54.550000000000004,119.9,0.0,18.216666666666665,0.0,0.0,34.66666666666667,70.5,0.0,0.0,24.0,202.35,0.0,0.0,820.6666666666666,0.0,359.56666666666666,0.0
1717,62.88333333333333,137.23333333333335,0.0,28.183333333333334,79.3,486.48333333333335,15.966666666666669,84.08333333333334,0.0,0.0,88.73333333333333,510.1333333333333,0.0,71.13333333333334,323.58333333333337,0.0,75.68333333333334,0.0
1718,0.0,326.4333333333333,0.0,23.1,225.03333333333333,207.39999999999998,26.666666666666664,0.0,0.0,0.0,165.75,170.5,0.0,69.3,0.0,0.0,69.5,643.7
1719,56.4,47.733333333333334,223.64999999999998,31.283333333333335,63.733333333333334,0.0,16.683333333333334,0.0,91.5,0.0,0.0,914.6333333333334,33.85,0.0,111.46666666666667,5.2,0.0,0.0
1720,46.333333333333336,92.78333333333335,0.0,52.5,199.54999999999998,0.0,16.866666666666667,25.833333333333336,0.0,0.0,8.0,136.93333333333334,0.0,0.0,297.6,5.916666666666667,25.083333333333332,36.8
1721,40.53333333333333,30.4,0.0,0.0,0.0,0.0,45.25,64.33333333333333,0.0,0.0,21.56666666666667,82.8,24.416666666666668,0.0,196.06666666666666,0.0,123.7,252.70000000000002
1722,14.099999999999998,29.5,0.0,20.1,49.36666666666667,0.0,9.933333333333334,95.25,251.11666666666665,0.0,9.0,731.9833333333333,0.0,88.53333333333333,1751.45,0.0,0.0,678.9499999999999
1723,0.0,119.33333333333334,0.0,17.95,0.0,424.8,0.0,89.61666666666667,0.0,0.0,32.0,905.6500000000001,0.0,0.0,753.1833333333334,0.0,51.56666666666667,638.6333333333333
1724,60.18333333333333,108.03333333333333,0.0,37.3,84.61666666666667,174.96666666666667,37.68333333333333,21.283333333333335,0.0,0.0,0.0,372.18333333333334,0.0,0.0,170.61666666666667,0.0,82.69999999999999,187.2
1725,40.61666666666666,29.0,0.0,50.949999999999996,45.5,0.0,0.0,17.066666666666666,0.0,0.0,0.0,1555.7333333333333,0.0,44.800000000000004,333.4666666666667,0.0,95.53333333333333,567.0
1726,18.316666666666666,44.916666666666664,247.25,42.06666666666666,0.0,0.0,13.016666666666666,0.0,72.36666666666666,0.0,0.0,61.06666666666667,0.0,0.0,791.6166666666666,0.0,0.0,362.91666666666663
1727,29.9,81.7,255.73333333333332,84.26666666666668,44.91666666666667,102.49999999999999,17.3,0.0,0.0,0.0,0.0,544.8666666666667,0.0,0.0,780.7666666666667,5.0,113.30000000000001,1341.4
1728,25.333333333333332,253.51666666666665,0.0,19.3,172.2,0.0,0.0,0.0,180.93333333333334,2.2333333333333334,0.0,290.01666666666665,0.0,15.166666666666666,128.33333333333334,0.0,31.35,569.5
1729,75.46666666666667,0.0,132.25,19.450000000000003,14.4,0.0,18.066666666666666,65.45,0.0,0.0,0.0,420.0,0.0,38.949999999999996,290.15,0.0,0.0,561.0
1730,17.666666666666668,62.349999999999994,0.0,13.883333333333333,0.0,0.0,49.96666666666667,201.8,0.0,0.0,0.0,1330.1333333333334,0.0,0.0,471.71666666666664,20.25,126.51666666666665,186.0
1731,22.866666666666667,7.666666666666667,0.0,44.46666666666667,0.0,0.0,30.75,0.0,0.0,0.0,77.06666666666666,697.5166666666667,24.0,0.0,184.33333333333334,0.0,27.466666666666665,1108.45
1732,12.666666666666666,2.8,0.0,30.699999999999996,87.95,252.83333333333334,21.2,118.5,785.15,5.533333333333333,35.7,310.8,0.0,0.0,344.5,0.0,48.15,855.1
1733,13.549999999999999,152.13333333333333,0.0,7.199999999999999,231.5,0.0,9.950000000000001,0.0,0.0,0.0,0.0,712.05,0.0,159.8,391.3,25.71666666666667,27.4,547.9833333333333
1734,43.13333333333333,0.0,0.0,40.55,67.68333333333334,0.0,9.983333333333333,0.0,33.9,0.0,74.08333333333333,833.5,0.0,17.333333333333336,102.41666666666667,0.0,10.450000000000001,172.7166666666667
1735,53.56666666666666,39.43333333333334,103.55,35.38333333333333,137.03333333333333,0.0,116.91666666666666,0.0,0.0,0.0,73.19999999999999,435.5,0.0,23.0,119.98333333333333,0.0,12.983333333333334,559.3333333333333
1736,16.716666666666665,0.0,0.0,78.5,28.0,0.0,44.9,76.5,0.0,0.0,204.35000000000002,182.08333333333334,0.0,0.0,323.56666666666666,0.0,97.36666666666667,1035.4833333333333
1737,47.36666666666667,167.8,556.1333333333333,9.200000000000001,184.03333333333333,484.8833333333333,24.133333333333333,141.8,0.0,0.0,48.63333333333334,713.6333333333333,0.0,0.0,916.5333333333333,0.0,27.316666666666666,466.4333333333333
1738,0.55,65.45,0.0,25.116666666666667,0.0,0.0,16.25,130.65,33.6,0.0,0.0,838.85,13.799999999999999,66.03333333333333,143.4,0.0,0.0,0.0
1739,16.6,0.0,0.0,10.716666666666667,40.75,0.0,35.45,34.6,0.0,0.0,78.9,135.0,0.0,51.5,313.4666666666667,9.583333333333334,0.0,327.6
1740,51.58333333333333,0.0,103.73333333333333,32.53333333333333,119.7,0.0,11.850000000000001,23.733333333333334,82.0,0.0,0.0,105.83333333333333,0.0,0.0,2028.4833333333336,0.0,54.93333333333333,71.86666666666667
1741,32.083333333333336,26.033333333333335,573.4,46.8,105.96666666666667,201.66666666666666,17.116666666666667,0.0,0.0,0.0,0.0,408.9,0.0,125.39999999999999,470.51666666666665,0.0,27.900000000000002,53.66666666666667
1742,0.0,9.200000000000001,0.0,11.783333333333333,22.0,0.0,10.583333333333332,0.0,0.0,0.0,0.0,207.04999999999998,0.0,0.0,1089.8666666666668,0.0,0.0,470.75
1743,16.0,104.71666666666667,0.0,25.933333333333334,0.0,0.0,65.93333333333334,0.0,0.0,0.0,17.599999999999998,616.0500000000001,32.25,180.18333333333334,0.0,0.0,63.133333333333326,398.41666666666663
1744,59.233333333333334,112.0,0.0,11.8,45.41666666666667,0.0,0.0,49.06666666666667,182.38333333333335,0.0,0.0,783.2,0.0,15.2,180.4,0.0,0.0,725.2
1745,45.266666666666666,33.36666666666667,0.0,38.06666666666667,0.0,0.0,22.766666666666666,6.25,0.0,0.0,22.133333333333333,367.0,0.0,0.0,313.8666666666667,0.0,42.550000000000004,685.1166666666667
1746,15.466666666666667,122.45,0.0,33.8,91.03333333333333,0.0,10.966666666666667,54.06666666666667,0.0,0.0,251.45,275.4,0.0,0.0,603.5,0.0,122.5,621.0
1747,38.81666666666666,237.26666666666665,0.0,22.666666666666664,0.0,0.0,12.566666666666666,0.0,0.0,0.0,93.43333333333334,1488.1833333333332,0.0,49.2,760.0,0.0,0.0,1058.4499999999998
1748,6.6000000000000005,35.0,0.0,5.466666666666667,55.88333333333334,489.6333333333333,0.0,0.0,479.7,0.0,0.0,337.93333333333334,0.0,28.666666666666668,0.0,0.0,6.666666666666667,110.93333333333334
1749,34.9,58.900000000000006,0.0,45.06666666666666,225.36666666666667,0.0,34.86666666666667,0.0,0.0,0.0,45.333333333333336,74.5,0.0,0.0,546.35,0.0,116.63333333333333,893.8
1750,61.81666666666667,18.683333333333334,0.0,38.099999999999994,0.0,0.0,74.88333333333334,32.36666666666667,0.0,0.0,0.0,420.0,0.0,0.0,936.0166666666667,0.0,0.0,502.3
1751,0.0,4.4,151.2,0.0,0.0,0.0,0.0,0.0,0.0,0.0,0.0,205.81666666666666,0.0,171.95,600.7833333333333,0.0,0.0,690.9
1752,32.4,210.2,830.5833333333335,34.8,99.05,666.7,66.76666666666665,57.46666666666667,0.0,0.0,0.0,224.23333333333335,20.066666666666666,0.0,0.0,0.0,41.6,106.06666666666666
1753,30.25,14.3,0.0,25.2,84.66666666666666,0.0,2.3333333333333335,136.26666666666665,0.0,0.0,11.0,480.05,0.0,11.399999999999999,12.533333333333333,14.533333333333333,33.13333333333333,0.0
1754,24.533333333333335,84.46666666666667,0.0,26.816666666666666,24.266666666666666,0.0,7.1,0.0,0.0,0.0,208.51666666666668,481.7666666666667,4.066666666666666,85.39999999999999,1255.0666666666666,0.0,0.0,0.0
1755,28.916666666666664,13.299999999999999,0.0,35.733333333333334,0.0,0.0,44.13333333333333,25.6,0.0,0.0,152.7,498.04999999999995,0.0,186.36666666666665,828.6666666666665,0.0,57.83333333333333,630.6666666666667
1756,11.016666666666666,20.2,0.0,1.4,42.25,0.0,51.7,62.65,0.0,13.3,0.0,293.1333333333333,0.0,0.0,358.4166666666667,0.0,82.01666666666667,1204.6166666666668
1757,28.33333333333333,120.63333333333334,412.6333333333333,48.06666666666666,28.6,0.0,4.050000000000001,0.0,271.20000000000005,0.0,10.333333333333334,103.86666666666666,0.0,78.73333333333332,56.666666666666664,0.0,0.0,607.7833333333333
1758,31.3,161.38333333333333,503.0666666666667,1.3833333333333333,4.5,0.0,79.48333333333333,27.53333333333333,289.9833333333333,0.0,0.0,793.3,0.0,29.05,82.36666666666666,0.0,0.0,556.8166666666666
1759,43.93333333333334,32.25,165.96666666666667,6.6000000000000005,44.916666666666664,0.0,39.5,42.25,0.0,0.0,37.666666666666664,313.55,0.0,209.06666666666666,408.83333333333337,0.0,9.5,204.13333333333335
1760,14.316666666666666,151.46666666666664,0.0,31.733333333333334,90.76666666666667,0.0,26.96666666666667,22.5,52.8,0.0,116.21666666666665,0.0,8.3,41.166666666666664,716.3333333333334,0.0,0.0,0.0
1761,46.349999999999994,0.0,0.0,0.0,0.0,568.4000000000001,0.0,0.0,0.0,0.0,91.83333333333333,1130.2666666666667,0.0,68.88333333333333,0.0,0.0,0.0,555.1333333333333
1762,26.866666666666667,0.0,0.0,0.0,0.0,0.0,24.483333333333334,0.0,0.0,16.950000000000003,17.066666666666666,0.0,0.0,0.0,426.23333333333335,0.0,0.0,0.0
1763,52.58333333333333,32.300000000000004,0.0,4.766666666666667,73.08333333333333,185.5,0.0,32.333333333333336,0.0,0.0,181.9,2073.0166666666664,25.316666666666666,0.0,299.48333333333335,0.0,0.0,1370.9
1764,14.916666666666666,0.0,0.0,39.31666666666666,122.6,72.75,13.833333333333334,24.599999999999998,172.06666666666666,0.0,15.416666666666668,745.7833333333334,0.0,0.0,1598.15,12.95,133.93333333333334,243.1
1765,17.783333333333335,0.0,0.0,74.01666666666667,96.58333333333333,33.0,53.9,105.05,0.0,0.0,160.43333333333334,11.0,0.0,0.0,545.05,0.0,0.0,243.83333333333334
1766,53.63333333333333,0.0,0.0,19.25,166.95,0.0,13.849999999999998,102.0,0.0,0.0,174.83333333333334,366.23333333333335,0.0,0.0,547.7833333333333,0.0,110.6,61.86666666666667
1767,33.083333333333336,24.5,165.54999999999998,22.816666666666666,0.0,304.5,25.333333333333332,0.0,0.0,26.733333333333334,0.0,689.7166666666667,0.0,0.0,443.3833333333333,0.0,49.86666666666667,120.51666666666667
1768,28.833333333333332,4.666666666666667,0.0,7.65,219.66666666666666,0.0,18.31666666666667,0.0,0.0,0.0,15.6,313.18333333333334,0.0,90.3,34.983333333333334,0.0,0.0,1693.3666666666666
1769,83.46666666666667,0.0,0.0,34.166666666666664,0.0,129.60000000000002,25.616666666666667,49.83333333333333,0.0,17.6,25.166666666666664,366.16666666666663,0.0,37.68333333333334,618.8666666666667,16.166666666666664,0.0,285.1333333333333
1770,84.73333333333333,90.85,0.0,0.0,107.5,0.0,16.1,61.86666666666667,0.0,0.0,29.25,0.0,23.666666666666668,0.0,900.85,0.0,77.7,519.1333333333333
1771,111.98333333333333,137.66666666666669,221.0,18.15,83.58333333333334,316.2,4.3,157.9,0.0,0.0,118.30000000000001,206.18333333333334,0.0,0.0,0.0,0.0,30.983333333333334,878.2
1772,7.4,0.0,132.01666666666668,41.78333333333333,50.0,37.36666666666667,49.349999999999994,34.5,0.0,5.966666666666667,97.53333333333333,0.0,0.0,39.9,521.2833333333334,18.533333333333335,36.66666666666667,1608.8999999999999
1773,0.0,84.9,365.40000000000003,0.7166666666666667,114.93333333333334,0.0,7.883333333333333,98.13333333333334,0.0,10.7,0.0,0.0,0.0,0.0,36.333333333333336,8.8,12.400000000000002,0.0
1774,9.5,49.86666666666667,0.0,6.833333333333334,134.96666666666667,0.0,1.9,143.36666666666667,0.0,0.0,31.85,869.5166666666667,0.0,0.0,5.683333333333333,0.0,0.0,326.83333333333337
1775,162.75,99.05000000000001,678.3000000000001,5.550000000000001,0.0,0.0,16.8,13.5,547.1999999999999,2.0833333333333335,64.88333333333334,1304.0833333333333,0.0,0.0,283.5,0.0,0.0,407.2833333333333
1776,20.066666666666666,67.4,38.63333333333333,48.11666666666667,19.0,364.78333333333336,45.63333333333333,29.599999999999998,215.01666666666668,22.866666666666667,183.36666666666667,823.0666666666666,0.0,150.85,1043.2666666666667,0.0,0.0,0.0
1777,43.800000000000004,16.0,0.0,34.86666666666667,197.29999999999998,506.8,13.4,0.0,0.0,0.0,0.0,475.26666666666665,0.0,0.0,1361.1666666666665,0.0,0.0,273.51666666666665
1778,24.0,0.0,0.0,39.11666666666667,0.0,12.033333333333333,44.766666666666666,82.13333333333334,0.0,0.0,103.03333333333333,733.8166666666667,41.58333333333333,0.0,815.1833333333334,0.0,0.0,503.15
1779,13.083333333333334,62.06666666666667,1003.6833333333334,12.299999999999999,66.16666666666667,0.0,71.96666666666665,36.1,0.0,31.25,12.25,1331.6333333333334,0.0,22.516666666666666,0.0,0.0,37.483333333333334,615.9
1780,0.0,29.0,0.0,25.900000000000002,0.0,14.3,45.4,227.15,0.0,0.0,127.66666666666667,856.4000000000001,0.0,210.96666666666667,541.75,1.7333333333333334,0.0,223.3
1781,0.0,0.0,163.35,26.333333333333332,84.86666666666667,0.0,6.583333333333334,13.933333333333334,0.0,8.233333333333333,0.0,638.6333333333333,0.0,0.0,296.45,0.0,27.833333333333332,826.8666666666668
1782,26.85,69.6,246.0,26.583333333333332,66.46666666666667,25.666666666666668,0.0,0.0,440.45000000000005,0.0,0.0,631.1666666666667,0.0,111.13333333333333,262.2,0.0,220.85,1611.95
1783,6.183333333333334,79.16666666666667,119.00000000000001,32.65,94.71666666666667,134.73333333333332,0.0,36.4,0.0,0.0,105.4,914.9166666666667,0.0,0.0,312.5,0.0,0.0,516.45
1784,24.216666666666665,4.666666666666667,0.0,66.18333333333332,111.51666666666667,0.0,28.666666666666668,34.66666666666667,0.0,0.0,0.0,546.7333333333333,0.0,0.0,505.4333333333333,0.0,0.0,110.7
1785,9.5,0.0,0.0,26.916666666666668,144.96666666666667,394.8333333333333,13.466666666666665,25.85,0.0,7.9,0.0,44.8,0.0,0.0,87.63333333333334,0.0,65.8,113.39999999999999
1786,4.133333333333334,257.06666666666666,0.0,8.6,75.75,413.6,15.450000000000001,118.0,201.06666666666666,0.0,96.68333333333332,208.05,0.0,25.666666666666664,219.58333333333331,0.0,0.0,217.06666666666666
1787,21.083333333333332,0.0,0.0,19.9,0.0,229.66666666666666,1.4,0.0,0.0,0.0,14.5,180.91666666666666,0.0,87.41666666666667,93.6,0.0,134.46666666666664,0.0
1788,59.46666666666667,77.4,554.4000000000001,5.883333333333334,128.41666666666669,0.0,15.1,0.0,0.0,0.0,12.8,363.2,0.0,123.81666666666668,451.59999999999997,0.0,0.0,330.8666666666667
1789,5.0,232.1,0.0,21.166666666666664,125.6,0.0,11.516666666666666,69.1,0.0,0.0,0.0,2037.55,4.6,50.06666666666667,862.8,0.0,103.25,0.0
1790,0.0,188.7,0.0,0.0,26.666666666666664,0.0,13.6,135.60000000000002,166.36666666666665,0.0,20.4,709.4166666666666,10.366666666666667,107.98333333333333,0.0,0.0,0.0,423.96666666666664
1791,13.6,180.29999999999998,0.0,24.066666666666666,0.0,0.0,47.66666666666667,71.96666666666667,0.0,0.0,100.7,109.19999999999999,0.0,9.2,0.0,0.0,0.0,0.0
1792,12.5,95.71666666666667,171.60000000000002,25.55,0.0,366.83333333333337,47.483333333333334,0.0,299.91666666666663,0.0,0.0,591.6166666666667,0.0,173.65,1258.2333333333333,0.0,161.6,150.8
1793,16.0,11.266666666666667,212.50000000000003,29.316666666666666,7.166666666666667,0.0,15.75,0.0,24.666666666666664,7.916666666666666,57.53333333333333,341.6,0.0,137.0,582.1,0.0,0.0,915.3499999999999
1794,23.21666666666667,11.133333333333333,0.0,37.8,176.14999999999998,0.0,29.75,0.0,0.0,0.0,104.30000000000001,114.36666666666666,0.0,23.916666666666664,729.8666666666667,0.0,21.45,1061.95
1795,23.416666666666668,60.48333333333333,0.0,34.21666666666666,128.4,0.0,59.46666666666667,0.0,0.0,36.16666666666667,187.3,1116.0333333333333,0.0,0.0,0.0,0.0,0.0,76.26666666666667
1796,42.06666666666667,0.0,0.0,58.66666666666667,0.0,0.0,82.38333333333334,40.5,0.0,0.0,198.48333333333335,1099.3,0.0,0.0,0.0,0.0,0.0,249.75
1797,96.71666666666667,0.0,0.0,112.01666666666665,20.2,481.1,20.933333333333334,3.6666666666666665,0.0,0.0,78.6,501.78333333333336,0.0,0.0,0.0,0.0,0.0,262.15
1798,73.25,179.86666666666665,0.0,116.26666666666667,13.316666666666666,0.0,44.983333333333334,59.766666666666666,0.0,0.0,61.00000000000001,672.65,52.50000000000001,0.0,835.5833333333334,0.0,36.833333333333336,0.0
1799,59.150000000000006,162.76666666666665,334.43333333333334,20.866666666666667,57.83333333333333,0.0,8.516666666666666,0.0,147.96666666666667,15.933333333333334,19.733333333333334,360.1333333333333,0.0,0.0,104.53333333333333,0.0,0.0,136.46666666666667
1800,69.68333333333334,84.35,87.0,21.616666666666667,47.48333333333333,0.0,17.5,61.133333333333326,0.0,0.0,12.2,784.7833333333333,0.0,58.88333333333333,553.75,0.0,93.68333333333334,401.5833333333333
1801,11.666666666666666,36.13333333333333,0.0,72.86666666666667,121.09999999999998,0.0,6.75,171.41666666666669,0.0,0.0,78.13333333333333,474.6333333333333,0.0,78.98333333333333,478.0333333333333,4.833333333333333,0.0,1052.5666666666666
1802,26.433333333333334,87.2,0.0,22.6,162.66666666666669,0.0,1.2833333333333332,77.66666666666667,0.0,0.0,28.783333333333335,489.3,2.066666666666667,114.86666666666666,674.1,0.0,0.0,1155.4833333333333
1803,0.0,0.0,0.0,28.916666666666668,129.46666666666664,451.5,0.0,114.13333333333334,0.0,0.0,0.0,78.2,5.6,126.51666666666668,354.6,0.0,0.0,1942.9833333333331
1804,6.5,78.55000000000001,0.0,109.4,31.966666666666665,0.0,4.4,0.0,0.0,0.0,0.0,232.5,0.0,69.76666666666667,172.79999999999998,28.166666666666668,15.016666666666666,254.6
1805,55.516666666666666,13.883333333333333,564.8,14.100000000000001,26.599999999999998,0.0,0.0,0.0,0.0,0.0,29.416666666666668,0.0,0.0,37.766666666666666,307.7166666666667,0.0,82.85,444.5666666666666
1806,39.800000000000004,141.83333333333334,0.0,1.8166666666666667,97.2,0.0,27.85,97.75,0.0,0.0,4.75,144.3,0.0,68.66666666666667,0.0,0.0,0.0,658.8000000000001
1807,49.666666666666664,83.15,320.1333333333333,0.0,10.166666666666666,0.0,18.133333333333333,24.1,0.0,0.0,85.48333333333333,981.9000000000001,0.0,0.0,813.1666666666666,4.416666666666666,0.0,573.0666666666666
1808,23.95,0.0,233.33333333333334,9.833333333333332,125.88333333333334,0.0,3.3333333333333335,0.0,0.0,4.166666666666667,7.583333333333334,380.8,0.0,13.4,0.0,0.0,26.666666666666664,1202.0
1809,34.266666666666666,11.4,97.0,9.283333333333333,0.0,0.0,26.333333333333332,145.9,0.0,17.599999999999998,0.0,402.1666666666667,0.0,0.0,385.8,0.0,0.0,0.0
1810,35.46666666666667,208.55,78.0,18.15,0.0,0.0,0.0,0.0,0.0,0.0,9.8,437.1,0.0,21.066666666666666,481.8333333333333,8.666666666666666,57.93333333333333,762.5666666666666
1811,63.666666666666664,48.33333333333333,39.28333333333333,19.8,0.0,0.0,56.68333333333333,50.71666666666667,0.0,0.0,0.0,1841.4499999999998,0.0,185.06666666666666,234.65,0.0,32.16666666666667,1254.8
1812,125.98333333333333,0.0,0.0,36.68333333333333,0.0,251.66666666666666,42.71666666666667,69.0,0.0,0.0,160.8,827.5333333333333,0.0,79.4,50.75,30.916666666666668,253.83333333333334,34.31666666666667
1813,54.83333333333333,61.599999999999994,729.0999999999999,41.8,8.016666666666667,203.46666666666667,51.2,180.76666666666665,0.0,0.0,86.58333333333333,1979.7833333333333,0.0,64.88333333333334,563.9833333333332,0.0,41.166666666666664,63.7
1814,62.300000000000004,139.15,0.0,18.299999999999997,0.0,0.0,59.116666666666674,66.0,0.0,9.833333333333334,144.83333333333334,732.7333333333333,0.0,193.43333333333334,723.4333333333333,14.866666666666667,0.0,200.60000000000002
1815,22.333333333333332,0.0,0.0,86.01666666666667,59.39999999999999,0.0,5.233333333333333,0.0,0.0,0.0,133.51666666666665,0.0,0.0,201.3,0.0,0.0,0.0,0.0
1816,49.95,10.4,0.0,0.0,22.733333333333334,0.0,0.7333333333333333,3.833333333333333,0.0,2.966666666666667,163.43333333333334,1273.5166666666667,2.2666666666666666,0.0,38.5,0.0,54.333333333333336,537.6833333333333
1817,51.56666666666667,53.41666666666667,65.93333333333334,49.6,236.4,0.0,14.05,72.0,0.0,15.0,0.0,643.8,0.0,0.0,341.85,0.0,0.0,897.1666666666666
1818,43.633333333333326,131.88333333333333,35.650000000000006,44.95,69.25,646.7333333333333,0.0,0.0,0.0,0.0,8.2,460.66666666666663,0.0,27.5,147.25,0.0,180.96666666666664,349.9666666666667
1819,30.583333333333332,44.333333333333336,0.0,15.566666666666666,0.0,287.05,12.433333333333334,78.8,0.0,0.0,23.1,1230.7,0.0,7.366666666666667,64.53333333333333,0.0,0.0,840.5333333333333
1820,61.65,0.0,0.0,15.783333333333333,2.4,0.0,29.71666666666667,26.333333333333332,0.0,0.0,0.0,1282.9166666666667,0.0,190.38333333333333,1017.4333333333333,0.0,24.916666666666664,0.0
1821,8.166666666666666,0.0,473.0166666666667,90.08333333333333,112.73333333333332,0.0,34.016666666666666,88.2,497.1166666666667,0.0,4.216666666666667,1178.3000000000002,0.0,0.0,1262.7833333333333,0.0,0.0,586.65
1822,27.116666666666667,53.66666666666667,144.29999999999998,9.583333333333334,82.93333333333334,0.0,35.43333333333333,72.0,0.0,37.9,71.23333333333332,401.0333333333333,0.0,81.69999999999999,0.0,0.0,0.0,1884.5833333333335
1823,11.916666666666666,0.0,638.0666666666667,114.25,96.43333333333332,0.0,0.0,46.483333333333334,0.0,0.0,136.43333333333334,812.2333333333333,16.283333333333335,0.0,612.3666666666667,0.0,0.0,179.28333333333333
1824,44.733333333333334,0.0,99.76666666666667,4.5,197.10000000000002,0.0,33.916666666666664,25.200000000000003,880.6,0.0,116.21666666666665,626.4,0.0,71.68333333333334,0.0,0.0,99.0,415.70000000000005
1825,28.499999999999996,78.76666666666668,0.0,6.333333333333333,120.63333333333333,0.0,33.15,0.0,0.0,0.0,6.166666666666666,0.0,0.0,0.0,702.3166666666666,0.0,0.0,51.300000000000004
1826,49.400000000000006,188.71666666666667,0.0,28.866666666666667,34.266666666666666,0.0,30.800000000000004,40.7,0.0,0.0,109.05000000000001,241.6,0.0,0.0,0.0,0.0,27.866666666666667,30.5
1827,8.25,153.26666666666665,0.0,105.76666666666667,6.75,761.7333333333333,0.0,72.25,0.0,0.0,0.0,0.0,0.0,132.2,844.1666666666666,0.0,77.58333333333334,638.4
1828,30.0,23.333333333333336,0.0,4.233333333333333,0.0,0.0,1.4000000000000001,43.699999999999996,0.0,0.0,0.0,850.0500000000001,0.0,0.0,380.7,0.0,71.0,317.93333333333334
1829,0.0,69.13333333333333,0.0,76.8,0.0,0.0,0.0,29.1,268.2166666666667,0.0,0.0,1331.4333333333334,9.0,3.2666666666666666,0.0,27.066666666666666,0.0,876.2166666666667
1830,24.71666666666667,0.0,0.0,11.95,16.466666666666665,0.0,22.45,104.26666666666667,0.0,0.0,47.133333333333326,443.4333333333333,0.0,17.96666666666667,0.0,0.0,77.66666666666666,426.85
1831,30.000000000000004,108.23333333333332,314.2833333333333,2.0,25.866666666666667,0.0,0.0,82.25,0.0,0.0,5.75,152.43333333333334,0.0,52.333333333333336,457.51666666666665,0.0,0.0,256.2
1832,78.46666666666667,86.13333333333334,1165.55,2.683333333333333,52.13333333333334,0.0,17.883333333333333,0.0,0.0,0.0,102.08333333333334,876.85,0.0,105.45,0.0,43.0,71.39999999999999,347.29999999999995
1833,45.766666666666666,69.71666666666667,0.0,2.533333333333333,0.0,189.9666666666667,4.15,20.0,0.0,39.3,51.2,636.7166666666667,5.4,80.43333333333332,452.4,0.0,0.0,870.35
1834,0.0,100.41666666666666,928.6666666666666,11.616666666666667,58.0,0.0,23.433333333333334,154.61666666666667,0.0,0.0,0.0,678.6666666666667,0.0,0.0,1256.8333333333333,0.0,0.0,114.66666666666667
1835,18.099999999999998,151.13333333333333,0.0,12.95,178.05,0.0,10.0,94.91666666666666,0.0,0.0,0.0,475.0,0.0,29.400000000000002,447.66666666666663,0.0,0.0,216.0
1836,17.166666666666668,0.0,0.0,9.950000000000001,45.05,697.9166666666666,21.45,19.6,140.4,0.0,111.3,130.66666666666666,0.0,58.0,0.0,0.0,29.400000000000002,0.0
1837,25.91666666666667,109.4,0.0,28.833333333333332,12.3,0.0,0.0,0.0,0.0,0.0,32.63333333333333,0.0,0.0,155.16666666666669,75.2,0.0,105.13333333333333,1241.6833333333334
1838,41.41666666666667,87.46666666666667,0.0,10.15,124.23333333333333,0.0,0.0,166.25,727.0,0.0,276.03333333333336,728.1500000000001,0.0,17.2,576.5333333333333,0.0,0.0,2703.45
1839,18.5,47.4,0.0,36.483333333333334,14.0,0.0,14.533333333333333,0.0,0.0,0.0,138.9,0.0,0.0,0.0,11.716666666666667,1.5,0.0,646.7333333333333
1840,39.31666666666667,117.16666666666667,0.0,4.083333333333333,79.8,0.0,16.15,0.0,133.0,40.13333333333333,44.05,0.0,17.549999999999997,90.56666666666666,465.98333333333335,0.0,54.2,366.29999999999995
1841,114.5,134.01666666666668,0.0,26.1,0.0,0.0,22.166666666666664,155.2,0.0,0.0,38.85,845.75,0.0,0.0,427.1166666666667,0.0,106.18333333333332,284.51666666666665
1842,10.216666666666667,52.35,167.5,10.8,27.733333333333334,0.0,20.3,0.0,24.200000000000003,0.0,125.65,359.5,13.4,0.0,354.8333333333333,0.0,0.0,607.8333333333334
1843,2.183333333333333,111.1,0.0,5.083333333333334,45.36666666666667,0.0,5.8,0.0,0.0,0.0,42.733333333333334,575.0333333333333,0.0,44.766666666666666,0.0,0.0,73.88333333333334,16.0
1844,73.38333333333333,7.416666666666667,0.0,6.8999999999999995,4.933333333333334,0.0,6.1,80.15,0.0,0.0,56.68333333333334,932.7666666666668,0.0,10.6,623.0666666666666,22.4,0.0,203.5
1845,34.95,48.0,0.0,22.416666666666668,56.35,0.0,18.5,78.1,0.0,0.0,0.0,2053.5166666666664,0.0,0.0,792.5333333333333,0.0,0.0,824.8333333333333
1846,8.383333333333333,50.05,0.0,0.0,25.2,0.0,12.766666666666666,0.0,235.6,4.083333333333333,10.2,565.45,0.0,0.0,0.0,0.0,0.0,760.7333333333333
1847,8.083333333333334,134.93333333333334,296.1,57.43333333333334,0.0,0.0,10.666666666666666,42.93333333333334,0.0,14.083333333333334,18.666666666666668,714.9000000000001,0.0,44.199999999999996,508.33333333333337,0.0,52.63333333333333,29.666666666666668
1848,30.249999999999996,179.08333333333331,444.40000000000003,12.133333333333333,0.0,0.0,2.4166666666666665,11.0,0.0,0.0,0.0,0.0,0.0,14.566666666666668,562.1500000000001,1.1166666666666667,77.81666666666666,660.6999999999999
1849,47.7,194.48333333333332,0.0,24.833333333333336,223.86666666666665,219.68333333333334,17.966666666666665,0.0,0.0,0.0,123.0,1140.2666666666667,0.0,78.4,698.8333333333334,0.0,92.86666666666666,260.8666666666667
1850,7.1,68.83333333333334,308.7,1.7333333333333334,208.71666666666667,393.68333333333334,29.799999999999997,57.916666666666664,0.0,0.0,0.0,11.466666666666667,0.0,63.8,162.0,0.0,33.25,284.1166666666667
1851,57.96666666666667,59.2,0.0,45.21666666666667,0.0,0.0,23.366666666666667,134.86666666666667,124.96666666666667,7.5,46.86666666666667,256.95,0.0,28.933333333333337,236.03333333333336,0.0,177.48333333333335,1150.1833333333332
1852,44.1,0.0,0.0,13.066666666666666,49.983333333333334,0.0,0.0,112.76666666666668,89.01666666666667,0.0,0.0,124.0,0.0,185.4,338.7,0.0,6.716666666666668,578.0500000000001
1853,45.11666666666667,251.5,0.0,10.066666666666666,7.1,0.0,3.5999999999999996,71.16666666666666,0.0,0.0,20.416666666666664,725.9166666666667,0.0,0.0,614.1666666666667,0.0,0.0,442.8666666666666
1854,74.93333333333332,44.266666666666666,0.0,25.4,37.0,0.0,41.53333333333334,86.78333333333333,237.96666666666667,0.0,40.25,430.5,0.0,0.0,0.0,0.0,0.0,213.66666666666669
1855,0.0,113.83333333333334,0.0,61.49999999999999,0.0,10.2,5.766666666666666,124.01666666666667,250.1,0.0,77.33333333333333,195.5,0.0,114.10000000000001,0.0,0.0,38.96666666666667,955.0833333333334
1856,27.516666666666666,131.36666666666667,477.8333333333333,33.833333333333336,168.85,0.0,80.6,0.0,0.0,0.0,102.93333333333334,0.0,0.0,74.25,0.0,0.0,0.0,893.05
1857,48.83333333333333,0.0,0.0,37.83333333333333,0.0,0.0,50.95,133.31666666666666,0.0,0.0,151.25,478.23333333333335,35.199999999999996,0.0,224.0333333333333,0.0,72.63333333333333,1022.35
1858,4.416666666666666,42.5,354.59999999999997,36.21666666666667,7.466666666666667,0.0,15.45,93.21666666666667,0.0,9.8,28.699999999999996,364.9833333333333,25.5,50.050000000000004,455.30000000000007,0.0,172.8,80.53333333333333
1859,9.666666666666666,7.966666666666667,0.0,79.55,0.0,0.0,13.333333333333334,2.3833333333333333,631.7333333333333,3.4,109.53333333333333,388.7,0.0,0.0,40.8,0.0,85.68333333333334,1114.15
1860,61.11666666666666,14.25,0.0,7.9,88.69999999999999,103.69999999999999,10.15,0.0,0.0,29.6,40.483333333333334,415.48333333333335,0.0,24.266666666666666,0.0,0.0,142.4,489.96666666666664
1861,80.76666666666667,0.0,0.0,79.1,0.0,0.0,2.216666666666667,129.5,0.0,0.0,108.86666666666667,799.7166666666667,0.0,121.83333333333334,126.58333333333334,0.0,59.5,523.1333333333333
1862,16.700000000000003,2.2,0.0,7.416666666666666,22.866666666666667,0.0,10.166666666666666,55.5,0.0,0.0,0.0,127.3,0.0,37.05,177.36666666666667,0.0,15.983333333333333,0.0
1863,12.45,38.0,0.0,56.48333333333333,0.0,0.0,63.650000000000006,44.96666666666667,0.0,0.0,96.08333333333333,332.8,0.0,42.300000000000004,529.65,0.0,139.9,71.25
1864,14.700000000000001,0.0,0.0,3.1,176.36666666666667,0.0,0.0,60.699999999999996,0.0,0.0,130.9,243.95000000000002,0.0,238.66666666666666,49.2,0.0,0.0,75.39999999999999
1865,13.533333333333333,0.0,0.0,48.51666666666667,23.066666666666666,45.33333333333333,4.833333333333333,18.6,0.0,0.0,38.733333333333334,219.08333333333331,0.0,134.41666666666669,0.0,0.0,0.0,683.3833333333333
1866,40.63333333333333,0.0,118.25,30.650000000000002,30.25,0.0,0.0,2.55,0.0,19.7,0.0,1694.5666666666666,19.75,0.0,502.54999999999995,0.0,74.68333333333334,395.2
1867,8.833333333333334,119.43333333333334,497.35,2.3666666666666667,182.14999999999998,0.0,12.366666666666667,0.0,0.0,0.0,153.23333333333335,624.3333333333333,7.166666666666667,7.5,766.1833333333333,0.0,18.633333333333333,0.0
1868,8.6,68.48333333333332,552.5666666666666,26.566666666666666,255.6,0.0,31.36666666666667,0.0,0.0,0.0,0.0,124.8,0.0,75.60000000000001,682.4499999999999,0.0,24.25,945.0333333333333
1869,33.083333333333336,0.0,206.8,35.300000000000004,0.0,0.0,56.25000000000001,67.2,0.0,0.0,77.48333333333332,579.7666666666667,5.2,0.0,147.1,7.949999999999999,44.45,396.98333333333335
1870,49.516666666666666,8.4,0.0,37.16666666666667,127.23333333333332,516.6,1.2000000000000002,0.0,0.0,0.0,126.46666666666667,228.86666666666667,0.0,73.4,1379.4666666666667,0.0,21.466666666666665,392.0
1871,0.0,59.2,0.0,20.066666666666666,45.58333333333333,0.0,1.4333333333333333,0.0,0.0,0.0,120.53333333333333,0.0,20.166666666666664,83.76666666666667,938.9333333333334,0.0,100.58333333333334,66.58333333333333
1872,27.366666666666667,178.76666666666668,0.0,0.0,0.0,0.0,3.8333333333333335,41.03333333333333,0.0,0.0,72.13333333333333,0.0,0.0,0.0,40.666666666666664,0.0,101.16666666666667,0.0
1873,20.45,36.83333333333333,99.43333333333334,0.0,32.78333333333333,0.0,10.2,0.0,386.40000000000003,0.0,0.0,80.30000000000001,0.0,127.26666666666667,371.2,0.0,58.3,879.65
1874,2.5666666666666664,152.53333333333336,90.0,37.1,0.0,127.3,0.0,81.41666666666667,0.0,0.0,0.0,723.45,21.816666666666666,35.15,631.25,7.85,87.93333333333334,1025.1833333333334
1875,32.16666666666667,26.0,0.0,19.916666666666668,36.3,0.0,23.433333333333334,12.5,143.76666666666665,0.0,0.0,1680.7333333333333,0.0,27.6,298.15,0.0,97.46666666666667,326.7
1876,18.183333333333334,0.0,0.0,10.6,68.46666666666667,82.86666666666666,17.5,165.36666666666667,0.0,0.0,83.06666666666666,897.3833333333334,0.0,108.16666666666666,1062.7333333333333,0.0,0.0,36.45
1877,59.233333333333334,0.0,0.0,42.96666666666667,52.56666666666666,0.0,4.966666666666667,0.0,54.266666666666666,0.0,22.666666666666668,363.31666666666666,12.400000000000002,0.8,628.15,0.0,11.616666666666667,213.7833333333333
1878,40.0,4.666666666666666,0.0,7.300000000000001,0.0,0.0,63.51666666666667,64.55,0.0,0.0,176.13333333333333,612.1,0.0,0.0,124.44999999999999,9.7,0.0,119.0
1879,0.0,233.76666666666665,0.0,13.4,0.0,613.8,36.35,0.0,405.73333333333335,9.45,89.6,380.05,0.0,0.0,28.366666666666667,0.0,104.2,611.9666666666667
1880,2.8499999999999996,134.41666666666666,246.39999999999998,0.0,98.73333333333332,573.4333333333334,47.6,30.0,0.0,7.8,3.6,306.29999999999995,0.0,14.733333333333334,72.83333333333333,0.0,17.966666666666665,270.7333333333333
1881,46.16666666666667,29.75,0.0,51.56666666666666,0.0,0.0,4.866666666666666,0.0,0.0,0.0,89.25,0.0,0.0,110.4,203.28333333333333,0.0,0.0,0.0
1882,17.416666666666668,182.66666666666666,0.0,0.0,0.0,0.0,29.066666666666666,116.76666666666667,0.0,0.0,169.31666666666666,710.8,0.0,0.0,940.25,0.0,0.0,1068.1166666666666
1883,12.5,7.333333333333333,985.4666666666667,4.5,2.3333333333333335,0.0,0.0,0.0,0.0,0.0,80.0,612.15,0.0,9.7,0.0,0.0,0.0,573.9333333333333
1884,43.81666666666666,0.0,627.1500000000001,0.0,72.8,0.0,5.7,0.0,0.0,0.0,186.53333333333333,342.2,0.0,2.2,1166.7166666666667,0.0,4.116666666666667,359.43333333333334
1885,18.299999999999997,45.3,0.0,0.26666666666666666,135.8,0.0,34.400000000000006,0.0,0.0,0.0,138.85000000000002,238.81666666666666,5.933333333333334,20.25,200.9,0.0,0.0,126.93333333333334
1886,46.516666666666666,0.0,0.0,17.4,109.5,112.0,79.48333333333333,0.0,326.73333333333335,0.0,33.83333333333333,574.05,0.0,0.0,74.0,0.0,0.0,153.18333333333334
1887,14.533333333333333,188.1,0.0,6.8999999999999995,46.36666666666667,0.0,23.3,0.0,0.0,0.0,20.5,545.0833333333333,0.0,111.63333333333333,495.7,0.0,0.0,0.0
1888,35.81666666666666,107.83333333333333,77.4,17.883333333333333,82.19999999999999,0.0,6.283333333333333,93.28333333333333,0.0,0.5333333333333333,33.0,726.1,0.0,50.63333333333333,364.3333333333333,0.0,57.333333333333336,372.1166666666667
1889,0.0,111.66666666666667,0.0,82.03333333333333,337.4166666666667,0.0,31.75,0.0,0.0,0.0,59.2,654.25,0.0,0.0,847.3833333333334,0.0,27.5,125.8
1890,9.8,42.5,0.0,0.0,45.28333333333333,0.0,70.89999999999999,0.0,330.9166666666667,0.0,0.0,307.0333333333333,26.71666666666667,28.4,0.0,0.0,0.0,727.2833333333333
1891,116.38333333333334,167.96666666666667,0.0,14.299999999999999,57.983333333333334,0.0,6.200000000000001,0.0,0.0,0.0,55.83333333333333,0.0,0.0,0.0,1737.85,0.0,166.21666666666667,148.2
1892,58.4,101.63333333333334,281.59999999999997,63.983333333333334,57.75,0.0,24.900000000000002,12.5,0.0,0.0,36.66666666666667,556.1,14.333333333333334,142.23333333333335,0.0,0.0,86.9,594.5166666666667
1893,17.700000000000003,0.0,0.0,14.9,51.8,0.0,6.4,0.0,0.0,0.0,97.76666666666667,183.13333333333333,0.0,48.75,311.59999999999997,0.0,0.0,811.65
1894,0.0,59.0,0.0,24.18333333333333,128.2,0.0,22.783333333333335,33.733333333333334,0.0,0.0,101.81666666666666,44.2,0.0,0.0,145.93333333333334,4.333333333333333,97.38333333333333,9.0
1895,34.66666666666667,129.1,0.0,14.016666666666666,59.41666666666667,0.0,40.08333333333333,71.56666666666666,291.83333333333337,0.0,51.86666666666667,0.0,0.0,6.666666666666666,97.5,0.0,0.0,228.23333333333332
1896,24.73333333333333,35.33333333333333,0.0,45.35,140.36666666666667,546.0,17.916666666666664,27.4,0.0,0.0,0.0,1553.0166666666667,8.100000000000001,239.33333333333334,901.0999999999999,0.0,16.5,51.2
1897,29.25,9.333333333333332,0.0,22.250000000000004,0.0,230.53333333333333,67.41666666666667,0.0,0.0,0.0,0.0,261.58333333333337,0.0,0.0,324.71666666666664,11.3,9.816666666666668,94.65
1898,0.0,0.0,0.0,33.83333333333333,23.333333333333332,0.0,21.116666666666667,108.00000000000001,0.0,0.0,47.6,407.7833333333333,0.0,104.26666666666667,31.633333333333333,0.0,16.6,193.33333333333331
1899,61.08333333333334,57.900000000000006,0.0,0.0,47.31666666666666,0.0,0.18333333333333332,0.0,0.0,0.0,97.36666666666667,0.0,0.0,13.933333333333332,753.9000000000001,0.0,118.35,213.96666666666664
1900,45.88333333333333,26.43333333333333,0.0,38.96666666666667,164.83333333333334,0.0,0.0,24.7,0.0,2.75,11.0,1420.6,0.0,52.06666666666668,0.0,0.0,0.0,357.2833333333333
1901,59.550000000000004,54.599999999999994,0.0,79.9,134.55,0.0,56.03333333333333,23.866666666666667,103.0,0.0,1.9,663.8166666666666,0.0,0.0,470.0166666666667,0.0,75.75,151.05
1902,5.8,27.516666666666666,0.0,0.0,23.833333333333332,0.0,47.65,50.51666666666666,152.16666666666666,0.0,55.25,187.83333333333331,0.0,0.0,0.0,16.799999999999997,0.0,252.46666666666667
1903,48.03333333333333,114.56666666666668,298.0,15.683333333333334,107.38333333333334,0.0,26.916666666666664,66.31666666666666,383.3666666666667,18.266666666666666,0.0,0.0,14.0,0.0,618.6,25.0,35.56666666666667,251.6
1904,36.88333333333333,10.483333333333334,0.0,20.9,107.0,0.0,17.616666666666667,56.18333333333334,0.0,0.0,222.79999999999998,590.3333333333333,0.0,10.966666666666667,0.0,0.0,115.88333333333335,230.06666666666666
1905,50.516666666666666,23.283333333333335,0.0,36.050000000000004,0.0,0.0,39.88333333333333,18.55,0.0,0.0,123.6,604.1,0.0,0.0,157.70000000000002,0.0,0.0,736.1166666666668
1906,30.6,7.866666666666666,0.0,23.05,0.0,0.0,18.46666666666667,106.5,0.0,10.85,14.0,32.3,0.0,72.6,0.0,0.0,0.0,573.0833333333334
1907,54.50000000000001,0.0,0.0,44.91666666666667,141.66666666666669,0.0,26.416666666666664,0.0,101.66666666666667,0.0,0.0,242.33333333333331,0.0,67.53333333333333,678.0333333333333,6.6499999999999995,121.78333333333333,0.0
1908,35.35,44.733333333333334,0.0,2.9833333333333334,0.0,674.6666666666667,0.0,233.75,154.1,0.0,5.066666666666666,0.0,0.0,36.9,215.61666666666667,0.0,110.21666666666667,563.1666666666667
1909,9.45,62.33333333333333,826.2333333333333,46.03333333333333,16.099999999999998,116.0,36.699999999999996,17.733333333333334,0.0,0.0,51.16666666666667,656.5833333333334,0.0,0.0,757.3,0.0,116.16666666666669,0.0
1910,62.25,252.13333333333333,0.0,47.38333333333333,24.133333333333333,0.0,6.8999999999999995,0.0,176.4,0.0,0.0,368.0333333333333,15.1,41.4,0.0,0.0,0.0,284.25
1911,40.75,114.0,0.0,8.2,0.0,0.0,52.333333333333336,148.53333333333333,375.2,0.0,132.65,391.85,0.0,0.0,785.6666666666667,0.0,0.0,701.3666666666666
1912,34.74999999999999,218.41666666666669,46.5,29.366666666666667,13.299999999999999,179.66666666666669,20.666666666666664,129.9,355.2,0.0,7.083333333333334,561.3333333333333,0.0,76.33333333333334,632.0666666666666,0.0,0.0,76.5
1913,0.9333333333333333,8.0,0.0,36.300000000000004,118.91666666666667,0.0,14.466666666666669,22.666666666666668,571.6500000000001,8.516666666666666,0.0,0.0,0.0,16.5,0.0,0.0,70.4,498.01666666666665
1914,19.7,8.75,0.0,1.6,87.91666666666667,370.93333333333334,15.866666666666667,34.266666666666666,607.6,0.0,137.51666666666668,1079.5166666666667,0.0,1.4166666666666665,242.21666666666667,0.0,19.133333333333333,534.5
1915,47.3,132.86666666666665,0.0,18.75,0.0,0.0,35.6,50.5,0.0,0.0,116.33333333333334,0.0,20.833333333333336,61.599999999999994,680.8833333333333,0.0,2.8000000000000003,342.54999999999995
1916,49.43333333333333,81.6,0.0,0.0,137.78333333333333,259.53333333333336,39.05,0.0,0.0,26.133333333333333,0.0,0.0,0.0,51.0,0.0,0.0,130.96666666666667,0.0
1917,25.633333333333333,227.34999999999997,89.6,1.0833333333333333,7.533333333333333,645.6666666666667,31.7,0.0,0.0,0.0,16.8,651.5,0.0,92.14999999999999,1057.5333333333333,0.0,18.2,61.81666666666668
1918,0.0,73.75,325.95000000000005,57.21666666666666,14.883333333333333,0.0,24.7,0.0,69.41666666666667,0.0,13.7,931.7833333333333,21.0,90.58333333333334,832.8666666666668,0.0,121.76666666666665,685.6666666666667
1919,51.50000000000001,0.0,0.0,10.2,34.1,0.0,0.0,40.666666666666664,0.0,0.0,66.18333333333334,817.65,0.0,58.64999999999999,881.4833333333333,0.0,18.633333333333333,42.166666666666664
1920,66.89999999999999,131.88333333333333,0.0,8.1,51.8,0.0,57.016666666666666,103.66666666666667,0.0,0.0,142.56666666666666,441.26666666666665,0.0,0.0,461.25,0.0,0.0,0.0
1921,53.61666666666666,89.66666666666667,192.61666666666665,59.38333333333334,0.0,0.0,13.6,22.25,0.0,0.0,77.06666666666666,765.0166666666667,0.0,0.0,221.60000000000002,0.0,29.666666666666668,814.9666666666667
1922,19.633333333333333,0.0,0.0,18.733333333333334,29.099999999999998,516.0,40.483333333333334,0.0,19.066666666666666,0.0,13.8,1368.8,0.0,0.0,732.3666666666667,0.0,0.0,0.0
1923,14.05,0.0,431.65,21.85,35.75,0.0,22.28333333333333,76.5,223.0,0.0,40.733333333333334,0.0,10.966666666666667,83.58333333333334,555.4166666666666,0.0,0.0,340.28333333333336
1924,14.783333333333333,96.96666666666667,0.0,1.7166666666666666,204.3,21.333333333333332,6.0,117.96666666666667,0.0,0.0,0.0,1039.3333333333335,0.0,27.5,206.6,3.216666666666667,14.45,731.0666666666666
1925,0.0,13.299999999999999,473.54999999999995,80.36666666666666,165.61666666666667,130.9,17.583333333333332,0.0,0.0,0.0,0.0,508.20000000000005,0.0,30.333333333333332,490.18333333333334,25.166666666666664,24.666666666666668,0.0
1926,0.0,50.599999999999994,0.0,51.08333333333333,26.666666666666668,0.0,26.116666666666667,0.0,1386.6666666666667,0.0,67.75,1186.55,0.0,55.53333333333333,0.0,0.0,63.666666666666664,938.6666666666667
1927,47.3,0.0,0.0,30.950000000000003,90.19999999999999,0.0,0.0,0.0,0.0,0.0,152.85,1398.3666666666668,0.0,0.0,51.43333333333334,0.0,0.0,534.7
1928,57.666666666666664,32.0,0.0,1.65,88.25,260.15,113.88333333333333,0.0,570.9166666666666,0.0,167.2,70.2,21.533333333333335,136.08333333333334,0.0,0.0,81.6,17.15
1929,9.566666666666666,14.7,0.0,0.0,29.916666666666668,0.0,39.733333333333334,0.0,638.25,0.0,0.0,139.28333333333333,0.0,0.0,433.76666666666665,0.0,92.9,864.4833333333333
1930,14.566666666666668,117.66666666666667,84.5,45.13333333333334,143.73333333333332,0.0,52.93333333333333,0.0,256.6166666666667,0.0,122.03333333333333,160.55,0.43333333333333335,46.333333333333336,0.0,0.0,0.0,265.1333333333333
1931,0.0,180.58333333333334,0.0,42.35,21.416666666666664,0.0,34.63333333333333,37.7,0.0,0.0,34.2,871.85,0.0,0.0,627.0833333333334,0.0,26.5,259.6666666666667
1932,27.85,13.466666666666667,0.0,23.2,39.6,0.0,62.81666666666666,0.0,0.0,0.0,1.8666666666666667,1071.5,0.0,0.0,718.2,0.0,0.0,0.0
1933,30.366666666666667,105.03333333333333,0.0,0.0,179.76666666666665,0.0,28.233333333333334,165.58333333333331,0.0,0.0,0.0,1161.2666666666667,0.0,0.0,0.0,0.0,0.0,0.0
1934,27.816666666666666,81.75,200.13333333333333,48.93333333333334,11.0,0.0,65.65,40.13333333333334,9.8,0.0,33.93333333333334,262.25,0.0,0.0,1760.7,11.783333333333333,106.63333333333333,1635.3333333333333
1935,43.016666666666666,137.53333333333336,0.0,68.78333333333333,0.0,0.0,57.35,0.0,0.0,0.0,8.8,753.95,0.0,23.75,454.78333333333336,0.0,38.333333333333336,603.5166666666667
1936,35.1,0.0,0.0,0.0,0.0,0.0,26.46666666666667,0.0,0.0,0.0,30.066666666666666,643.5833333333334,0.0,0.0,0.0,0.0,27.333333333333336,564.1999999999999
1937,11.75,49.86666666666666,0.0,35.31666666666667,110.81666666666666,0.0,0.0,60.400000000000006,492.4166666666667,0.0,37.916666666666664,747.7666666666667,0.0,0.0,700.7333333333333,0.0,4.6000000000000005,394.40000000000003
1938,4.866666666666666,20.85,0.0,0.0,85.61666666666667,0.0,39.2,0.0,0.0,0.0,125.41666666666667,108.15,20.166666666666664,0.0,416.73333333333335,0.0,9.4,310.6666666666667
1939,49.53333333333334,11.100000000000001,37.36666666666667,42.46666666666667,172.26666666666668,205.9,0.0,25.4,691.6666666666666,0.0,10.75,835.2,0.0,0.0,763.4,0.0,23.9,773.8
1940,82.91666666666666,0.0,50.16666666666667,29.916666666666668,55.75,168.0,15.6,42.71666666666667,0.0,0.0,65.56666666666666,188.85,0.0,38.583333333333336,189.68333333333334,0.0,0.0,104.36666666666667
1941,88.28333333333333,0.0,0.0,43.65,95.6,434.03333333333336,18.549999999999997,69.35,96.53333333333333,0.0,0.0,117.0,0.0,30.0,213.36666666666667,4.666666666666667,0.0,618.6666666666666
1942,69.36666666666667,0.0,0.0,28.416666666666668,125.01666666666667,0.0,5.083333333333333,167.5,0.0,0.0,155.48333333333332,1572.85,0.0,60.55,488.3,0.0,86.33333333333334,0.0
1943,34.33333333333333,63.74999999999999,0.0,62.28333333333333,0.0,0.0,99.93333333333334,84.86666666666667,0.0,0.0,9.0,443.25000000000006,21.75,75.83333333333333,764.4000000000001,0.0,0.0,103.85000000000001
1944,36.91666666666667,6.266666666666667,0.0,55.666666666666664,16.099999999999998,0.0,53.5,0.0,0.0,0.0,4.2,357.81666666666666,0.0,84.73333333333335,1647.3666666666668,0.0,0.0,0.0
1945,30.433333333333334,8.75,0.0,0.0,103.41666666666666,0.0,62.65,253.06666666666666,167.63333333333335,0.0,81.55,27.55,0.0,23.849999999999998,883.0,0.0,0.0,114.38333333333334
1946,27.833333333333336,85.81666666666666,0.0,34.93333333333333,0.0,164.21666666666667,39.650000000000006,13.533333333333333,235.6,0.0,133.7,332.1,0.0,0.0,11.0,44.1,0.0,838.0666666666667
1947,43.5,6.516666666666667,0.0,1.6,0.0,0.0,0.0,0.0,0.0,3.75,252.60000000000002,0.0,0.0,0.0,88.16666666666667,0.0,23.266666666666666,0.0
1948,17.0,0.0,0.0,31.066666666666666,144.51666666666665,0.0,103.86666666666667,56.63333333333333,0.0,0.0,149.56666666666666,798.15,0.0,121.38333333333333,1224.6,0.0,42.25,897.4666666666667
1949,106.13333333333333,37.9,76.5,13.5,4.25,0.0,28.71666666666667,0.0,0.0,0.0,0.0,517.6500000000001,0.0,12.266666666666667,323.3666666666667,0.0,24.916666666666664,730.9
1950,48.849999999999994,55.666666666666664,0.0,107.25,82.56666666666666,0.0,2.6333333333333333,112.51666666666665,0.0,0.0,96.7,865.3333333333333,0.0,9.0,0.0,0.0,0.0,370.6666666666667
1951,18.55,194.76666666666665,61.75,50.45,20.633333333333333,0.0,0.0,122.85,28.2,0.0,0.0,456.95000000000005,0.0,53.349999999999994,364.93333333333334,0.0,35.66666666666667,450.66666666666674
1952,24.25,0.0,0.0,32.96666666666667,11.700000000000001,49.4,8.166666666666668,0.0,91.83333333333333,1.5,276.9,817.4166666666666,0.0,12.833333333333332,1561.4666666666667,0.0,28.166666666666668,257.76666666666665
1953,53.766666666666666,130.03333333333336,54.88333333333333,7.75,286.54999999999995,0.0,23.466666666666665,0.0,0.0,27.53333333333333,79.75,559.3,4.8999999999999995,38.53333333333333,407.4,0.0,0.0,0.0
1954,49.71666666666667,0.0,434.18333333333334,17.666666666666664,50.83333333333333,0.0,48.85,13.933333333333334,0.0,0.0,39.416666666666664,1216.5,0.0,0.0,24.366666666666667,0.0,0.0,510.79999999999995
1955,0.0,9.5,0.0,0.0,0.0,0.0,23.349999999999998,113.95000000000002,0.0,4.433333333333334,45.66666666666667,910.4333333333334,0.0,27.699999999999996,502.6,0.0,0.0,326.6666666666667
1956,56.83333333333334,0.0,0.0,9.1,0.0,0.0,61.05,174.33333333333331,0.0,0.0,176.91666666666669,1231.2,0.0,0.0,95.39999999999999,0.0,195.88333333333333,0.0
1957,68.83333333333334,83.0,0.0,4.65,0.0,336.2333333333333,0.0,0.0,0.0,0.0,0.0,115.13333333333334,0.0,83.33333333333334,310.43333333333334,4.3999999999999995,0.0,585.4166666666667
1958,33.166666666666664,274.93333333333334,0.0,69.05,237.06666666666666,223.25,62.33333333333333,53.2,0.0,12.3,0.0,0.0,0.0,51.300000000000004,0.0,0.0,111.16666666666669,0.0
1959,0.0,55.58333333333333,0.0,5.666666666666666,92.7,0.0,37.96666666666667,100.91666666666666,181.91666666666669,7.133333333333334,174.76666666666665,665.3166666666667,0.0,48.266666666666666,1166.5833333333335,0.0,162.46666666666667,0.0
1960,0.0,0.0,0.0,84.7,97.75,201.51666666666668,0.0,83.30000000000001,0.0,10.75,203.64999999999998,510.65000000000003,0.0,19.733333333333334,392.81666666666666,0.0,69.76666666666667,286.1333333333333
1961,108.55,17.03333333333333,135.76666666666668,25.583333333333336,0.0,601.4,11.166666666666668,200.78333333333333,0.0,2.3333333333333335,189.1,1269.9833333333333,0.0,225.73333333333335,611.0666666666667,0.0,15.333333333333334,0.0
1962,24.066666666666666,0.0,0.0,0.0,0.0,0.0,35.733333333333334,16.4,0.0,0.0,103.8,1748.1833333333334,0.0,18.666666666666668,598.7166666666667,0.0,60.8,832.5
1963,12.95,115.85,0.0,0.0,15.866666666666667,0.0,37.91666666666667,0.0,0.0,0.0,92.83333333333333,655.6666666666667,2.5,0.0,0.0,0.0,32.583333333333336,0.0
1964,20.583333333333332,59.3,0.0,7.299999999999999,107.5,0.0,0.0,0.0,0.0,28.583333333333332,0.0,596.75,0.5333333333333333,129.46666666666667,633.3,0.0,0.0,752.5666666666666
1965,35.11666666666667,44.25,0.0,1.4,0.0,0.0,34.416666666666664,0.0,140.6,0.0,112.55,80.63333333333334,35.6,56.699999999999996,681.0666666666666,0.0,0.0,664.2666666666667
1966,29.03333333333333,173.7,0.0,12.533333333333331,0.0,84.66666666666666,30.200000000000003,100.58333333333334,423.5833333333333,0.0,102.13333333333334,683.0666666666666,0.0,52.366666666666674,1122.7333333333331,0.0,29.6,273.0
1967,28.299999999999997,37.766666666666666,0.0,0.0,0.0,130.65,42.400000000000006,87.03333333333333,0.0,0.0,8.55,1079.0833333333335,3.3833333333333333,122.76666666666668,0.0,0.0,91.23333333333333,0.0
1968,0.0,0.0,0.0,5.683333333333334,87.46666666666667,0.0,11.0,126.51666666666667,0.0,0.0,48.18333333333334,1447.7,0.0,95.85,438.06666666666666,0.0,147.65,424.34999999999997
1969,28.583333333333336,0.0,1381.4666666666667,10.833333333333332,69.6,600.0,16.3,0.0,0.0,0.0,93.33333333333334,780.8333333333333,0.0,85.26666666666667,244.68333333333334,0.0,45.36666666666667,110.5
1970,32.71666666666666,96.93333333333334,0.0,8.433333333333334,0.0,37.71666666666666,6.7,75.08333333333334,0.0,10.5,35.0,280.48333333333335,0.0,0.0,698.6,0.0,28.6,0.0
1971,12.55,46.666666666666664,0.0,49.5,72.83333333333333,0.0,13.7,146.5,15.399999999999999,13.183333333333334,11.2,513.5,0.0,0.0,0.0,0.0,26.3,0.0
1972,25.6,60.14999999999999,0.0,36.33333333333333,0.0,0.0,0.0,0.0,0.0,0.0,0.0,175.76666666666665,0.0,0.0,344.1166666666667,0.0,0.0,988.3166666666666
1973,19.65,26.25,0.0,4.2,1.6,0.0,0.0,63.05,0.0,0.0,81.2,0.0,0.0,0.0,32.96666666666667,9.633333333333333,0.0,217.03333333333333
1974,35.21666666666667,0.0,0.0,0.0,28.833333333333332,0.0,30.083333333333332,0.0,290.8333333333333,0.0,88.63333333333333,1077.0,0.0,0.0,384.9833333333333,0.0,56.95,1395.4166666666667
1975,55.483333333333334,44.0,0.0,0.0,131.26666666666665,0.0,10.0,75.2,0.0,6.583333333333333,50.400000000000006,1393.6,0.0,26.666666666666664,656.45,0.0,39.33333333333333,480.06666666666666
1976,18.616666666666667,203.06666666666666,571.3,6.200000000000001,0.0,0.0,30.55,133.4,0.0,0.0,29.616666666666667,403.73333333333335,0.0,0.0,269.0,21.2,68.36666666666667,0.0
1977,13.066666666666666,146.11666666666667,0.0,0.4666666666666667,121.51666666666668,0.0,74.28333333333333,118.60000000000001,0.0,0.0,0.0,620.0,0.0,3.033333333333333,594.2833333333333,0.0,0.0,0.0
1978,28.7,65.45,0.0,10.083333333333332,0.0,0.0,3.183333333333333,55.7,147.58333333333334,0.0,48.56666666666666,870.6666666666667,0.0,33.55,899.25,0.0,0.0,476.23333333333335
1979,0.0,46.56666666666667,41.68333333333334,32.06666666666667,157.93333333333334,462.66666666666663,71.16666666666666,17.866666666666667,0.0,0.0,0.0,980.6833333333334,0.0,92.41666666666667,465.93333333333334,0.0,30.800000000000004,694.7333333333333
1980,8.133333333333333,71.66666666666666,208.79999999999998,25.3,1.5,0.0,0.65,82.0,460.79999999999995,0.0,85.0,767.5833333333334,0.0,105.75,354.5333333333333,0.0,16.0,285.45
1981,8.516666666666667,141.45,100.5,7.916666666666666,13.766666666666666,376.16666666666663,52.5,0.0,0.0,0.0,100.13333333333333,542.2333333333335,6.183333333333334,0.0,461.2333333333333,7.733333333333333,0.0,979.5666666666667
1982,45.05,200.3,0.0,16.8,0.0,436.8,48.983333333333334,0.0,30.333333333333332,0.0,104.6,192.66666666666669,34.266666666666666,29.25,601.9499999999999,0.0,0.0,0.0
1983,38.949999999999996,50.05,44.8,55.05,148.05,0.0,22.65,33.06666666666667,203.46666666666667,0.0,52.266666666666666,944.6,0.0,122.28333333333333,205.60000000000002,0.0,0.0,277.5833333333333
1984,7.166666666666667,80.8,0.0,42.88333333333333,19.733333333333334,0.0,58.633333333333326,16.7,0.0,0.0,0.0,846.3,0.0,226.98333333333335,742.7333333333333,0.0,13.666666666666668,489.70000000000005
1985,7.183333333333334,173.8,115.66666666666666,0.0,0.0,0.0,18.25,44.01666666666667,0.0,0.0,68.23333333333333,768.1333333333333,0.0,0.0,252.20000000000002,0.0,22.0,87.75
1986,42.166666666666664,201.15,0.0,26.78333333333333,57.58333333333334,74.73333333333333,59.333333333333336,0.0,0.0,0.0,42.0,832.3,0.0,48.5,405.15,0.0,48.45,0.0
1987,6.316666666666666,0.0,0.0,0.0,105.33333333333333,0.0,3.4166666666666665,110.23333333333335,0.0,4.666666666666666,0.0,1511.0666666666666,0.0,0.0,88.06666666666666,0.0,122.33333333333333,292.8666666666667
1988,34.11666666666667,139.16666666666669,0.0,54.6,12.133333333333333,0.0,0.0,59.733333333333334,353.46666666666664,77.13333333333333,106.95,315.9333333333333,0.0,0.0,304.0,0.0,26.033333333333335,155.06666666666666
1989,14.583333333333332,68.13333333333333,607.0666666666667,42.28333333333333,7.583333333333334,0.0,0.0,64.05,0.0,0.0,26.633333333333333,1678.6166666666666,0.0,148.35,70.66666666666666,0.0,5.633333333333334,0.0
1990,83.95,59.75,0.0,41.65,318.85,152.5,15.1,143.35,0.0,7.0,64.71666666666667,759.2833333333334,0.0,110.44999999999999,62.06666666666667,23.666666666666668,0.0,0.0
1991,3.0833333333333335,98.66666666666667,708.3333333333334,6.066666666666666,82.75,0.0,29.6,120.65,0.0,0.0,40.58333333333333,1255.4833333333333,0.0,0.0,43.75,0.0,8.416666666666666,910.6666666666667
1992,0.0,0.0,0.0,15.95,121.93333333333332,171.01666666666665,43.75,35.96666666666667,0.0,0.0,104.0,516.55,0.0,0.0,651.2833333333334,0.0,249.64999999999998,553.0333333333334
1993,39.46666666666667,0.0,322.5833333333333,18.9,63.9,0.0,0.0,12.3,0.0,3.433333333333333,50.33333333333333,329.93333333333334,0.0,116.4,214.5,0.0,213.45,653.4333333333334
1994,26.216666666666665,0.0,310.79999999999995,26.333333333333332,0.0,324.6,0.0,232.18333333333334,0.0,0.0,4.55,364.3,0.0,162.8166666666667,204.68333333333334,0.0,77.7,305.6333333333333
1995,0.0,53.900000000000006,0.0,5.733333333333333,65.3,0.0,101.50000000000001,57.93333333333333,0.0,5.566666666666666,0.0,129.79999999999998,0.0,23.2,849.0999999999999,0.0,25.066666666666666,99.9
1996,64.8,0.0,0.0,14.516666666666667,70.05,35.45,6.416666666666667,103.11666666666667,0.0,0.0,35.5,74.4,0.0,50.5,99.31666666666666,0.0,0.0,70.26666666666668
1997,112.98333333333333,0.0,0.0,45.65,0.0,0.0,37.56666666666666,0.0,0.0,0.0,0.0,425.01666666666665,16.3,14.166666666666668,38.333333333333336,0.0,0.0,0.0
1998,13.633333333333333,70.0,0.0,112.61666666666666,0.0,0.0,42.11666666666667,0.0,421.8666666666666,0.0,62.0,765.3666666666667,2.35,0.0,696.9,31.383333333333333,59.96666666666667,26.866666666666667
1999,3.25,52.5,0.0,31.799999999999997,0.0,0.0,46.266666666666666,112.73333333333335,0.0,0.0,176.98333333333332,682.8666666666667,0.0,54.93333333333333,471.43333333333334,1.5333333333333334,0.0,154.71666666666667
2000,21.56666666666667,41.25,128.1,16.55,0.0,0.0,70.13333333333333,0.0,144.66666666666669,39.4,0.0,36.666666666666664,9.416666666666666,8.049999999999999,123.65,0.0,80.25,294.40000000000003
2001,0.0,0.0,288.9,9.85,49.3,90.89999999999999,21.583333333333336,0.0,273.7,0.0,131.45,190.83333333333334,3.7333333333333334,0.0,1081.6,0.0,39.333333333333336,1061.6
2002,83.35000000000001,4.0,0.0,21.450000000000003,0.0,0.0,23.733333333333334,67.88333333333334,0.0,0.0,41.766666666666666,321.8666666666667,0.0,10.666666666666666,109.75,0.0,31.6,107.76666666666667
2003,5.699999999999999,59.66666666666667,834.0166666666667,66.36666666666667,197.89999999999998,0.0,0.9666666666666667,0.0,0.0,0.0,26.1,202.98333333333335,0.0,81.26666666666667,158.43333333333334,9.4,43.63333333333334,861.85
2004,27.53333333333333,104.53333333333333,0.0,8.933333333333334,34.666666666666664,418.70000000000005,0.0,7.466666666666667,0.0,0.0,0.0,894.7666666666667,0.0,201.86666666666667,255.75000000000003,0.0,105.63333333333333,654.1
2005,38.03333333333333,0.0,373.6666666666667,11.450000000000001,86.46666666666667,0.0,0.0,0.0,0.0,0.0,118.25000000000001,352.8,0.0,0.0,0.0,0.0,63.0,348.4166666666667
2006,10.916666666666668,78.66666666666667,0.0,20.71666666666667,54.833333333333336,0.0,44.21666666666667,0.0,0.0,0.0,0.0,388.46666666666664,16.916666666666668,0.0,1633.5333333333333,0.0,66.31666666666666,468.0
2007,20.866666666666667,161.18333333333334,0.0,39.416666666666664,18.433333333333334,0.0,0.0,83.08333333333334,466.1833333333333,9.166666666666666,127.50000000000001,398.1833333333333,22.3,0.0,1282.5333333333333,0.0,241.75,220.4
2008,3.3000000000000003,0.0,0.0,100.06666666666666,34.88333333333333,649.0,0.65,0.0,0.0,0.0,134.46666666666664,1048.3999999999999,0.0,123.43333333333332,1040.25,0.0,6.466666666666667,272.6333333333333
2009,44.75,92.8,27.51666666666667,28.466666666666665,39.0,0.0,3.1666666666666665,190.23333333333335,0.0,0.0,82.88333333333334,667.75,0.0,15.933333333333334,971.75,0.0,0.0,413.0
2010,11.033333333333333,45.6,905.1666666666667,9.65,56.833333333333336,0.0,45.91666666666667,75.2,0.0,0.0,14.666666666666666,975.0833333333334,0.0,50.6,898.2833333333333,0.0,0.0,549.15
2011,12.716666666666665,424.56666666666666,0.0,0.0,57.7,213.9,67.53333333333333,50.266666666666666,0.0,0.0,87.78333333333333,1355.35,0.0,28.166666666666664,159.46666666666667,0.0,35.0,543.3333333333333
2012,19.75,241.26666666666668,0.0,0.0,104.65,0.0,27.200000000000003,68.75,256.7,3.55,0.0,850.5333333333334,0.0,132.01666666666665,592.1166666666666,0.0,116.05,0.0
2013,101.11666666666666,0.0,0.0,0.0,3.1666666666666665,1056.9166666666667,82.21666666666667,0.0,719.55,0.0,5.8999999999999995,948.1166666666667,0.0,114.08333333333333,1850.7833333333333,23.133333333333333,77.01666666666667,251.20000000000002
2014,0.0,79.63333333333333,0.0,32.35,13.799999999999999,301.6,0.0,27.833333333333332,0.0,0.0,248.0,28.75,0.0,70.66666666666667,191.75,0.0,237.56666666666666,1466.75
2015,14.05,167.16666666666666,103.71666666666667,4.65,29.333333333333332,342.8666666666667,0.0,84.4,42.93333333333334,24.916666666666668,58.46666666666667,934.4,6.8,0.0,678.2833333333333,0.0,111.0,518.0
2016,29.9,8.666666666666666,63.800000000000004,6.8,2.0,0.0,2.7333333333333334,0.0,81.19999999999999,0.0,0.0,334.23333333333335,0.0,0.0,298.21666666666664,0.0,0.0,809.2833333333333
2017,31.616666666666667,101.31666666666666,0.0,8.083333333333334,107.1,0.0,15.333333333333334,63.7,92.45,0.0,6.6,1001.5833333333334,19.333333333333332,0.0,0.0,0.0,0.0,196.0
2018,35.2,19.5,0.0,28.383333333333333,0.0,0.0,0.0,0.0,0.0,0.0,0.0,1669.9666666666667,0.0,68.15,818.0,0.0,31.2,850.2
2019,0.0,0.0,0.0,0.6166666666666667,0.0,722.9833333333333,18.65,55.5,0.0,0.0,151.53333333333336,1268.3999999999999,0.0,140.28333333333333,7.833333333333333,0.0,53.28333333333334,1111.5833333333335
2020,23.4,79.0,0.0,33.333333333333336,36.13333333333333,0.0,4.583333333333333,88.2,0.0,0.0,0.0,865.8000000000001,0.0,0.0,538.2,0.0,40.483333333333334,0.0
2021,12.066666666666668,0.0,0.0,27.916666666666664,96.5,536.8666666666667,40.68333333333334,106.75,0.0,0.0,0.0,1082.9666666666667,17.75,0.0,788.8666666666666,0.0,100.05,430.8833333333334
2022,26.416666666666668,64.4,0.0,1.2333333333333334,50.85,0.0,17.733333333333334,25.55,0.0,0.0,67.73333333333332,203.5,0.0,0.0,235.75,0.0,6.766666666666667,106.33333333333333
2023,36.1,15.983333333333333,797.0666666666667,22.766666666666666,0.0,0.0,4.966666666666667,21.266666666666666,502.16666666666663,38.85,0.0,351.8666666666667,4.066666666666666,172.03333333333333,0.0,0.0,127.05,595.4666666666667
2024,16.266666666666666,0.0,556.2666666666667,20.0,37.33333333333333,75.60000000000001,44.266666666666666,110.36666666666666,532.15,0.0,60.31666666666666,548.9,0.0,42.699999999999996,259.6,2.6666666666666665,34.41666666666667,371.9333333333333
2025,35.9,0.0,0.0,2.6333333333333333,22.8,43.550000000000004,16.5,38.666666666666664,0.0,0.0,41.55,1306.5,33.949999999999996,20.333333333333332,288.93333333333334,0.0,0.0,0.0
2026,18.2,161.83333333333331,0.0,58.85,0.0,0.0,5.0,92.33333333333333,0.0,0.0,0.0,582.2,0.0,0.0,443.26666666666665,14.733333333333333,26.916666666666668,759.1333333333334
2027,17.816666666666666,163.73333333333335,70.4,40.3,46.55,0.0,0.0,0.0,0.0,21.916666666666668,50.4,1186.0333333333333,0.0,16.0,848.5833333333333,0.0,0.0,309.3333333333333
2028,0.0,74.7,0.0,2.8,213.26666666666665,0.0,10.733333333333333,116.96666666666667,0.0,0.0,25.0,971.55,0.0,269.05,253.06666666666663,20.933333333333334,50.83333333333333,171.55
2029,30.5,76.21666666666667,0.0,25.78333333333333,90.83333333333333,220.99999999999997,11.616666666666667,45.68333333333334,0.0,0.0,139.8,611.15,0.0,73.60000000000001,999.8666666666666,0.0,72.85,446.75
2030,16.466666666666665,11.95,0.0,22.25,17.666666666666664,0.0,3.2333333333333334,224.58333333333334,0.0,0.0,0.0,307.1,6.583333333333333,305.15,49.4,0.0,107.80000000000001,267.6
2031,13.766666666666666,69.0,0.0,55.56666666666667,128.15,145.06666666666666,45.66666666666667,23.0,0.0,5.333333333333333,7.466666666666667,672.5333333333333,0.0,0.0,277.20000000000005,0.0,29.416666666666668,326.59999999999997
2032,58.33333333333333,48.56666666666666,0.0,60.38333333333333,98.31666666666666,0.0,24.183333333333334,168.86666666666667,0.0,0.0,91.7,198.0,0.0,0.0,210.43333333333334,26.916666666666668,105.06666666666666,505.8
2033,21.966666666666665,89.25,0.0,67.38333333333333,20.0,0.0,48.83333333333333,90.6,0.0,12.666666666666666,107.80000000000001,664.35,0.0,74.83333333333333,324.5833333333333,0.0,0.0,463.0666666666667
2034,17.2,0.0,480.6666666666667,49.86666666666667,20.533333333333335,0.0,4.9,13.2,0.0,2.2,97.93333333333334,788.2333333333333,0.0,24.083333333333336,663.4,0.0,32.55,0.0
2035,36.68333333333333,1.8666666666666667,0.0,115.33333333333333,11.066666666666666,76.0,62.133333333333326,0.0,161.1,0.0,50.7,737.9166666666667,1.3,0.0,410.25,0.0,0.0,1007.75
2036,16.983333333333334,0.0,0.0,4.116666666666666,52.733333333333334,32.666666666666664,25.666666666666668,96.86666666666666,0.0,0.0,70.0,413.7,0.0,0.0,0.0,0.0,0.0,0.0
2037,30.4,193.88333333333333,0.0,20.933333333333334,0.0,0.0,26.4,0.0,737.5,0.0,72.05,1026.15,0.0,35.38333333333333,841.6833333333334,0.0,0.0,511.1166666666667
2038,35.25,125.45,458.70000000000005,47.516666666666666,0.0,0.0,0.0,150.65,80.23333333333333,0.0,0.0,884.1666666666667,0.0,53.900000000000006,787.4,0.0,0.0,946.8666666666668
2039,19.200000000000003,272.1166666666667,0.0,0.0,62.5,168.23333333333332,47.41666666666667,119.36666666666667,189.33333333333334,0.0,0.0,1022.6500000000001,0.0,94.66666666666667,393.5,0.0,0.0,385.1333333333333
2040,4.45,72.41666666666666,0.0,10.733333333333334,0.0,0.0,64.43333333333334,48.35,199.26666666666665,0.0,145.3,735.7333333333333,0.0,41.36666666666666,579.2333333333333,0.0,88.89999999999999,956.35
2041,36.2,155.85000000000002,344.5,5.416666666666666,0.0,0.0,18.583333333333336,0.0,398.1333333333333,0.0,0.0,84.93333333333334,0.0,0.0,0.0,0.0,0.0,470.33333333333337
2042,0.0,0.0,0.0,0.0,0.0,0.0,15.0,48.45,0.0,6.433333333333334,101.23333333333333,428.23333333333335,0.0,11.083333333333334,0.0,12.0,83.73333333333333,0.0
2043,12.666666666666668,97.65,0.0,57.85,46.63333333333333,0.0,0.5666666666666667,110.36666666666666,0.0,0.0,53.099999999999994,849.8166666666666,0.0,0.0,0.0,0.0,0.0,96.05000000000001
2044,12.133333333333335,39.15,62.28333333333333,34.03333333333333,0.0,0.0,78.13333333333334,43.733333333333334,0.0,0.0,18.0,66.65,0.0,68.83333333333334,708.8666666666667,0.0,90.93333333333334,288.3333333333333
2045,8.166666666666668,190.51666666666665,0.0,1.4666666666666666,0.0,256.0,36.1,132.3,0.0,0.0,52.41666666666667,836.8,0.0,0.0,664.8,0.0,167.56666666666666,0.0
2046,124.44999999999999,138.21666666666667,0.0,25.783333333333335,146.78333333333336,529.3166666666666,31.85,38.4,0.0,0.0,9.416666666666666,216.8,0.0,0.0,21.333333333333332,0.0,0.0,638.6833333333334
2047,25.916666666666664,4.766666666666667,0.0,36.2,0.0,220.83333333333331,2.4000000000000004,37.15,0.0,13.95,0.0,753.65,1.5500000000000003,129.56666666666666,0.0,0.0,57.333333333333336,0.0
2048,20.766666666666666,168.45,0.0,0.0,64.9,1146.4666666666667,0.0,35.46666666666667,0.0,0.0,258.35,356.91666666666663,0.0,0.0,115.5,12.600000000000001,150.58333333333334,619.5333333333333
2049,123.98333333333332,112.10000000000001,0.0,46.199999999999996,76.33333333333334,0.0,8.5,60.5,0.0,0.0,0.0,1003.8499999999999,0.0,0.0,1190.4,0.0,0.0,483.46666666666664
2050,49.599999999999994,131.3,179.88333333333335,62.66666666666667,29.8,0.0,57.333333333333336,47.13333333333333,0.0,0.0,54.7,530.7333333333333,42.699999999999996,0.0,0.0,0.0,0.0,112.23333333333332
2051,5.166666666666667,38.46666666666667,0.0,45.5,152.0,450.33333333333337,17.616666666666667,61.133333333333326,0.0,0.0,7.5,91.19999999999999,0.0,1.8,186.0,0.0,53.71666666666666,488.40000000000003
2052,59.699999999999996,32.199999999999996,0.0,34.5,150.86666666666667,0.0,24.799999999999997,0.0,998.8333333333333,0.0,27.5,1288.15,0.0,0.0,172.5,0.0,0.0,38.5
2053,33.46666666666666,271.8666666666667,136.93333333333334,43.56666666666667,46.08333333333333,0.0,2.1,0.0,0.0,0.0,151.73333333333332,277.5333333333333,1.0499999999999998,103.63333333333334,733.3333333333333,0.0,0.0,0.0
2054,111.13333333333333,19.666666666666664,0.0,0.0,0.0,0.0,34.583333333333336,69.96666666666667,0.0,0.0,69.66666666666666,121.55,23.866666666666667,0.0,105.3,0.0,0.0,0.0
2055,40.833333333333336,0.0,0.0,11.933333333333334,28.5,0.0,0.65,156.18333333333334,0.0,0.0,74.80000000000001,1262.4833333333333,0.0,0.0,744.7,0.0,3.333333333333333,508.9
2056,43.900000000000006,0.0,0.0,56.3,173.68333333333334,0.0,2.0999999999999996,55.61666666666666,445.53333333333336,0.0,77.45,1165.0,10.733333333333333,105.86666666666667,0.0,3.6666666666666665,0.0,585.7166666666667
2057,62.1,0.0,0.0,33.4,89.55,0.0,51.63333333333334,21.666666666666668,0.0,0.0,162.21666666666667,1936.2333333333331,12.366666666666667,219.70000000000002,666.3,0.0,217.16666666666669,261.4166666666667
2058,5.95,0.0,0.0,19.2,32.81666666666667,0.0,72.8,0.0,37.0,2.6333333333333333,138.53333333333333,458.6333333333333,0.0,0.0,26.25,0.0,79.86666666666667,21.700000000000003
2059,20.116666666666667,0.0,0.0,54.03333333333333,32.199999999999996,451.05,14.333333333333332,83.6,0.0,0.0,0.0,31.450000000000003,18.81666666666667,0.0,504.49999999999994,0.0,24.5,165.7
2060,9.283333333333333,22.5,161.0,47.883333333333326,0.0,0.0,4.516666666666667,30.900000000000002,0.0,0.0,50.666666666666664,354.56666666666666,0.0,0.0,421.2,0.0,18.133333333333333,1029.6166666666668
2061,53.5,79.6,0.0,24.333333333333332,72.8,0.0,2.283333333333333,32.416666666666664,119.38333333333333,0.3,33.35,213.36666666666667,12.55,77.28333333333333,0.0,0.0,84.93333333333334,330.9
2062,24.033333333333335,18.400000000000002,0.0,2.7333333333333334,64.53333333333333,0.0,22.166666666666668,25.5,0.0,31.75,0.0,466.4,22.5,39.0,456.0,0.0,35.85,393.2
2063,70.45,78.96666666666667,785.1500000000001,13.083333333333332,112.3,0.0,0.0,15.400000000000002,0.0,0.0,30.783333333333335,1470.1166666666666,0.0,79.56666666666666,1170.9666666666667,0.0,0.0,652.2333333333333
2064,0.0,45.5,329.9,11.783333333333331,75.6,72.8,33.699999999999996,31.383333333333333,0.0,0.0,63.18333333333334,616.1500000000001,0.0,0.0,65.65,6.0,26.766666666666666,0.0
2065,19.133333333333333,36.25,0.0,15.316666666666668,115.1,0.0,0.0,0.0,0.0,0.0,0.0,243.7,0.0,3.5833333333333335,282.83333333333337,22.6,6.0,780.8666666666666
2066,25.45,40.7,0.0,3.1333333333333333,69.11666666666666,840.9333333333334,95.16666666666666,0.0,0.0,0.0,0.0,397.33333333333337,0.0,0.0,1436.15,0.0,0.0,291.2
2067,1.9,0.0,240.83333333333331,10.533333333333331,75.91666666666667,0.0,30.133333333333333,8.0,0.0,0.0,56.099999999999994,264.66666666666663,10.333333333333334,204.25,732.2333333333333,18.666666666666664,0.0,283.75
2068,41.08333333333333,128.25,192.36666666666667,0.0,147.3,0.0,12.299999999999999,58.28333333333333,503.24999999999994,0.0,147.58333333333334,667.1333333333333,27.5,0.0,807.6666666666667,16.25,43.333333333333336,237.60000000000002
2069,6.15,26.2,0.0,16.866666666666667,8.783333333333335,0.0,80.68333333333334,0.0,0.0,3.3,8.0,270.9,0.0,0.0,42.4,0.0,0.0,1002.6833333333334
2070,21.233333333333334,210.13333333333333,0.0,44.46666666666667,53.33333333333333,0.0,0.0,0.0,0.0,0.0,33.36666666666667,370.33333333333337,0.0,103.73333333333333,320.25,0.0,12.950000000000001,575.0
2071,36.300000000000004,152.15,0.0,62.166666666666664,0.0,0.0,5.95,70.0,0.0,0.0,123.14999999999999,360.3333333333333,0.0,0.0,346.2833333333333,0.0,0.0,0.0
2072,42.983333333333334,45.2,0.0,9.200000000000001,22.933333333333334,0.0,2.5,8.666666666666666,35.0,0.0,189.08333333333331,0.0,0.0,45.36666666666667,752.9499999999999,0.0,36.55,164.61666666666667
2073,0.0,156.43333333333334,551.6333333333334,7.033333333333333,85.39999999999999,0.0,24.21666666666667,150.85,0.0,2.65,0.0,340.15,0.0,21.9,618.8166666666667,0.0,0.0,0.0
2074,55.65,0.0,0.0,20.433333333333334,0.0,524.7666666666667,26.5,52.8,0.0,0.0,100.80000000000001,424.6,0.0,0.0,291.2,14.733333333333333,105.23333333333333,1333.0166666666667
2075,33.63333333333333,0.0,0.0,0.0,31.833333333333332,0.0,31.6,79.80000000000001,0.0,0.0,0.0,630.0,0.0,0.0,69.66666666666666,0.0,76.61666666666667,419.1
2076,17.066666666666666,71.61666666666667,615.5833333333333,36.9,0.0,0.0,24.933333333333334,0.0,172.58333333333331,0.0,198.23333333333332,275.5333333333333,0.0,0.0,269.3,0.0,0.0,538.1
2077,28.833333333333332,152.33333333333331,0.0,71.76666666666667,156.05,0.0,23.0,36.68333333333334,564.4333333333334,6.8,0.0,125.39999999999999,2.9499999999999997,0.0,205.33333333333334,0.0,15.833333333333332,484.73333333333335
2078,39.68333333333333,108.30000000000001,215.1,16.833333333333336,0.0,1050.8833333333334,0.0,20.066666666666666,0.0,0.0,71.7,787.0333333333333,0.0,79.0,927.3333333333334,0.0,0.0,513.0666666666667
2079,39.61666666666667,66.03333333333333,0.0,129.05,0.0,0.0,66.03333333333333,0.0,0.0,0.0,90.86666666666666,350.45,0.0,49.93333333333334,134.31666666666666,0.0,122.13333333333333,287.2833333333333
2080,60.08333333333333,27.666666666666664,0.0,4.316666666666666,147.6,0.0,63.300000000000004,20.416666666666664,151.08333333333331,0.0,0.0,698.65,0.0,100.61666666666666,190.63333333333333,0.0,0.0,383.7
2081,29.233333333333334,0.0,0.0,37.0,55.766666666666666,0.0,6.066666666666666,0.0,646.7333333333333,0.0,0.0,1336.5833333333333,37.56666666666666,24.05,1792.3999999999999,0.0,0.0,0.0
2082,43.5,24.916666666666668,212.5,15.966666666666665,0.0,0.0,48.900000000000006,55.03333333333333,0.0,0.0,98.41666666666667,0.0,0.0,118.48333333333335,233.60000000000002,0.0,0.0,233.60000000000002
2083,44.633333333333326,68.0,0.0,0.55,77.63333333333333,268.3333333333333,0.8,20.3,0.0,0.0,199.91666666666669,1617.05,0.0,10.533333333333333,451.3833333333333,0.0,3.966666666666667,630.3666666666667
2084,57.46666666666667,0.0,0.0,31.116666666666667,144.73333333333335,0.0,14.266666666666666,64.80000000000001,158.6,0.0,152.35,921.4000000000001,0.0,0.0,1210.65,0.0,0.0,0.0
2085,0.8333333333333333,0.0,0.0,22.233333333333334,4.266666666666667,676.5333333333333,14.05,31.166666666666664,0.0,0.0,0.0,180.48333333333335,0.0,0.0,411.6,0.0,59.599999999999994,10.183333333333334
2086,16.8,95.0,0.0,25.516666666666666,52.016666666666666,0.0,27.583333333333332,86.0,0.0,0.0,2.333333333333333,668.8333333333334,4.933333333333334,33.3,0.0,0.0,40.0,100.80000000000001
2087,24.316666666666666,169.41666666666666,0.0,20.9,11.399999999999999,0.0,31.33333333333333,37.71666666666667,0.0,0.0,214.28333333333333,1626.2166666666667,10.833333333333332,12.5,710.2,0.0,0.0,119.86666666666667
2088,24.5,198.56666666666666,0.0,10.1,0.0,0.0,23.633333333333333,39.0,157.85,0.0,6.25,783.3666666666667,0.0,0.0,1377.05,0.0,109.93333333333334,470.1666666666667
2089,63.35,145.93333333333334,0.0,4.9,0.0,487.66666666666663,7.816666666666666,0.0,0.0,0.0,0.0,994.4166666666666,0.0,12.833333333333332,1378.5166666666667,0.0,53.900000000000006,228.68333333333334
2090,63.083333333333336,136.03333333333333,0.0,1.1666666666666667,22.4,304.0,41.16666666666667,0.0,0.0,0.0,0.0,796.2833333333333,0.0,18.400000000000002,0.0,8.7,101.73333333333333,496.1333333333333
2091,48.8,0.0,170.79999999999998,33.31666666666666,22.066666666666666,0.0,20.116666666666667,79.13333333333333,0.0,0.0,24.5,1835.5333333333333,0.0,131.33333333333331,0.0,0.0,0.0,0.0
2092,25.733333333333334,69.06666666666666,268.43333333333334,27.133333333333333,0.0,321.26666666666665,15.366666666666667,14.5,857.7,13.049999999999999,91.88333333333334,1728.2833333333333,0.9333333333333333,0.0,455.15,53.75,0.0,330.0
2093,15.083333333333332,38.93333333333333,0.0,41.03333333333333,53.28333333333334,225.60000000000002,14.899999999999999,0.0,805.4499999999999,0.0,276.3833333333333,645.5166666666667,0.0,153.4,0.0,7.766666666666667,0.0,71.66666666666667
2094,48.56666666666667,44.95,0.0,57.666666666666664,0.0,0.0,75.03333333333333,122.35,167.63333333333333,0.0,22.75,537.6,23.8,154.95,1464.0,0.0,0.0,859.7166666666667
2095,22.45,56.099999999999994,0.0,64.36666666666667,66.66666666666667,0.0,71.8,64.08333333333333,0.0,0.0,81.4,1868.3833333333332,23.666666666666668,105.0,679.6333333333333,0.0,0.0,0.0
2096,2.0,84.86666666666667,0.0,26.0,87.06666666666666,822.85,7.1,0.0,104.1,0.0,47.5,193.13333333333333,0.0,153.03333333333333,0.0,0.0,0.0,100.25
2097,27.5,0.0,374.0,56.233333333333334,29.283333333333335,559.65,12.2,49.56666666666667,0.0,0.0,104.1,645.3666666666667,0.0,0.0,503.45000000000005,0.0,0.0,622.1333333333333
2098,58.6,2.8000000000000003,0.0,11.033333333333333,0.0,265.41666666666663,0.0,0.0,0.0,0.0,0.0,763.8666666666667,2.933333333333333,31.166666666666668,169.41666666666669,0.0,114.21666666666667,0.0
2099,13.5,55.3,78.28333333333333,37.016666666666666,57.13333333333333,0.0,42.61666666666667,14.2,0.0,0.0,330.05,382.93333333333334,0.0,56.63333333333333,225.03333333333333,0.0,0.0,137.8
2100,40.06666666666667,112.33333333333333,0.0,13.966666666666667,0.0,0.0,0.0,5.016666666666667,71.66666666666667,0.0,12.2,1021.9333333333334,11.100000000000001,69.41666666666666,704.9000000000001,0.0,11.2,0.0
2101,0.0,35.8,0.0,45.15,36.3,0.0,16.266666666666666,42.300000000000004,57.63333333333334,0.0,0.0,76.85,0.0,42.6,889.9166666666665,0.0,31.433333333333334,0.0
2102,70.01666666666667,73.33333333333333,0.0,13.650000000000002,32.8,0.0,66.38333333333333,0.0,0.0,33.08333333333333,50.8,311.4166666666667,0.0,34.93333333333333,0.0,0.0,0.0,289.9666666666667
2103,34.33333333333333,107.25,0.0,2.1,0.0,0.0,17.4,116.05000000000001,0.0,0.0,161.66666666666669,323.3666666666667,15.933333333333334,120.96666666666665,0.0,0.0,80.38333333333334,236.84999999999997
2104,32.71666666666667,36.3,0.0,20.333333333333332,49.833333333333336,131.73333333333335,19.55,0.0,181.25,0.0,0.0,25.966666666666665,0.0,0.0,73.91666666666666,0.0,22.416666666666668,103.85000000000001
2105,46.56666666666666,47.25,0.0,0.0,0.0,0.0,20.266666666666666,0.0,540.8666666666667,0.0,73.93333333333334,487.2,0.0,10.616666666666667,256.40000000000003,25.3,5.333333333333333,0.0
2106,9.166666666666668,0.0,0.0,0.0,175.03333333333333,0.0,0.0,54.8,185.14999999999998,0.0,7.666666666666667,417.2833333333333,0.0,246.53333333333333,26.86666666666667,0.0,115.01666666666667,298.1333333333333
2107,0.0,62.1,0.0,49.38333333333333,10.4,0.0,0.0,40.33333333333333,0.0,1.3,116.95,1212.1833333333334,0.0,9.866666666666667,0.0,0.0,87.0,129.2
2108,12.333333333333332,44.666666666666664,0.0,17.3,62.2,726.0166666666667,37.333333333333336,5.8999999999999995,21.816666666666666,0.8333333333333334,0.0,565.3499999999999,15.400000000000002,0.0,683.9666666666667,0.0,42.0,490.1666666666667
2109,10.75,134.45,291.55,1.8833333333333333,145.81666666666666,0.0,40.36666666666667,245.18333333333334,0.0,0.0,24.200000000000003,950.8666666666666,13.666666666666668,57.93333333333333,0.0,0.0,0.0,279.3
2110,1.1666666666666667,3.0,0.0,26.5,179.1,0.0,44.983333333333334,0.0,0.0,0.0,135.36666666666667,715.3,0.0,10.45,0.0,6.4,4.983333333333333,561.2333333333333
2111,33.45,114.80000000000001,0.0,0.0,128.76666666666668,0.0,28.633333333333333,47.25,59.78333333333333,0.0,0.0,453.45,0.0,0.0,429.20000000000005,9.966666666666667,0.0,97.5
2112,77.78333333333333,0.0,0.0,25.4,86.86666666666666,161.95,25.4,45.0,0.0,0.0,35.2,0.0,0.0,93.10000000000001,46.4,0.0,0.0,898.25
2113,68.26666666666667,39.766666666666666,0.0,0.0,0.0,0.0,1.0999999999999999,0.0,0.0,0.0,140.85,151.13333333333333,0.0,66.0,18.8,0.0,0.0,30.0
2114,20.616666666666667,78.2,0.0,23.566666666666666,28.2,0.0,20.666666666666668,0.0,266.8,0.0,64.75,303.0833333333333,0.0,0.0,66.73333333333333,0.0,49.833333333333336,1715.2833333333333
2115,25.133333333333333,43.5,0.0,6.133333333333334,156.66666666666669,605.4833333333333,0.0,0.0,0.0,0.0,163.24999999999997,1022.2833333333333,0.0,0.0,0.0,0.0,59.766666666666666,29.0
2116,0.0,115.66666666666666,0.0,22.333333333333332,70.41666666666667,204.39999999999998,21.1,0.0,0.0,0.0,0.0,718.6666666666666,0.0,0.0,1058.4,0.0,50.266666666666666,364.83333333333337
2117,83.51666666666667,0.0,100.1,28.75,10.45,0.0,0.0,62.00000000000001,308.04999999999995,0.0,4.866666666666666,519.4333333333333,0.0,68.0,1528.7666666666664,0.0,79.8,1062.8333333333333
2118,6.25,0.0,0.0,6.033333333333333,27.566666666666663,169.41666666666666,2.6,0.0,0.0,0.0,67.46666666666667,888.4166666666666,0.0,21.4,330.6666666666667,0.0,34.166666666666664,778.9833333333333
2119,4.183333333333334,76.11666666666667,0.0,23.5,66.73333333333333,75.23333333333333,51.95,0.0,46.81666666666666,0.0,268.56666666666666,781.0333333333333,0.0,22.0,0.0,0.0,0.0,366.06666666666666
2120,110.78333333333333,0.0,0.0,27.06666666666667,56.0,0.0,6.333333333333334,39.4,201.03333333333333,0.0,23.133333333333333,451.94999999999993,0.0,84.4,72.8,0.0,0.0,391.20000000000005
2121,25.833333333333332,34.300000000000004,0.0,16.75,103.28333333333333,0.0,5.4,5.6,497.24999999999994,8.733333333333333,0.0,241.20000000000002,0.0,47.3,728.3833333333333,0.0,0.0,540.2166666666667
2122,11.533333333333333,0.0,623.1166666666667,19.900000000000002,40.13333333333333,0.0,35.38333333333334,33.25,0.0,0.0,0.0,0.0,32.25,0.0,560.9,17.4,107.10000000000001,568.2166666666667
2123,52.483333333333334,0.0,0.0,4.833333333333333,159.76666666666665,197.6,41.71666666666667,101.8,0.0,44.88333333333333,4.833333333333333,0.0,0.0,74.6,73.18333333333334,3.05,0.0,321.76666666666665
2124,42.900000000000006,0.0,0.0,1.0,0.0,0.0,7.4,0.0,0.0,0.0,19.466666666666665,525.4166666666667,3.6,0.0,61.95,0.0,78.18333333333334,181.21666666666664
2125,46.55,0.0,0.0,0.0,6.0,79.5,0.5666666666666667,37.9,81.26666666666667,0.0,144.0,1406.15,0.0,27.0,21.15,0.0,0.0,276.5
2126,4.6,0.0,0.0,16.516666666666666,102.0,0.0,0.95,48.45,0.0,0.0,0.0,748.9000000000001,0.0,72.5,330.65,4.3,32.099999999999994,304.5
2127,31.28333333333333,5.6000000000000005,0.0,1.0,70.0,474.7,60.96666666666666,87.3,0.0,0.0,12.133333333333333,625.65,0.0,0.0,380.28333333333336,0.0,32.333333333333336,426.6
2128,93.71666666666667,54.733333333333334,0.0,12.233333333333334,0.0,0.0,99.41666666666667,182.08333333333334,0.0,0.0,0.0,140.96666666666667,0.0,0.0,0.0,47.75,23.0,1202.2666666666667
2129,43.099999999999994,40.050000000000004,320.66666666666663,42.63333333333333,12.033333333333333,0.0,9.1,21.466666666666665,0.0,0.0,183.53333333333333,749.3333333333333,30.0,8.2,875.35,0.0,12.366666666666667,371.85
2130,37.76666666666667,92.86666666666667,162.86666666666667,4.566666666666666,33.6,0.0,70.66666666666667,75.53333333333333,0.0,0.0,0.0,431.6333333333333,33.4,0.0,0.0,0.0,58.9,394.66666666666663
2131,66.6,0.0,0.0,0.0,1.9,0.0,0.0,0.0,0.0,0.0,0.0,676.25,1.5666666666666667,49.86666666666667,644.4000000000001,0.0,37.333333333333336,55.55
2132,4.666666666666667,162.95,0.0,27.55,0.0,0.0,0.0,0.0,0.0,0.0,262.04999999999995,1720.5166666666667,37.11666666666667,70.6,927.6,9.416666666666666,21.983333333333334,180.53333333333333
2133,56.33333333333334,162.75,0.0,0.8,58.33333333333333,124.2,20.0,46.46666666666667,0.0,0.0,14.083333333333334,176.5,10.733333333333333,48.13333333333333,0.0,4.6,0.0,158.93333333333334
2134,49.53333333333333,39.300000000000004,0.0,0.0,95.64999999999999,0.0,84.33333333333333,68.9,106.66666666666666,0.0,93.10000000000001,92.93333333333334,30.666666666666668,21.6,948.3,0.0,22.866666666666667,0.0
2135,123.31666666666668,53.66666666666667,92.39999999999999,31.25,36.4,0.0,6.666666666666666,8.533333333333333,0.0,3.033333333333333,153.6,1344.3666666666666,0.0,3.8666666666666667,171.96666666666667,0.0,0.0,50.13333333333333
2136,49.71666666666667,27.65,0.0,5.933333333333334,27.5,0.0,0.0,19.0,0.0,0.0,0.0,0.0,0.0,21.633333333333333,92.39999999999999,0.0,0.0,191.95
2137,19.75,4.2,285.25,64.83333333333333,8.266666666666667,0.0,34.53333333333333,0.0,0.0,24.2,317.5666666666667,680.6666666666666,31.316666666666666,34.83333333333333,1065.0666666666666,0.0,0.0,252.33333333333334
2138,17.25,97.80000000000001,144.4,0.0,30.599999999999998,127.6,2.2,31.0,0.0,0.0,39.45,1225.75,19.483333333333334,51.2,1316.4,0.0,0.0,0.0
2139,19.316666666666666,146.3,0.0,31.05,99.13333333333334,0.0,0.0,26.25,0.0,26.5,22.266666666666666,1068.1166666666668,0.0,147.8,523.2,0.0,0.0,820.1333333333333
2140,47.58333333333333,118.31666666666668,0.0,35.83333333333333,0.0,285.6,0.0,0.0,0.0,0.0,0.0,1179.1999999999998,0.0,0.0,96.73333333333333,0.0,24.5,1958.3333333333333
2141,5.3,0.0,0.0,23.53333333333333,98.48333333333332,0.0,61.16666666666667,0.0,0.0,0.0,128.13333333333333,634.9833333333333,0.0,30.166666666666664,532.4833333333333,0.0,50.33333333333333,313.0
2142,56.06666666666666,38.96666666666667,0.0,28.816666666666663,96.63333333333334,0.0,9.133333333333333,0.0,0.0,0.0,86.44999999999999,1016.0333333333333,0.0,5.833333333333334,0.0,0.0,0.0,211.06666666666666
2143,23.183333333333337,61.75,0.0,36.900000000000006,145.16666666666666,485.5,26.416666666666664,0.0,0.0,0.0,78.23333333333333,467.31666666666666,0.0,0.0,262.95,0.0,0.0,944.4000000000001
2144,15.033333333333333,10.0,28.9,32.166666666666664,0.0,0.0,0.0,107.1,488.25000000000006,0.0,50.4,0.0,0.0,0.0,290.6,0.0,49.7,15.833333333333334
2145,62.85,4.816666666666666,104.36666666666667,43.18333333333334,104.18333333333334,0.0,41.36666666666666,0.0,0.0,0.0,0.0,490.1666666666667,16.75,25.566666666666666,80.5,2.25,0.0,910.7
2146,7.733333333333333,175.10000000000002,0.0,1.3333333333333333,57.63333333333333,0.0,0.0,22.200000000000003,8.55,0.0,35.733333333333334,196.0,0.0,0.0,523.05,0.0,38.85,579.0666666666666
2147,26.950000000000003,96.3,0.0,15.416666666666666,0.0,0.0,12.316666666666666,0.0,115.7,0.0,92.96666666666665,0.0,59.650000000000006,0.0,0.0,0.0,25.75,417.45000000000005
2148,43.400000000000006,37.46666666666667,0.0,36.5,0.0,0.0,62.599999999999994,27.6,0.0,0.0,0.0,1111.5,0.0,271.1166666666667,714.25,11.666666666666666,0.0,468.8
2149,4.233333333333333,50.6,0.0,53.2,0.0,526.8833333333333,54.13333333333333,0.0,199.95,21.933333333333334,64.53333333333333,797.2666666666667,0.0,27.0,842.1,3.8,0.0,822.6833333333334
2150,24.56666666666667,121.78333333333333,191.66666666666669,25.416666666666668,97.94999999999999,0.0,26.799999999999997,0.0,0.0,0.0,0.0,970.3833333333333,0.0,0.0,329.6666666666667,0.0,117.6,646.95
2151,76.76666666666667,321.5,0.0,5.2,66.33333333333333,0.0,25.166666666666664,88.73333333333333,0.0,0.0,0.0,54.8,0.0,0.0,896.6,2.816666666666667,0.0,1328.0833333333335
2152,11.15,25.3,0.0,0.0,0.0,431.66666666666663,50.0,199.26666666666665,0.0,0.0,35.15,674.6166666666667,21.75,0.0,282.2,0.0,28.0,0.0
2153,68.30000000000001,26.033333333333335,624.8000000000001,49.300000000000004,54.11666666666666,0.0,67.68333333333334,0.0,612.8000000000001,0.0,0.0,0.0,0.0,0.0,396.90000000000003,0.0,17.233333333333334,57.86666666666667
2154,3.4000000000000004,117.86666666666666,272.5333333333333,31.266666666666666,0.0,0.0,24.066666666666666,21.0,0.0,0.0,22.666666666666664,0.0,0.0,0.0,252.90000000000003,0.0,0.0,524.75
2155,20.4,211.7,0.0,56.666666666666664,0.0,0.0,1.5,92.38333333333333,0.0,0.0,26.35,71.33333333333333,19.066666666666666,7.15,758.2,0.0,0.0,1028.5333333333333
2156,29.766666666666666,56.66666666666667,349.25,21.133333333333333,192.93333333333334,156.63333333333333,39.28333333333333,0.0,0.0,12.2,15.866666666666667,354.9,0.0,66.4,514.1333333333333,0.0,23.866666666666667,120.83333333333333
2157,31.083333333333332,0.0,0.0,56.71666666666667,0.0,0.0,0.0,0.0,0.0,34.449999999999996,25.166666666666664,991.1333333333333,0.0,0.0,0.0,1.3833333333333333,0.0,1020.35
2158,0.0,9.6,0.0,41.233333333333334,115.38333333333333,437.23333333333335,0.0,9.25,0.0,9.583333333333334,75.95,250.66666666666666,0.0,42.25,0.0,0.0,48.666666666666664,763.9833333333333
2159,40.766666666666666,62.53333333333333,0.0,0.0,16.099999999999998,195.29999999999998,47.0,0.0,0.0,0.0,74.98333333333333,600.4833333333332,0.0,0.0,27.23333333333333,23.566666666666666,0.0,0.0
2160,32.1,0.0,0.0,26.5,70.76666666666667,0.0,9.05,33.733333333333334,0.0,0.0,0.0,396.58333333333326,0.0,0.0,507.7166666666667,16.333333333333332,90.01666666666667,353.5
2161,13.083333333333332,0.0,160.41666666666669,3.2666666666666666,65.86666666666667,281.6166666666666,18.416666666666668,32.266666666666666,136.4,0.0,0.0,527.0833333333333,0.0,58.93333333333333,0.0,0.0,177.63333333333333,55.199999999999996
2162,47.16666666666667,106.18333333333332,0.0,41.85,70.5,0.0,39.0,23.666666666666668,0.0,5.333333333333333,185.26666666666665,147.5,0.0,191.48333333333335,276.76666666666665,0.0,0.0,0.0
2163,58.983333333333334,0.0,0.0,37.81666666666666,82.73333333333332,0.0,21.916666666666668,0.0,0.0,0.0,171.93333333333334,662.8166666666666,0.0,48.6,538.1999999999999,59.83333333333333,45.6,1175.9166666666665
2164,24.783333333333335,118.43333333333334,0.0,0.9333333333333333,300.48333333333335,0.0,17.866666666666667,97.25,254.28333333333333,0.0,0.0,21.866666666666667,0.0,0.0,843.6166666666668,0.0,0.0,285.6166666666667
2165,31.78333333333333,104.86666666666666,124.96666666666667,24.633333333333333,39.550000000000004,0.0,0.0,42.4,0.0,0.0,20.716666666666665,899.3666666666666,0.0,164.01666666666665,462.3333333333333,0.0,111.35,63.93333333333333
2166,37.983333333333334,0.0,111.35,33.983333333333334,0.0,0.0,41.16666666666667,0.0,256.5,0.0,58.75,981.2333333333333,7.866666666666666,98.0,513.15,0.0,0.0,507.95
2167,0.0,0.0,0.0,57.93333333333334,0.0,0.0,81.26666666666667,18.55,0.0,0.0,11.100000000000001,420.49999999999994,0.0,37.25,690.2,0.0,0.0,771.7
2168,29.033333333333335,60.83333333333333,0.0,6.3,0.0,97.14999999999999,0.0,15.0,511.5,0.0,58.93333333333333,689.55,0.0,17.6,1746.1333333333332,0.0,0.0,169.18333333333334
2169,32.68333333333333,170.63333333333333,0.0,0.0,286.45,0.0,17.3,94.48333333333333,0.0,0.0,73.1,249.16666666666666,0.0,95.25,0.0,0.0,0.0,479.2
2170,46.78333333333333,19.5,0.0,36.75,81.88333333333334,0.0,9.366666666666667,61.78333333333333,0.0,0.0,0.0,686.3666666666667,0.0,0.0,0.0,0.0,17.383333333333333,133.31666666666666
2171,16.583333333333336,0.0,0.0,42.53333333333333,0.0,0.0,72.76666666666667,96.46666666666667,0.0,0.0,41.81666666666666,107.06666666666666,0.0,58.9,0.0,0.0,0.0,0.0
2172,17.45,93.21666666666667,69.56666666666666,23.533333333333335,19.333333333333332,0.0,48.61666666666667,0.0,0.0,0.0,161.21666666666664,175.33333333333334,0.0,72.8,187.0,0.0,174.95,35.0
2173,40.08333333333333,56.81666666666666,9.666666666666666,29.75,89.21666666666667,0.0,0.0,37.5,0.0,9.033333333333333,6.333333333333333,0.0,0.0,16.6,1018.4333333333334,18.333333333333332,143.08333333333334,777.0166666666667
2174,60.39999999999999,155.1,0.0,22.283333333333335,47.483333333333334,0.0,3.933333333333333,11.866666666666667,553.6,0.0,145.66666666666669,624.15,0.0,0.0,715.4833333333333,0.0,74.36666666666667,903.8666666666667
2175,6.066666666666666,151.08333333333334,250.8,24.0,9.15,28.7,6.733333333333333,0.0,0.0,0.0,35.6,932.3666666666667,0.0,0.0,73.15,0.0,0.0,1929.3333333333333
2176,8.0,0.0,0.0,69.6,62.65,0.0,66.30000000000001,0.0,0.0,0.0,184.5,188.88333333333333,0.0,0.0,0.0,38.7,0.0,0.0
2177,0.0,0.0,0.0,4.1,0.0,0.0,32.96666666666667,168.93333333333334,391.15,0.0,0.0,150.0,17.599999999999998,0.0,273.75,2.4166666666666665,148.21666666666667,144.86666666666667
2178,4.183333333333334,81.36666666666667,0.0,5.733333333333333,0.0,346.26666666666665,0.0,148.86666666666665,0.0,0.0,97.41666666666666,361.2,0.0,0.0,660.45,60.93333333333334,0.0,1033.5666666666666
2179,52.36666666666666,0.0,70.5,0.0,13.5,0.0,34.06666666666666,61.56666666666666,0.0,0.0,79.93333333333334,0.0,0.0,0.0,255.13333333333333,0.0,26.833333333333336,231.73333333333332
2180,28.35,32.766666666666666,0.0,14.9,111.85,0.0,0.0,0.0,0.0,0.0,254.91666666666669,610.2666666666667,0.0,0.0,0.0,0.0,0.0,1095.8333333333333
2181,67.78333333333333,0.0,0.0,59.68333333333333,9.1,0.0,23.333333333333332,258.4,36.0,0.0,78.25,310.4,0.0,18.333333333333332,1091.8333333333335,0.0,0.0,0.0
2182,65.58333333333333,59.25,277.6,13.5,125.00000000000001,0.0,23.599999999999998,86.9,0.0,0.0,98.26666666666667,341.2,0.0,0.0,541.15,0.0,169.95,570.0333333333333
2183,18.5,46.800000000000004,125.80000000000001,25.95,0.0,0.0,44.349999999999994,18.0,0.0,0.0,152.14999999999998,136.08333333333334,0.0,0.0,825.1,0.0,0.0,617.0833333333333
2184,27.400000000000002,8.8,674.05,30.683333333333337,93.78333333333333,0.0,62.983333333333334,78.9,150.4,0.0,0.0,1279.25,0.0,19.2,408.59999999999997,0.0,147.33333333333331,275.40000000000003
2185,73.88333333333333,2.3000000000000003,0.0,22.666666666666668,11.716666666666667,0.0,28.333333333333336,65.46666666666667,519.3333333333333,0.0,190.43333333333334,647.7,0.0,51.86666666666667,746.5166666666667,19.833333333333336,0.0,1309.6333333333332
2186,70.56666666666666,0.0,0.0,0.0,153.03333333333333,519.8666666666667,4.85,116.7,0.0,0.0,20.666666666666668,1045.8666666666668,0.0,0.0,27.6,0.0,0.0,0.0
2187,13.75,81.36666666666666,0.0,17.316666666666666,69.61666666666667,0.0,75.7,240.71666666666667,0.0,0.0,41.6,728.6999999999999,5.95,64.0,125.86666666666666,0.0,125.35000000000001,615.4
2188,65.86666666666667,70.23333333333333,0.0,12.666666666666666,58.666666666666664,0.0,68.21666666666667,0.0,713.3166666666666,0.0,69.13333333333333,187.54999999999998,0.0,31.833333333333332,231.73333333333332,0.0,30.6,1285.2666666666669
2189,47.916666666666664,135.06666666666666,0.0,58.75,159.95,0.0,42.016666666666666,33.3,0.0,0.0,232.6,146.73333333333335,0.0,185.06666666666666,117.16666666666666,0.0,0.0,0.0
2190,0.0,18.8,392.53333333333336,34.3,0.0,0.0,22.75,233.31666666666666,50.266666666666666,0.0,150.18333333333334,1212.6333333333334,0.0,129.18333333333334,565.2833333333333,0.0,0.0,322.40000000000003
2191,58.58333333333333,187.81666666666666,0.0,51.916666666666664,43.9,0.0,14.599999999999998,0.0,0.0,0.0,15.066666666666666,1856.0166666666667,0.0,115.56666666666666,415.1333333333333,0.0,86.1,0.0
2192,46.31666666666667,165.93333333333334,0.0,14.416666666666666,83.23333333333333,393.93333333333334,0.0,0.0,122.86666666666666,0.0,0.0,1293.6333333333332,19.733333333333334,51.333333333333336,988.2333333333333,2.8,9.2,116.99999999999999
2193,17.666666666666664,130.16666666666669,682.4,0.0,21.416666666666664,135.75,30.98333333333333,268.48333333333335,0.0,3.65,56.4,514.1166666666667,0.0,27.2,768.4833333333333,0.0,65.0,567.1
2194,56.8,8.833333333333332,0.0,43.36666666666667,232.3,0.0,26.599999999999998,0.0,0.0,0.0,48.93333333333333,415.95000000000005,0.0,102.58333333333334,0.0,0.0,9.5,1307.7666666666669
2195,41.18333333333334,0.0,85.06666666666666,0.0,29.833333333333336,0.0,17.2,0.0,668.3833333333333,0.0,167.73333333333335,198.33333333333331,25.799999999999997,230.95,0.0,0.0,0.0,192.36666666666667
2196,8.966666666666667,69.61666666666667,483.3333333333333,22.099999999999998,0.0,38.13333333333333,20.933333333333334,30.449999999999996,72.0,0.0,201.18333333333334,1528.9166666666667,0.0,92.1,155.75,0.0,79.73333333333333,1283.9833333333331
2197,9.366666666666667,65.45,468.0,32.05,0.0,119.96666666666665,77.73333333333333,132.71666666666667,0.0,22.25,0.0,603.6333333333333,5.316666666666666,0.0,103.58333333333333,19.049999999999997,0.0,428.65000000000003
2198,47.43333333333334,39.38333333333334,0.0,3.9,77.0,0.0,13.900000000000002,14.399999999999999,0.0,0.0,113.36666666666667,929.6166666666667,0.0,141.53333333333333,108.73333333333333,0.0,26.833333333333336,539.8166666666666
2199,26.83333333333333,118.35,0.0,2.1333333333333333,159.58333333333331,0.0,9.416666666666668,2.1,0.0,0.0,0.0,674.0,0.0,0.0,302.8,2.2,11.0,353.3666666666667
2200,0.0,180.76666666666668,0.0,4.783333333333333,161.54999999999998,371.0,42.583333333333336,61.35000000000001,141.20000000000002,0.0,191.98333333333335,0.0,32.0,41.800000000000004,323.5166666666667,0.0,0.0,148.2
2201,11.65,88.55,838.0333333333333,0.0,69.55,0.0,52.983333333333334,0.0,0.0,9.5,142.98333333333332,441.23333333333335,5.5,49.6,327.8666666666667,0.0,116.33333333333333,1260.35
2202,0.0,59.15,0.0,48.333333333333336,42.88333333333333,0.0,13.25,6.200000000000001,0.0,0.0,138.43333333333334,518.35,0.0,0.0,187.91666666666669,19.0,35.366666666666674,92.08333333333334
2203,22.766666666666666,179.18333333333334,634.6833333333333,25.333333333333332,109.9,217.73333333333335,43.63333333333333,29.583333333333336,394.3333333333333,0.0,144.85,0.0,0.36666666666666664,8.7,713.8,0.0,50.916666666666664,1302.9666666666667
2204,11.583333333333334,81.4,0.0,21.53333333333333,0.0,0.0,5.866666666666667,15.600000000000001,0.0,0.0,73.76666666666667,467.51666666666665,0.0,0.0,742.1166666666667,0.0,44.800000000000004,510.53333333333336
2205,7.55,17.55,0.0,22.0,0.0,0.0,3.533333333333333,0.0,330.53333333333336,7.266666666666667,62.4,1051.1,0.0,0.0,1841.6833333333334,0.0,0.0,966.25
2206,8.0,287.8,164.05,30.466666666666665,56.96666666666667,168.13333333333333,0.0,192.06666666666666,0.0,0.0,4.2,990.5166666666667,0.0,0.0,0.0,0.0,0.0,42.0
2207,11.066666666666666,100.05,342.5333333333333,36.949999999999996,83.13333333333333,0.0,31.699999999999996,227.25,26.75,0.0,58.63333333333333,0.0,0.0,63.46666666666667,448.21666666666664,0.0,199.04999999999998,186.36666666666665
2208,64.35000000000001,0.0,0.0,54.39999999999999,199.18333333333334,0.0,55.96666666666666,0.0,0.0,0.0,0.0,1817.75,0.0,0.0,536.4333333333334,0.0,0.0,344.85
2209,0.0,0.0,0.0,40.516666666666666,26.4,0.0,51.06666666666666,3.416666666666667,0.0,15.916666666666666,0.0,53.93333333333333,0.0,0.0,516.6,0.0,24.93333333333333,420.5833333333333
2210,58.400000000000006,63.05,0.0,25.733333333333334,38.78333333333333,0.0,43.96666666666667,0.0,0.0,0.0,254.61666666666667,245.4666666666667,0.0,0.0,1438.0666666666666,0.0,134.65,0.0
2211,97.1,0.0,0.0,20.266666666666666,39.31666666666666,732.0,25.0,71.16666666666666,0.0,0.0,0.0,164.48333333333335,0.0,42.35,764.7833333333333,0.0,0.0,1058.6333333333332
2212,45.25,0.0,146.2,7.466666666666667,2.0,620.0999999999999,5.833333333333334,0.0,240.25,0.0,147.61666666666667,1767.3666666666668,0.0,0.0,646.35,0.0,0.0,1025.2
2213,34.300000000000004,0.0,176.78333333333333,29.283333333333335,1.6666666666666665,0.0,25.833333333333336,0.0,0.0,0.0,236.68333333333334,0.0,45.583333333333336,98.11666666666666,1305.7,0.0,25.4,0.0
2214,35.383333333333326,103.03333333333333,0.0,11.850000000000001,136.70000000000002,0.0,30.166666666666668,0.0,0.0,9.933333333333334,50.266666666666666,0.0,0.0,0.0,65.73333333333333,0.0,173.38333333333333,25.9
2215,22.816666666666666,0.0,0.0,10.2,237.21666666666667,0.0,0.0,53.46666666666667,0.0,0.0,9.333333333333334,1370.8333333333333,25.333333333333332,0.0,894.5333333333333,0.0,200.83333333333331,182.51666666666665
2216,68.96666666666667,0.0,0.0,13.833333333333332,0.0,388.3,63.766666666666666,9.450000000000001,207.9,0.0,0.0,250.83333333333331,0.0,0.0,0.0,0.0,0.0,330.8333333333333
2217,64.19999999999999,11.399999999999999,0.0,3.7333333333333334,163.0,578.3,24.96666666666667,0.0,448.5,0.0,142.76666666666665,793.75,35.6,26.8,1113.1833333333334,0.0,66.88333333333333,1221.0
2218,82.33333333333333,33.13333333333333,0.0,61.21666666666667,72.25,0.0,27.46666666666667,119.11666666666667,0.0,0.0,0.0,390.7,0.0,0.0,187.81666666666666,0.0,0.0,102.73333333333333
2219,74.58333333333333,0.0,386.2833333333333,16.933333333333334,58.28333333333333,0.0,6.083333333333333,0.0,0.0,1.8,2.6666666666666665,2175.883333333333,0.0,108.94999999999999,733.6,0.0,20.6,690.05
2220,93.26666666666667,37.36666666666667,0.0,0.0,71.33333333333334,0.0,21.2,122.66666666666666,223.66666666666666,0.0,112.19999999999999,284.01666666666665,2.8499999999999996,64.35,762.8,0.0,79.16666666666667,680.9666666666667
2221,15.733333333333334,25.2,0.0,0.0,30.333333333333336,0.0,15.600000000000001,19.8,0.0,0.0,173.71666666666667,461.5,0.0,32.53333333333333,421.6333333333333,22.166666666666664,0.0,355.3
2222,22.833333333333332,0.0,0.0,34.96666666666667,0.0,0.0,35.63333333333333,105.6,0.0,0.0,47.31666666666666,321.29999999999995,0.0,0.0,358.79999999999995,0.0,48.3,0.0
2223,44.6,288.8666666666667,0.0,0.0,93.33333333333333,0.0,10.883333333333335,15.666666666666666,407.93333333333334,0.0,57.38333333333333,735.0166666666667,0.0,17.849999999999998,270.5,0.0,56.733333333333334,649.8166666666666
2224,22.46666666666667,0.0,0.0,36.8,0.0,0.0,27.883333333333333,96.51666666666667,0.0,1.65,19.166666666666668,1994.85,2.166666666666667,0.0,224.0,4.466666666666667,0.0,110.66666666666667
2225,26.266666666666666,189.06666666666666,0.0,29.783333333333335,71.0,0.0,33.13333333333333,144.10000000000002,0.0,3.75,148.91666666666669,1398.9166666666665,16.266666666666666,62.81666666666667,0.0,0.0,42.58333333333333,785.5999999999999
2226,70.86666666666666,97.30000000000001,0.0,20.766666666666666,3.7333333333333334,285.59999999999997,49.266666666666666,0.0,0.0,0.0,0.0,559.75,0.0,0.0,341.3666666666667,0.0,40.266666666666666,393.93333333333334
2227,17.333333333333332,74.73333333333333,0.0,0.0,0.0,60.33333333333333,35.233333333333334,65.25,66.95,0.0,2.933333333333333,0.0,0.0,0.0,122.73333333333332,23.75,0.0,50.8
2228,73.31666666666668,0.0,0.0,48.81666666666666,24.166666666666664,90.38333333333333,15.433333333333334,97.78333333333333,138.55,0.0,0.0,0.0,0.0,0.0,0.0,0.0,0.0,763.7333333333333
2229,0.0,53.483333333333334,0.0,6.2,0.0,199.83333333333331,10.116666666666667,93.9,157.85000000000002,0.0,21.0,0.0,0.0,19.4,248.0,0.0,0.0,1104.8166666666666
2230,50.099999999999994,13.799999999999999,133.20000000000002,0.0,65.83333333333333,508.4,53.9,13.2,0.0,0.0,171.25,435.1333333333333,0.0,114.79999999999998,376.56666666666666,23.4,0.0,42.75
2231,41.53333333333333,262.1666666666667,0.0,7.7,106.0,0.0,17.266666666666666,0.0,0.0,0.0,254.46666666666667,680.4,0.0,0.0,0.0,39.699999999999996,107.80000000000001,642.15
2232,123.41666666666667,0.0,0.0,0.8,0.0,0.0,28.933333333333334,0.0,0.0,0.0,0.0,101.14999999999999,24.0,76.76666666666667,534.1333333333333,0.0,139.91666666666666,187.15
2233,9.416666666666666,0.0,312.0,7.2333333333333325,142.8,0.0,0.0,0.0,0.0,0.0,0.0,159.1,0.0,0.0,0.0,0.0,112.43333333333334,1172.6833333333334
2234,72.75,0.0,21.333333333333332,36.46666666666667,53.25,0.0,45.73333333333333,37.2,297.81666666666666,0.0,64.91666666666666,1194.6833333333334,0.0,29.766666666666666,795.1,0.0,0.0,360.0
2235,5.366666666666667,94.01666666666667,0.0,16.733333333333334,21.0,49.583333333333336,13.5,61.599999999999994,0.0,0.0,135.43333333333334,0.0,0.0,138.05,249.38333333333335,4.55,0.0,213.55
2236,23.066666666666666,177.4,0.0,56.2,62.3,573.1333333333333,0.0,40.43333333333334,0.0,16.416666666666664,201.58333333333334,189.55,0.0,54.45,26.133333333333333,0.0,0.0,1268.1666666666665
2237,100.73333333333333,53.86666666666667,33.733333333333334,17.75,146.63333333333333,0.0,16.15,40.8,443.1333333333333,0.0,0.0,515.4666666666667,1.0499999999999998,43.81666666666667,603.9,0.0,0.0,176.8
2238,18.083333333333336,84.0,0.0,2.6666666666666665,131.53333333333333,0.0,0.0,0.0,355.54999999999995,0.0,137.0,1186.3666666666668,0.0,24.15,185.5,21.066666666666666,0.0,158.01666666666668
2239,2.8666666666666667,0.0,166.06666666666666,37.0,155.93333333333334,0.0,0.0,9.350000000000001,0.0,0.0,0.0,783.25,32.11666666666667,26.25,1069.3666666666666,5.383333333333334,65.4,0.0
2240,50.599999999999994,0.0,0.0,43.68333333333334,101.16666666666667,0.0,47.15,0.0,0.0,0.0,0.0,448.2833333333333,0.0,61.233333333333334,700.7333333333333,6.0,89.75,32.38333333333333
2241,85.35000000000001,162.06666666666666,278.8666666666667,25.96666666666667,0.0,118.83333333333334,18.450000000000003,4.199999999999999,0.0,0.0,43.4,103.76666666666667,0.0,47.16666666666667,104.0,0.0,80.60000000000001,466.8666666666667
2242,38.15,1.5,0.0,63.099999999999994,96.01666666666665,0.0,7.700000000000001,56.7,0.0,0.0,197.06666666666666,346.93333333333334,0.0,0.0,49.58333333333333,0.0,7.6,190.4
2243,0.0,0.0,0.0,21.566666666666666,54.0,0.0,79.81666666666666,13.299999999999999,0.0,0.0,63.666666666666664,185.85000000000002,0.0,66.5,1112.8333333333333,0.0,21.666666666666664,35.2
2244,25.8,35.2,321.3,48.266666666666666,0.0,67.91666666666667,18.866666666666667,0.0,0.0,11.65,85.45,517.1333333333333,0.0,201.41666666666666,123.73333333333333,0.0,222.13333333333333,1558.4833333333333
2245,27.849999999999998,26.71666666666667,393.28333333333336,19.416666666666668,104.39999999999999,0.0,18.433333333333334,158.83333333333334,182.39999999999998,1.0333333333333334,75.68333333333334,216.20000000000002,0.0,39.2,26.916666666666664,0.0,0.0,167.76666666666665
2246,16.799999999999997,55.449999999999996,0.0,20.21666666666667,0.0,192.75,21.666666666666664,0.0,0.0,0.0,17.733333333333334,1174.75,0.0,34.33333333333333,159.5,0.0,42.5,32.53333333333333
2247,24.75,0.0,0.0,1.6,116.23333333333333,95.2,26.0,43.650000000000006,140.9,0.0,0.0,514.9,0.0,46.4,228.16666666666669,0.0,0.0,0.0
2248,56.633333333333326,143.75,0.0,4.783333333333333,0.0,144.86666666666667,46.516666666666666,83.21666666666668,0.0,0.0,180.76666666666665,299.25,0.0,0.0,125.04999999999998,0.0,0.0,629.1166666666667
2249,20.416666666666664,0.0,204.6,0.0,0.0,0.0,0.0,71.5,0.0,0.0,89.83333333333334,0.0,0.0,86.66666666666666,858.9,0.0,138.6,930.4
2250,41.016666666666666,270.5,0.0,0.0,0.0,0.0,22.75,0.0,0.0,38.7,157.73333333333335,218.2,0.0,0.0,237.0,0.0,0.0,224.83333333333331
2251,26.833333333333336,127.03333333333333,314.66666666666663,0.0,0.0,372.6,15.200000000000001,85.41666666666666,99.01666666666667,0.0,58.43333333333334,805.8666666666667,0.0,32.0,0.0,1.8,0.0,0.0
2252,76.38333333333333,33.13333333333333,100.69999999999999,0.0,65.8,0.0,26.166666666666668,39.0,0.0,0.0,2.6,317.06666666666666,0.0,49.8,0.0,0.0,91.6,82.13333333333333
2253,53.400000000000006,0.0,100.06666666666666,4.4,37.68333333333334,0.0,121.16666666666667,32.21666666666667,56.099999999999994,0.0,102.95,218.35000000000002,10.299999999999999,0.0,340.40000000000003,0.0,89.75,0.0
2254,88.13333333333333,136.51666666666665,0.0,2.466666666666667,46.599999999999994,121.11666666666667,20.53333333333333,0.0,0.0,0.0,0.0,620.3,0.0,40.0,280.5,0.0,53.08333333333333,183.60000000000002
2255,61.21666666666667,218.7333333333333,988.2,17.333333333333332,106.33333333333333,0.0,9.133333333333333,0.0,0.0,25.666666666666668,0.0,717.0999999999999,0.0,42.666666666666664,131.6,23.666666666666668,102.53333333333333,723.9333333333333
2256,53.516666666666666,113.1,673.4166666666667,57.11666666666666,0.0,0.0,9.8,64.35,104.16666666666667,0.0,0.0,140.81666666666666,0.0,5.2,481.56666666666666,0.0,91.35000000000001,255.56666666666666
2257,18.066666666666666,211.25,0.0,12.483333333333334,110.2,0.0,25.3,0.0,167.63333333333335,6.683333333333333,34.300000000000004,842.5833333333333,0.0,0.0,417.9,0.0,127.55,0.0
2258,0.0,222.25,0.0,0.0,0.0,0.0,80.46666666666667,46.800000000000004,464.09999999999997,0.0,58.949999999999996,1185.45,0.0,35.85,461.78333333333336,0.0,0.0,481.85
2259,57.21666666666667,38.849999999999994,0.0,5.699999999999999,4.65,349.16666666666663,23.9,0.0,0.0,0.0,0.0,1368.1666666666667,15.166666666666666,24.566666666666666,358.95,38.916666666666664,26.0,0.0
2260,42.43333333333334,0.0,0.0,91.23333333333333,186.81666666666666,0.0,0.0,12.400000000000002,0.0,0.0,81.64999999999999,1038.2666666666667,0.3,23.21666666666667,626.1999999999999,0.0,0.0,52.86666666666666
2261,56.71666666666666,54.88333333333333,0.0,36.81666666666666,41.81666666666667,0.0,21.2,69.86666666666666,146.66666666666666,8.35,0.0,1801.0333333333333,0.0,54.5,137.06666666666666,0.0,0.0,930.4
2262,5.933333333333334,0.0,0.0,7.666666666666667,54.66666666666667,0.0,35.699999999999996,0.0,385.33333333333337,0.0,153.3,234.38333333333333,1.9666666666666668,101.33333333333333,350.3333333333333,0.0,115.41666666666666,347.6
2263,0.0,194.8,183.51666666666665,0.95,62.06666666666666,0.0,51.900000000000006,183.54999999999998,0.0,22.633333333333333,43.4,370.3666666666667,0.0,99.60000000000001,354.25,0.0,19.266666666666666,272.1333333333333
2264,23.1,126.48333333333333,0.0,66.98333333333333,26.833333333333332,139.3,37.25,0.0,0.0,0.0,25.299999999999997,510.5,16.900000000000002,35.2,0.0,21.816666666666666,0.0,143.13333333333333
2265,22.533333333333335,0.0,0.0,25.15,176.13333333333333,0.0,0.0,27.0,0.0,0.0,72.23333333333333,553.2333333333333,0.0,19.849999999999998,0.0,0.0,0.0,342.0333333333333
2266,22.2,242.73333333333335,15.583333333333332,3.0,102.0,0.0,33.6,77.33333333333333,116.26666666666667,0.5499999999999999,123.41666666666666,244.01666666666668,0.0,21.6,1499.4833333333333,0.0,26.333333333333332,236.0
2267,5.699999999999999,0.0,0.0,93.2,124.35000000000001,0.0,76.3,211.01666666666665,0.0,0.0,96.73333333333332,308.6333333333333,0.0,17.733333333333334,1086.15,0.0,80.11666666666667,0.0
2268,11.566666666666666,40.6,0.0,0.0,72.9,0.0,9.866666666666667,62.75,0.0,0.0,31.849999999999998,253.25,0.0,91.66666666666667,193.60000000000002,0.0,0.0,387.9833333333333
2269,74.46666666666667,32.0,195.2,23.016666666666666,180.26666666666665,438.45,28.4,82.13333333333334,0.0,0.0,0.0,18.01666666666667,0.0,0.0,350.05,0.0,0.0,44.85
2270,25.616666666666667,50.83333333333333,28.599999999999998,16.366666666666667,0.0,729.2,0.0,101.1,357.2833333333333,0.0,122.41666666666667,147.46666666666667,0.0,30.916666666666668,231.13333333333333,0.0,0.0,514.0333333333333
2271,42.24999999999999,17.933333333333334,0.0,49.25,57.599999999999994,0.0,0.0,0.0,0.0,0.0,204.53333333333333,583.4666666666667,0.0,0.0,409.98333333333335,0.0,35.46666666666667,0.0
2272,35.53333333333333,164.83333333333334,0.0,109.65,31.666666666666668,0.0,2.3666666666666667,148.76666666666665,118.06666666666668,0.0,152.08333333333334,220.79999999999998,0.0,0.0,1113.2,0.0,56.0,250.48333333333335
2273,0.0,19.6,0.0,20.433333333333334,0.0,248.26666666666665,14.2,0.0,0.0,0.0,43.983333333333334,0.0,0.0,114.83333333333334,17.599999999999998,32.099999999999994,0.0,44.0
2274,79.3,0.0,342.2,36.05,194.11666666666667,0.0,4.6,4.4,0.0,0.0,10.666666666666666,125.8,11.733333333333333,32.36666666666667,376.0333333333333,0.0,0.0,0.0
2275,21.266666666666666,110.46666666666667,794.5666666666666,58.31666666666666,238.58333333333334,0.0,29.316666666666666,140.0,0.0,0.0,24.750000000000004,215.41666666666666,0.0,0.0,33.55,0.0,86.21666666666667,353.6
2276,52.016666666666666,40.43333333333333,0.0,6.666666666666666,97.45,0.0,68.15,0.0,0.0,0.0,160.3,1449.2333333333333,0.0,3.2,1895.0333333333333,0.0,63.93333333333333,0.0
2277,17.45,453.5333333333333,0.0,0.0,69.11666666666666,507.6333333333333,54.583333333333336,122.23333333333333,0.0,0.0,0.0,248.93333333333334,0.0,10.033333333333333,0.0,0.0,105.06666666666666,1640.65
2278,67.01666666666667,161.83333333333334,0.0,27.55,50.599999999999994,0.0,0.0,22.516666666666666,55.5,0.0,18.166666666666668,814.0,0.0,11.733333333333333,178.20000000000002,0.0,0.0,603.4666666666666
2279,13.65,67.9,0.0,22.949999999999996,0.0,0.0,3.966666666666667,286.06666666666666,71.86666666666667,0.0,31.166666666666668,757.9333333333333,0.0,0.0,180.9,0.0,0.0,812.9166666666667
2280,5.533333333333333,50.349999999999994,0.0,79.53333333333333,58.3,0.0,0.0,35.41666666666667,317.68333333333334,0.0,20.0,358.6333333333333,0.0,16.683333333333334,771.5166666666667,0.0,0.0,1070.9833333333333
2281,16.416666666666668,226.2,0.0,17.95,45.93333333333333,248.9666666666667,37.00000000000001,0.0,109.35,0.0,9.916666666666668,203.46666666666667,0.0,31.0,1262.6333333333332,0.0,91.25,189.5
2282,9.05,59.53333333333334,0.0,37.58333333333333,140.23333333333335,0.0,70.55,96.5,0.0,4.133333333333334,67.9,181.0,0.0,47.06666666666667,986.4666666666667,0.0,75.0,382.3833333333333
2283,29.01666666666667,50.550000000000004,0.0,42.31666666666666,148.4,192.06666666666666,22.416666666666668,96.26666666666667,0.0,0.0,28.683333333333337,26.400000000000002,0.0,72.13333333333334,427.7,0.0,0.0,438.1166666666667
2284,1.9833333333333334,70.5,0.0,24.2,18.05,0.0,39.26666666666667,0.0,0.0,0.0,0.0,1006.2,0.0,0.0,164.66666666666666,0.0,55.800000000000004,228.56666666666666
2285,47.5,78.48333333333333,0.0,23.35,49.333333333333336,0.0,22.9,166.60000000000002,0.0,0.0,0.0,576.3666666666667,0.0,91.88333333333333,670.0,0.0,58.70000000000001,502.1166666666667
2286,34.233333333333334,0.0,0.0,5.5,121.11666666666666,0.0,32.78333333333333,87.06666666666666,0.0,0.0,83.06666666666666,601.0666666666667,0.0,46.0,241.4666666666667,30.733333333333334,0.0,0.0
2287,0.0,0.0,0.0,28.53333333333333,41.61666666666667,0.0,25.55,102.28333333333335,0.0,0.0,128.1,508.3333333333333,0.0,47.400000000000006,1425.2833333333333,0.0,176.7,690.3
2288,26.75,91.83333333333334,0.0,21.0,34.0,0.0,50.4,0.0,0.0,0.0,0.0,493.75,6.066666666666666,73.8,113.85000000000001,6.466666666666667,82.13333333333334,1251.0666666666666
2289,2.9166666666666665,0.0,0.0,6.466666666666667,111.73333333333333,240.53333333333333,55.38333333333333,150.13333333333333,0.0,8.7,0.0,254.2,30.0,270.40000000000003,169.0,0.0,38.96666666666667,51.6
2290,6.25,202.0,0.0,39.983333333333334,6.3,0.0,2.55,21.45,0.0,7.3500000000000005,28.7,761.6333333333333,46.199999999999996,38.4,0.0,0.0,0.0,267.1666666666667
2291,15.1,205.78333333333336,147.73333333333332,64.33333333333333,63.0,0.0,27.9,0.0,0.0,0.0,45.8,190.21666666666667,3.3666666666666667,0.0,508.1333333333333,0.0,0.0,539.9333333333334
2292,40.18333333333333,15.283333333333331,0.0,75.73333333333332,0.0,160.53333333333333,0.0,15.0,0.0,0.0,0.0,411.25000000000006,0.0,19.5,123.0,0.0,0.0,43.75
2293,48.516666666666666,0.0,0.0,37.766666666666666,110.0,0.0,0.0,0.0,0.0,0.0,314.01666666666665,640.8333333333333,0.0,0.0,0.0,0.0,83.28333333333335,306.90000000000003
2294,9.200000000000001,8.8,318.1666666666667,101.81666666666666,145.0,0.0,0.0,146.66666666666666,0.0,18.1,59.2,470.3333333333333,45.96666666666667,49.7,1918.6166666666668,0.0,75.36666666666667,23.76666666666667
2295,1.4833333333333334,149.88333333333333,433.09999999999997,89.6,113.6,0.0,0.0,14.233333333333333,0.0,0.0,52.900000000000006,1132.4499999999998,0.0,187.06666666666666,983.4333333333334,0.0,0.0,0.0
2296,0.0,0.0,0.0,11.75,60.63333333333333,0.0,2.066666666666667,0.0,0.0,0.0,91.38333333333333,847.4333333333333,0.0,111.26666666666667,0.0,0.0,31.266666666666666,379.65
2297,86.94999999999999,34.16666666666667,0.0,24.833333333333332,21.933333333333334,0.0,27.0,0.0,227.33333333333334,0.0,62.31666666666666,1175.5,11.266666666666667,0.0,246.2,0.0,29.516666666666666,1286.1833333333334
2298,7.266666666666667,0.0,0.0,96.65,10.0,0.0,22.866666666666667,49.3,0.0,0.0,6.3,163.33333333333331,0.0,0.0,198.0,0.0,35.96666666666667,0.0
2299,71.93333333333332,173.46666666666667,388.51666666666665,6.6,0.0,0.0,0.0,28.5,0.0,0.0,10.833333333333334,796.7333333333333,0.0,113.3,1005.05,0.0,50.83333333333333,0.0
2300,22.616666666666667,172.66666666666666,0.0,0.0,91.66666666666666,0.0,20.566666666666666,162.83333333333331,441.65,0.0,28.933333333333334,0.0,0.0,0.0,0.0,2.033333333333333,78.93333333333334,1708.95
2301,66.18333333333334,179.91666666666666,0.0,27.0,58.93333333333333,128.79999999999998,24.55,0.0,0.0,0.0,33.25,494.46666666666664,0.0,0.0,214.20000000000002,0.5,29.866666666666667,797.25
2302,108.08333333333333,0.0,0.0,27.299999999999997,29.5,0.0,14.666666666666666,26.05,678.55,0.0,88.26666666666667,0.0,0.0,0.0,166.8,25.866666666666667,38.31666666666666,61.599999999999994
2303,4.1,0.0,0.0,0.0,3.4833333333333334,198.66666666666669,78.98333333333333,0.0,0.0,0.0,0.0,601.4333333333334,3.2,0.0,65.98333333333333,0.0,128.36666666666665,0.0
2304,40.2,0.0,0.0,55.38333333333333,9.0,0.0,34.4,66.60000000000001,355.8333333333333,0.0,74.0,414.3666666666667,0.0,0.0,0.0,0.0,0.0,0.0
2305,27.06666666666667,48.53333333333333,0.0,128.08333333333334,72.25,139.38333333333333,49.800000000000004,0.0,0.0,0.0,116.53333333333335,335.95,0.0,0.0,716.6833333333334,0.0,84.0,0.0
2306,53.36666666666667,37.2,149.60000000000002,16.333333333333332,73.38333333333333,0.0,0.0,33.949999999999996,0.0,0.0,214.76666666666665,1233.5666666666666,1.3666666666666667,49.900000000000006,975.6166666666666,0.0,239.13333333333333,0.0
2307,6.200000000000001,44.800000000000004,48.1,32.666666666666664,49.96666666666667,0.0,39.9,133.0,0.0,0.0,247.08333333333334,651.75,0.0,0.0,226.85,0.0,0.0,504.65
2308,0.0,0.0,0.0,44.53333333333333,46.083333333333336,0.0,40.31666666666666,140.29999999999998,0.0,0.0,64.73333333333333,1913.6666666666667,0.0,112.65,845.2166666666667,0.0,0.0,535.65
2309,18.616666666666667,117.43333333333334,0.0,8.8,166.23333333333335,0.0,20.2,0.0,0.0,0.0,82.2,107.4,17.0,57.85000000000001,0.0,0.0,169.36666666666667,1915.2166666666667
2310,31.716666666666672,0.0,89.6,52.4,0.0,0.0,0.0,5.3999999999999995,184.08333333333331,0.0,0.0,0.0,0.0,40.98333333333333,47.13333333333333,0.0,90.56666666666666,581.3333333333334
2311,0.0,54.83333333333333,0.0,17.650000000000002,77.7,0.0,11.2,0.0,0.0,0.0,63.93333333333334,80.10000000000001,0.0,0.0,400.84999999999997,31.133333333333333,0.0,442.06666666666666
2312,86.64999999999999,72.96666666666667,140.83333333333334,35.25000000000001,50.46666666666667,241.06666666666666,22.266666666666666,116.60000000000001,0.0,0.0,46.91666666666667,570.9666666666667,0.0,0.0,0.0,0.0,0.0,1202.4666666666667
2313,73.61666666666667,0.0,0.0,28.75,0.0,0.0,18.349999999999998,73.75,0.0,17.9,0.0,171.7,0.0,152.53333333333333,0.0,0.0,0.0,573.1
2314,13.583333333333334,0.0,0.0,13.616666666666667,123.16666666666667,85.28333333333333,18.05,0.0,0.0,0.0,0.0,2211.7166666666667,0.0,79.9,239.8,0.0,4.55,1444.8666666666668
2315,23.483333333333334,0.0,0.0,40.56666666666666,145.5,0.0,0.0,35.9,0.0,0.0,119.51666666666667,852.9166666666667,0.0,32.266666666666666,324.81666666666666,0.0,126.06666666666666,691.55
2316,2.1999999999999997,36.4,0.0,36.86666666666666,17.85,0.0,9.899999999999999,176.56666666666666,0.0,26.75,0.0,85.68333333333334,0.0,162.73333333333335,247.55,21.933333333333334,76.76666666666667,150.0
2317,77.16666666666666,0.0,0.0,14.549999999999999,2.6666666666666665,1009.3666666666667,78.8,67.83333333333334,0.0,0.0,73.5,763.1000000000001,0.0,0.0,0.0,0.0,11.55,1369.6333333333334
2318,32.08333333333333,0.0,112.0,33.0,0.0,470.0,4.533333333333333,88.0,0.0,0.0,70.9,0.0,20.883333333333333,23.8,684.9166666666666,0.0,188.93333333333334,146.46666666666667
2319,20.666666666666664,3.0,53.75,54.88333333333333,0.0,0.0,26.2,119.1,0.0,0.0,0.0,942.3666666666666,0.0,49.75,392.7333333333333,0.0,13.6,1118.85
2320,8.5,110.4,296.1,29.1,0.0,0.0,0.0,54.15,0.0,0.0,0.0,1158.4833333333333,0.0,0.0,538.85,0.0,0.0,88.11666666666667
2321,40.76666666666666,94.5,0.0,15.566666666666666,0.0,178.2,17.45,0.0,0.0,0.0,0.0,412.23333333333335,0.0,0.0,344.1333333333333,0.0,34.55,711.0666666666667
2322,14.5,0.0,0.0,65.18333333333334,69.91666666666666,53.099999999999994,6.35,28.5,0.0,12.149999999999999,0.0,423.8333333333333,0.0,0.0,738.9,32.5,26.0,0.0
2323,11.399999999999999,0.0,0.0,55.21666666666666,134.88333333333333,0.0,21.583333333333332,176.26666666666665,0.0,0.6333333333333333,55.099999999999994,0.0,0.0,118.41666666666667,524.1666666666667,0.0,0.0,749.9
2324,57.666666666666664,118.23333333333332,0.0,0.0,168.63333333333333,0.0,2.1666666666666665,0.0,0.0,0.9166666666666666,0.0,356.5333333333333,0.0,0.0,0.0,0.0,0.0,1245.4499999999998
2325,39.666666666666664,132.6,0.0,24.75,31.283333333333335,0.0,84.9,74.25,0.0,0.0,65.0,310.0833333333333,0.0,49.16666666666667,369.5333333333333,6.7,112.01666666666667,0.0
2326,12.366666666666667,52.38333333333333,0.0,14.700000000000001,185.45,0.0,10.4,17.0,0.0,0.0,136.8,1897.55,0.0,21.45,583.3,0.0,0.0,650.6500000000001
2327,40.5,340.8833333333333,0.0,3.7,0.0,0.0,1.95,0.0,72.8,0.0,168.85,961.4333333333333,0.0,0.0,629.3333333333333,0.0,114.0,316.3333333333333
2328,54.96666666666667,0.0,0.0,18.383333333333333,94.8,718.2333333333333,39.6,0.0,0.0,0.0,100.75,2079.0,0.0,33.016666666666666,28.983333333333334,0.0,0.0,448.51666666666665
2329,76.46666666666667,44.93333333333333,0.0,6.366666666666667,99.86666666666666,0.0,6.166666666666667,80.66666666666666,0.0,0.0,87.1,896.2666666666667,0.0,64.66666666666667,206.26666666666668,0.0,124.85,0.0
2330,27.53333333333333,6.75,0.0,28.9,65.10000000000001,196.18333333333334,0.0,42.233333333333334,912.8833333333332,0.0,24.266666666666666,423.5,0.0,14.7,287.75,0.0,0.0,54.0
2331,63.383333333333326,32.833333333333336,0.0,1.1666666666666665,100.21666666666668,0.0,41.08333333333333,105.76666666666667,0.0,0.0,76.51666666666668,368.75,5.6,0.0,458.20000000000005,0.0,0.0,18.666666666666668
2332,31.53333333333333,171.06666666666666,0.0,0.0,126.1,517.6333333333333,1.2666666666666666,0.0,192.53333333333333,17.150000000000002,127.36666666666667,184.73333333333335,0.0,135.15,516.6,0.0,0.0,623.9333333333333
2333,51.2,0.0,0.0,0.0,56.0,0.0,11.766666666666666,46.233333333333334,0.0,0.0,0.0,0.0,0.0,93.0,194.93333333333334,0.0,0.0,213.06666666666666
2334,16.0,12.2,0.0,34.60000000000001,0.0,0.0,1.7999999999999998,0.0,0.0,0.0,51.0,225.86666666666667,0.0,50.56666666666666,397.8333333333333,0.0,108.33333333333334,321.55
2335,15.133333333333331,118.85,203.0,5.983333333333333,157.8,296.5,5.733333333333333,0.0,30.0,0.0,0.0,30.0,0.0,60.5,0.0,0.0,115.26666666666667,0.0
2336,31.8,15.25,590.2166666666666,34.13333333333334,88.19999999999999,0.0,25.016666666666666,123.19999999999999,0.0,0.0,76.65,570.6166666666667,0.0,40.03333333333333,307.93333333333334,0.0,5.133333333333334,181.33333333333334
2337,36.11666666666667,51.33333333333333,297.25,59.45,0.0,0.0,64.68333333333334,207.88333333333333,0.0,20.75,9.8,0.0,0.0,32.08333333333333,593.4166666666667,0.0,0.0,494.4333333333334
2338,49.15,146.04999999999998,206.8,42.16666666666667,34.5,0.0,47.166666666666664,7.466666666666667,266.66666666666663,0.0,0.0,160.36666666666667,0.0,0.0,257.25,0.0,95.38333333333334,388.05
2339,12.7,203.85,325.4,4.449999999999999,42.18333333333334,179.33333333333334,13.95,137.73333333333335,0.0,0.0,193.45,1193.1166666666668,0.0,75.9,51.9,0.0,0.0,0.0
2340,23.26666666666667,98.76666666666667,228.0,32.266666666666666,198.0,76.66666666666667,0.0,40.4,159.5,4.916666666666666,145.73333333333335,659.0833333333333,0.0,0.0,898.9666666666667,0.0,0.0,1011.0666666666666
2341,33.36666666666667,102.26666666666665,0.0,7.533333333333333,100.43333333333332,0.0,96.5,10.0,182.85,0.0,118.96666666666667,1123.0333333333333,0.0,0.0,0.0,0.0,142.43333333333334,485.1333333333333
2342,26.333333333333336,84.75,0.0,7.766666666666667,21.25,154.0,90.14999999999999,0.0,207.0,0.43333333333333335,0.0,216.45,7.3500000000000005,0.0,0.0,0.0,29.51666666666667,1315.0
2343,16.683333333333334,63.599999999999994,0.0,26.133333333333333,13.2,0.0,32.5,118.65,26.650000000000002,0.0,101.96666666666667,1637.65,0.0,15.666666666666666,0.0,0.0,91.53333333333333,0.0
2344,47.0,135.8,239.70000000000002,0.0,55.10000000000001,516.8666666666667,39.733333333333334,0.0,0.0,0.0,27.900000000000002,198.8,0.0,0.0,197.3,0.0,91.91666666666666,486.8666666666667
2345,79.88333333333333,96.80000000000001,0.0,59.766666666666666,0.0,0.0,74.91666666666667,118.9,0.0,0.0,147.06666666666666,982.2833333333333,0.0,29.333333333333332,282.20000000000005,0.0,173.51666666666665,893.45
2346,5.133333333333334,35.4,0.0,4.1,68.13333333333334,375.70000000000005,11.833333333333334,91.2,0.0,0.0,107.4,232.91666666666669,33.25,141.78333333333333,265.81666666666666,0.0,6.266666666666667,262.66666666666663
2347,4.05,31.25,0.0,18.55,0.0,0.0,12.85,62.81666666666666,0.0,0.0,233.2,0.0,0.0,0.0,1198.9666666666667,0.0,136.88333333333333,71.5
2348,38.93333333333334,0.0,0.0,36.166666666666664,117.31666666666666,147.33333333333331,13.733333333333334,57.666666666666664,0.0,0.0,18.2,12.133333333333333,0.0,139.3,514.1,0.0,38.43333333333334,758.6166666666667
2349,62.41666666666667,120.86666666666667,0.0,36.75,48.400000000000006,0.0,14.366666666666667,75.13333333333333,439.25,0.0,38.13333333333333,782.0,2.45,0.0,549.0166666666667,0.0,1.7333333333333334,194.25
2350,30.78333333333333,99.06666666666666,657.4833333333333,56.46666666666667,11.166666666666668,0.0,7.050000000000001,98.66666666666667,67.1,0.0,14.399999999999999,1899.9,0.0,145.85,1374.9333333333334,0.0,0.0,1040.4
2351,28.733333333333334,0.0,0.0,23.433333333333334,130.20000000000002,0.0,37.13333333333333,40.13333333333333,0.0,20.0,118.98333333333333,617.4333333333334,0.0,102.28333333333333,1015.0666666666666,0.0,93.45,126.93333333333334
2352,36.16666666666667,18.900000000000002,0.0,0.0,122.93333333333332,0.0,27.633333333333333,1.6666666666666667,0.0,0.0,187.86666666666667,636.7166666666666,0.0,0.0,766.0,0.0,0.0,266.7
2353,10.866666666666667,107.43333333333334,0.0,9.0,0.0,0.0,8.666666666666666,10.133333333333333,56.46666666666667,0.0,244.8,957.0,0.0,0.0,185.61666666666665,0.0,191.9,259.6
2354,26.433333333333334,16.066666666666666,0.0,17.5,92.85000000000001,0.0,15.4,17.033333333333335,0.0,0.0,14.133333333333333,354.1166666666667,0.0,0.0,440.0,0.0,0.0,98.16666666666666
2355,4.933333333333334,123.75000000000001,0.0,65.56666666666666,57.75,0.0,58.33333333333333,81.43333333333334,0.0,0.0,132.9,592.4,0.0,0.0,0.0,0.0,0.0,760.75
2356,51.13333333333333,34.0,34.83333333333333,46.75,119.7,0.0,65.06666666666666,0.0,0.0,0.0,15.25,20.316666666666666,0.0,11.8,151.05,0.0,49.1,1431.7166666666667
2357,36.6,0.0,0.0,54.583333333333336,306.8666666666667,0.0,75.8,0.0,156.0,0.0,64.0,315.0,19.200000000000003,40.88333333333333,124.86666666666667,0.0,129.66666666666666,37.916666666666664
2358,13.75,108.55,0.0,5.6,0.0,13.316666666666666,38.6,18.55,0.0,26.299999999999997,10.75,863.25,0.0,118.13333333333334,979.6333333333333,0.0,23.8,128.88333333333333
2359,28.516666666666666,0.0,0.0,46.96666666666667,121.7,0.0,10.566666666666666,95.8,0.0,0.0,41.78333333333333,816.7833333333333,0.0,0.0,739.0,0.0,0.0,1090.7333333333333
2360,14.233333333333333,58.9,0.0,3.2333333333333334,16.866666666666667,0.0,15.799999999999999,56.75,108.33333333333334,0.0,0.0,330.85,0.8,202.51666666666665,679.6666666666666,0.0,16.5,739.4166666666666
2361,5.699999999999999,84.15,0.0,12.616666666666667,13.049999999999999,327.5,10.299999999999999,111.83333333333333,0.0,0.0,0.0,447.6,0.0,10.4,1554.3833333333334,11.433333333333334,74.13333333333334,445.2
2362,7.733333333333333,21.833333333333332,0.0,55.150000000000006,69.31666666666666,0.0,25.933333333333334,0.0,0.0,10.433333333333334,8.866666666666667,0.0,2.566666666666667,63.699999999999996,931.7666666666667,15.899999999999999,86.33333333333333,261.2166666666667
2363,0.0,76.63333333333333,0.0,8.1,49.5,440.0666666666666,17.483333333333334,0.0,0.0,0.0,69.10000000000001,25.0,0.0,0.0,64.78333333333333,0.0,0.0,183.33333333333334
2364,11.433333333333334,101.36666666666666,151.08333333333334,46.199999999999996,0.0,0.0,26.133333333333333,15.0,239.8,0.0,47.83333333333333,200.75,0.0,181.3166666666667,0.0,0.0,17.616666666666667,35.4
2365,84.95,0.0,0.0,59.93333333333333,22.65,344.1333333333333,62.86666666666667,50.75,0.0,0.0,292.5,129.0,0.0,0.0,0.0,1.8333333333333333,0.0,783.5
2366,46.150000000000006,45.733333333333334,0.0,51.733333333333334,0.0,0.0,39.016666666666666,14.933333333333334,260.25,0.0,93.13333333333334,416.06666666666666,0.0,34.83333333333333,0.0,0.0,0.0,719.4
2367,73.76666666666667,4.05,0.0,16.083333333333332,0.0,253.98333333333335,0.0,75.33333333333333,0.0,0.0,11.25,816.35,28.116666666666667,46.333333333333336,386.8333333333333,0.0,13.866666666666667,613.6666666666667
2368,32.85,0.0,0.0,38.46666666666667,0.0,82.86666666666666,11.5,29.0,0.0,0.0,170.3,1056.6833333333334,0.0,95.5,981.0166666666667,0.0,62.61666666666666,0.0
2369,36.833333333333336,37.68333333333334,72.0,23.666666666666668,0.0,459.16666666666663,14.2,0.0,0.0,0.0,0.0,90.64999999999999,0.0,47.3,1362.7833333333333,0.0,0.0,1781.8833333333332
2370,25.333333333333332,49.333333333333336,278.73333333333335,0.0,12.666666666666666,0.0,15.733333333333334,0.0,0.0,0.0,103.7,230.95000000000002,7.1,0.0,110.39999999999999,0.0,0.0,629.2333333333333
2371,56.099999999999994,85.13333333333333,0.0,30.800000000000004,27.06666666666667,0.0,10.35,0.0,641.6166666666667,0.0,127.26666666666667,1027.3,0.0,0.0,66.7,0.0,71.3,356.53333333333336
2372,0.0,0.0,0.0,71.46666666666667,269.8666666666667,0.0,0.0,30.03333333333333,0.0,0.0,37.81666666666667,458.79999999999995,0.0,0.0,0.0,14.666666666666668,36.266666666666666,237.8166666666667
2373,9.866666666666667,75.60000000000001,0.0,77.24999999999999,0.0,0.0,51.18333333333333,0.0,0.0,0.0,66.5,641.65,9.666666666666666,58.93333333333334,90.88333333333334,0.0,52.199999999999996,615.8333333333334
2374,0.0,12.0,216.5,46.13333333333333,8.333333333333334,138.0,0.0,10.416666666666668,0.0,0.0,103.16666666666666,189.58333333333331,0.0,72.4,1006.6499999999999,0.0,27.066666666666666,185.16666666666666
2375,25.766666666666666,145.4,18.2,8.6,0.0,305.0,9.666666666666666,13.333333333333334,0.0,0.0,0.0,33.483333333333334,0.0,96.53333333333333,248.9333333333333,5.083333333333333,23.566666666666666,0.0
2376,7.75,13.566666666666666,0.0,26.816666666666666,165.01666666666668,0.0,23.349999999999998,0.0,0.0,0.0,62.333333333333336,174.53333333333333,0.0,18.0,455.09999999999997,0.0,95.19999999999999,505.76666666666665
2377,96.48333333333333,102.66666666666667,0.0,20.816666666666666,19.133333333333333,0.0,5.866666666666666,0.0,399.6666666666667,0.0,0.0,511.7833333333333,5.083333333333333,255.39999999999998,1393.3166666666666,8.333333333333334,0.0,1827.4833333333331
2378,17.5,0.0,0.0,14.316666666666666,80.10000000000001,0.0,0.0,56.349999999999994,90.94999999999999,0.0,27.21666666666667,289.95,0.9333333333333333,112.35,567.8666666666667,0.0,18.15,1315.1
2379,33.08333333333333,148.83333333333331,0.0,6.4,56.25,0.0,0.0,135.11666666666667,0.0,29.099999999999998,64.16666666666666,1301.0666666666666,0.0,0.0,78.16666666666667,0.0,38.699999999999996,93.5
2380,0.0,0.0,349.73333333333335,15.75,53.833333333333336,428.5,70.13333333333334,40.7,0.0,0.0,117.33333333333333,111.98333333333332,0.0,77.0,170.33333333333334,0.0,27.733333333333334,796.4000000000001
2381,46.08333333333333,126.36666666666667,0.0,14.233333333333333,16.866666666666667,433.09999999999997,32.31666666666666,81.13333333333333,160.93333333333334,0.0,0.0,814.25,0.0,26.71666666666667,949.3833333333333,0.0,0.0,290.9666666666667
2382,0.8833333333333333,98.73333333333332,0.0,33.13333333333333,43.333333333333336,0.0,30.433333333333334,69.4,150.75,4.783333333333333,44.71666666666667,207.35000000000002,25.7,47.53333333333334,0.0,5.5,0.0,226.5
2383,59.9,47.53333333333333,0.0,24.133333333333333,179.35,0.0,8.4,0.0,0.0,0.0,28.633333333333333,130.66666666666669,0.0,30.566666666666663,1330.2666666666667,0.0,0.0,467.8166666666666
2384,39.599999999999994,0.0,0.0,9.0,0.0,150.8,14.65,53.266666666666666,0.0,0.0,22.6,308.26666666666665,22.816666666666666,15.600000000000001,498.65,0.0,0.0,893.6666666666667
2385,23.916666666666664,0.0,0.0,44.89999999999999,190.6,0.0,7.583333333333333,167.08333333333331,0.0,0.0,133.93333333333334,167.16666666666666,0.0,0.0,273.8666666666667,35.58333333333333,0.0,1313.95
2386,10.166666666666666,78.25,0.0,59.68333333333333,209.89999999999998,372.9,23.566666666666666,42.93333333333334,0.0,13.333333333333334,179.55,309.3333333333333,0.0,45.900000000000006,259.76666666666665,0.0,63.4,475.23333333333335
2387,17.450000000000003,9.35,0.0,30.7,144.98333333333335,0.0,73.91666666666666,0.0,282.1,0.0,93.5,247.93333333333334,0.0,197.18333333333334,1591.2166666666667,0.0,0.0,966.8333333333333
2388,49.53333333333333,345.55,101.28333333333333,2.283333333333333,22.0,0.0,0.0,103.35,0.0,0.0,164.38333333333333,251.73333333333332,0.0,0.0,0.0,0.0,0.0,1541.25
2389,43.666666666666664,57.75,0.0,0.0,71.93333333333334,135.7,16.566666666666666,3.5999999999999996,0.0,0.0,0.0,687.9666666666667,0.0,121.36666666666666,463.65,0.0,20.416666666666664,270.59999999999997
2390,0.0,90.71666666666667,0.0,41.46666666666667,67.9,0.0,38.45,0.0,0.0,0.0,193.65,1428.15,0.0,48.0,1664.4833333333333,0.0,93.5,259.55
2391,31.016666666666662,172.56666666666666,62.28333333333334,20.75,65.88333333333333,314.29999999999995,23.666666666666664,0.0,0.0,9.333333333333334,0.0,619.8333333333334,7.25,58.800000000000004,1232.5333333333333,0.0,41.3,116.96666666666667
2392,26.833333333333332,126.81666666666666,0.0,12.866666666666667,25.733333333333334,0.0,8.533333333333333,25.900000000000002,100.5,0.0,130.18333333333334,899.6833333333333,9.583333333333334,8.1,391.73333333333335,3.35,0.0,808.7666666666667
2393,75.15,30.749999999999996,0.0,48.95,0.0,0.0,22.666666666666668,44.400000000000006,0.0,0.0,19.383333333333333,9.166666666666668,0.0,0.0,0.0,0.0,46.36666666666667,815.9
2394,15.433333333333334,17.866666666666667,0.0,21.98333333333333,292.3666666666667,0.0,0.0,0.0,0.0,0.0,183.93333333333334,767.0999999999999,0.0,100.58333333333334,1336.7333333333333,0.0,113.05000000000001,1152.45
2395,23.700000000000003,114.31666666666666,0.0,3.3333333333333335,0.0,168.66666666666669,14.583333333333332,8.266666666666667,0.0,10.45,142.7,26.133333333333333,0.0,0.0,709.4,0.0,0.0,496.0333333333333
2396,63.1,38.0,630.1666666666667,55.08333333333333,55.81666666666666,211.65,21.083333333333332,14.05,0.0,0.0,276.4666666666667,396.83333333333337,0.0,58.666666666666664,323.25,0.0,31.966666666666665,785.4
2397,0.0,129.38333333333335,284.3333333333333,23.700000000000003,12.666666666666666,0.0,0.0,45.333333333333336,0.0,0.0,41.93333333333333,84.48333333333333,0.0,102.48333333333332,456.51666666666665,0.0,96.48333333333333,322.8666666666667
2398,23.666666666666668,0.0,0.0,18.78333333333333,44.1,11.733333333333333,38.400000000000006,0.0,93.33333333333333,9.299999999999999,46.56666666666667,1450.8999999999999,0.0,107.35,889.3166666666667,10.0,47.5,671.0
2399,26.4,0.0,0.0,1.6833333333333333,264.3333333333333,0.0,38.68333333333334,62.7,144.91666666666666,0.0,0.0,0.0,17.666666666666668,62.05,707.25,0.85,0.0,546.2166666666667
