Hour,Region,NonAI_IT_Load_MW,IT_Power_Margin_MW
0,RegionA,367.981667,52.018332999999984
0,RegionB,325.436667,84.563333
0,RegionC,337.659333,67.340667
0,RegionD,296.44,423.56
0,RegionE,346.67,213.32999999999998
0,RegionF,358.41,181.58999999999997
1,RegionA,393.03,26.970000000000027
1,RegionB,381.385333,28.614666999999997
1,RegionC,357.876,47.124000000000024
1,RegionD,304.584,415.416
1,RegionE,382.138333,177.861667
1,RegionF,314.83,225.17000000000002
2,RegionA,395.664,24.336000000000013
2,RegionB,361.789333,48.210667
2,RegionC,357.1,47.89999999999998
2,RegionD,309.091667,410.908333
2,RegionE,382.82,177.18
2,RegionF,319.95,220.05
3,RegionA,392.285,27.714999999999975
3,RegionB,363.532,46.46800000000002
3,RegionC,357.1,47.89999999999998
3,RegionD,310.994333,409.005667
3,RegionE,390.24,169.76
3,RegionF,331.53,208.47000000000003
4,RegionA,390.553333,29.44666699999999
4,RegionB,364.354667,45.645332999999994
4,RegionC,355.5,49.5
4,RegionD,357.345667,362.654333
4,RegionE,376.258333,183.741667
4,RegionF,339.75,200.25
5,RegionA,390.19,29.810000000000002
5,RegionB,376.153333,33.846667000000025
5,RegionC,362.527333,42.472667
5,RegionD,359.761333,360.238667
5,RegionE,402.854,157.14600000000002
5,RegionF,374.923333,165.076667
6,RegionA,392.482667,27.517333000000008
6,RegionB,379.895,30.105000000000018
6,RegionC,356.012,48.988
6,RegionD,376.36,343.64
6,RegionE,438.076667,121.92333300000001
6,RegionF,408.834667,131.16533299999998
7,RegionA,391.310667,28.689332999999976
7,RegionB,378.021333,31.978666999999973
7,RegionC,352.289333,52.710667
7,RegionD,367.372333,352.627667
7,RegionE,428.322667,131.67733299999998
7,RegionF,371.44,168.56
8,RegionA,379.82,40.18000000000001
8,RegionB,377.305333,32.69466699999998
8,RegionC,351.746667,53.253333
8,RegionD,363.737333,356.262667
8,RegionE,394.935667,165.06433299999998
8,RegionF,349.92,190.07999999999998
9,RegionA,381.911333,38.08866699999999
9,RegionB,376.248,33.75200000000001
9,RegionC,359.160667,45.83933300000001
9,RegionD,344.891333,375.108667
9,RegionE,413.19,146.81
9,RegionF,402.599333,137.400667
10,RegionA,374.416667,45.58333299999998
10,RegionB,378.72,31.279999999999973
10,RegionC,365.219667,39.780332999999985
10,RegionD,347.351333,372.648667
10,RegionE,340.493333,219.506667
10,RegionF,352.333333,187.66666700000002
11,RegionA,355.858,64.142
11,RegionB,380.863333,29.13666699999999
11,RegionC,359.438,45.56200000000001
11,RegionD,304.246,415.754
11,RegionE,296.71,263.29
11,RegionF,311.191333,228.808667
12,RegionA,331.547333,88.45266700000002
12,RegionB,331.360333,78.63966699999997
12,RegionC,331.413333,73.58666699999998
12,RegionD,271.27,448.73
12,RegionE,285.225333,274.774667
12,RegionF,335.506667,204.493333
13,RegionA,315.802,104.19799999999998
13,RegionB,303.576333,106.42366700000002
13,RegionC,318.768667,86.231333
13,RegionD,289.992,430.008
13,RegionE,239.157333,320.842667
13,RegionF,282.996,257.004
14,RegionA,306.239333,113.76066700000001
14,RegionB,287.683333,122.316667
14,RegionC,295.744,109.25599999999997
14,RegionD,209.709333,510.290667
14,RegionE,212.674,347.326
14,RegionF,246.254,293.746
15,RegionA,274.162,145.83800000000002
15,RegionB,236.227333,173.772667
15,RegionC,266.480667,138.51933300000002
15,RegionD,204.339333,515.660667
15,RegionE,220.633333,339.366667
15,RegionF,177.93,362.07
16,RegionA,229.189333,190.810667
16,RegionB,197.768,212.232
16,RegionC,238.387667,166.612333
16,RegionD,186.41,533.59
16,RegionE,227.071333,332.928667
16,RegionF,162.106667,377.893333
17,RegionA,217.430333,202.569667
17,RegionB,212.509667,197.490333
17,RegionC,256.505,148.495
17,RegionD,167.765333,552.234667
17,RegionE,219.966,340.034
17,RegionF,160.028667,379.97133299999996
18,RegionA,204.150333,215.849667
18,RegionB,158.044667,251.955333
18,RegionC,193.717,211.283
18,RegionD,128.204,591.796
18,RegionE,192.447333,367.55266700000004
18,RegionF,159.312667,380.68733299999997
19,RegionA,227.419333,192.580667
19,RegionB,178.952333,231.047667
19,RegionC,207.644,197.356
19,RegionD,142.655667,577.344333
19,RegionE,244.270667,315.729333
19,RegionF,137.827,402.173
20,RegionA,187.096333,232.903667
20,RegionB,204.582,205.418
20,RegionC,236.909333,168.090667
20,RegionD,132.850667,587.1493330000001
20,RegionE,204.61,355.39
20,RegionF,165.202,374.798
21,RegionA,212.461,207.539
21,RegionB,219.931,190.069
21,RegionC,252.873333,152.126667
21,RegionD,150.805,569.1949999999999
21,RegionE,175.528,384.472
21,RegionF,136.434333,403.56566699999996
22,RegionA,220.847333,199.152667
22,RegionB,275.023333,134.97666700000002
22,RegionC,283.544667,121.455333
22,RegionD,176.678667,543.321333
22,RegionE,235.15,324.85
22,RegionF,211.309333,328.69066699999996
23,RegionA,221.735333,198.264667
23,RegionB,292.435667,117.56433299999998
23,RegionC,326.044667,78.955333
23,RegionD,244.746667,475.253333
23,RegionE,287.022667,272.977333
23,RegionF,240.361,299.639
24,RegionA,297.296667,122.70333299999999
24,RegionB,327.626,82.37400000000002
24,RegionC,337.84,67.16000000000003
24,RegionD,274.789,445.211
24,RegionE,275.55,284.45
24,RegionF,267.935667,272.064333
25,RegionA,345.349333,74.650667
25,RegionB,365.876333,44.12366700000001
25,RegionC,384.88,20.120000000000005
25,RegionD,312.02,407.98
25,RegionE,322.796,237.204
25,RegionF,328.328,211.67200000000003
26,RegionA,392.358667,27.641332999999975
26,RegionB,383.777667,26.222332999999992
26,RegionC,371.44,33.56
26,RegionD,366.438333,353.561667
26,RegionE,386.19,173.81
26,RegionF,340.716,199.284
27,RegionA,397.85,22.149999999999977
27,RegionB,387.552,22.44799999999998
27,RegionC,363.676,41.32400000000001
27,RegionD,342.975333,377.024667
27,RegionE,391.1,168.89999999999998
27,RegionF,334.62,205.38
28,RegionA,396.64,23.360000000000014
28,RegionB,386.12,23.879999999999995
28,RegionC,369.153333,35.846667000000025
28,RegionD,320.44,399.56
28,RegionE,399.183667,160.816333
28,RegionF,258.082,281.918
29,RegionA,379.377333,40.62266699999998
29,RegionB,386.485333,23.514666999999974
29,RegionC,367.992,37.00799999999998
29,RegionD,339.493333,380.506667
29,RegionE,396.141667,163.85833300000002
29,RegionF,357.664,182.336
30,RegionA,356.301667,63.69833299999999
30,RegionB,371.976333,38.02366699999999
30,RegionC,368.290667,36.709333000000015
30,RegionD,375.696,344.304
30,RegionE,389.288333,170.71166699999998
30,RegionF,409.034,130.966
31,RegionA,346.030333,73.96966700000002
31,RegionB,371.708,38.29199999999997
31,RegionC,381.238333,23.76166699999999
31,RegionD,375.308667,344.691333
31,RegionE,390.455333,169.544667
31,RegionF,420.017,119.983
32,RegionA,363.262667,56.73733299999998
32,RegionB,368.347333,41.65266700000001
32,RegionC,347.712,57.28800000000001
32,RegionD,362.314,357.686
32,RegionE,361.386333,198.61366700000002
32,RegionF,369.103,170.897
33,RegionA,371.739,48.261000000000024
33,RegionB,371.185333,38.814666999999986
33,RegionC,336.899333,68.10066699999999
33,RegionD,394.727333,325.272667
33,RegionE,371.328,188.67200000000003
33,RegionF,361.943333,178.056667
34,RegionA,362.323333,57.67666700000001
34,RegionB,369.669333,40.330667000000005
34,RegionC,344.553667,60.44633299999998
34,RegionD,319.663333,400.336667
34,RegionE,283.343333,276.656667
34,RegionF,283.486667,256.513333
35,RegionA,364.628667,55.37133299999999
35,RegionB,367.168,42.831999999999994
35,RegionC,343.248667,61.75133299999999
35,RegionD,308.657,411.343
35,RegionE,298.431667,261.568333
35,RegionF,292.686667,247.313333
36,RegionA,314.984,105.01600000000002
36,RegionB,334.88,75.12
36,RegionC,309.524667,95.47533299999998
36,RegionD,213.238333,506.761667
36,RegionE,272.351333,287.648667
36,RegionF,272.396,267.604
37,RegionA,287.213667,132.786333
37,RegionB,313.805667,96.19433299999997
37,RegionC,319.545333,85.45466699999997
37,RegionD,218.228667,501.771333
37,RegionE,229.532,330.46799999999996
37,RegionF,245.626333,294.373667
38,RegionA,277.904,142.096
38,RegionB,293.57,116.43
38,RegionC,299.369,105.63099999999997
38,RegionD,179.738667,540.261333
38,RegionE,227.268333,332.731667
38,RegionF,289.364,250.63600000000002
39,RegionA,267.354667,152.645333
39,RegionB,266.34,143.66000000000003
39,RegionC,265.478,139.522
39,RegionD,171.684667,548.315333
39,RegionE,213.527667,346.472333
39,RegionF,248.650667,291.349333
40,RegionA,261.053333,158.946667
40,RegionB,218.339,191.661
40,RegionC,236.16,168.84
40,RegionD,158.062333,561.937667
40,RegionE,212.746667,347.253333
40,RegionF,158.324,381.676
41,RegionA,232.056667,187.943333
41,RegionB,188.030667,221.969333
41,RegionC,193.568,211.432
41,RegionD,162.287,557.713
41,RegionE,173.899333,386.100667
41,RegionF,152.268333,387.731667
42,RegionA,200.420667,219.579333
42,RegionB,221.176,188.824
42,RegionC,222.197333,182.802667
42,RegionD,156.541667,563.458333
42,RegionE,187.964,372.036
42,RegionF,120.509667,419.490333
43,RegionA,201.789,218.211
43,RegionB,203.090667,206.909333
43,RegionC,193.576,211.424
43,RegionD,147.677,572.323
43,RegionE,166.596667,393.403333
43,RegionF,109.314,430.68600000000004
44,RegionA,226.008,193.992
44,RegionB,215.833333,194.166667
44,RegionC,189.823333,215.176667
44,RegionD,156.484,563.516
44,RegionE,184.928,375.072
44,RegionF,100.272667,439.727333
45,RegionA,214.410667,205.589333
45,RegionB,237.610667,172.389333
45,RegionC,232.738333,172.261667
45,RegionD,185.405333,534.594667
45,RegionE,191.304,368.696
45,RegionF,167.805333,372.194667
46,RegionA,271.582333,148.417667
46,RegionB,263.05,146.95
46,RegionC,227.322667,177.677333
46,RegionD,217.961667,502.03833299999997
46,RegionE,222.699333,337.300667
46,RegionF,211.020667,328.979333
47,RegionA,283.456,136.54399999999998
47,RegionB,293.868,116.132
47,RegionC,273.767667,131.23233299999998
47,RegionD,260.154,459.846
47,RegionE,224.238667,335.76133300000004
47,RegionF,218.796,321.204
48,RegionA,299.653667,120.34633300000002
48,RegionB,319.901333,90.09866699999998
48,RegionC,294.181667,110.818333
48,RegionD,286.583333,433.416667
48,RegionE,280.196,279.804
48,RegionF,316.846667,223.15333299999998
49,RegionA,353.456667,66.54333300000002
49,RegionB,355.685667,54.314332999999976
49,RegionC,340.5,64.5
49,RegionD,308.566667,411.433333
49,RegionE,305.973333,254.02666699999997
49,RegionF,316.678333,223.321667
50,RegionA,367.556,52.44400000000002
50,RegionB,375.368667,34.631332999999984
50,RegionC,361.685333,43.314666999999986
50,RegionD,373.227333,346.772667
50,RegionE,317.958667,242.041333
50,RegionF,357.371,182.62900000000002
51,RegionA,368.969,51.031000000000006
51,RegionB,374.812667,35.187333000000024
51,RegionC,351.342,53.658000000000015
51,RegionD,394.837667,325.162333
51,RegionE,399.896,160.10399999999998
51,RegionF,360.258667,179.741333
52,RegionA,367.018667,52.98133300000001
52,RegionB,373.632,36.367999999999995
52,RegionC,354.712333,50.287667
52,RegionD,405.689,314.311
52,RegionE,420.4,139.60000000000002
52,RegionF,404.673667,135.32633299999998
53,RegionA,365.62,54.379999999999995
53,RegionB,374.350667,35.64933300000001
53,RegionC,350.66,54.339999999999975
53,RegionD,394.26,325.74
53,RegionE,374.23,185.76999999999998
53,RegionF,412.111333,127.888667
54,RegionA,363.447333,56.552666999999985
54,RegionB,376.582,33.418000000000006
54,RegionC,352.974667,52.02533299999999
54,RegionD,383.845333,336.154667
54,RegionE,394.69,165.31
54,RegionF,410.888667,129.111333
55,RegionA,384.070667,35.929332999999986
55,RegionB,362.800667,47.199333000000024
55,RegionC,364.162333,40.83766700000001
55,RegionD,381.221333,338.778667
55,RegionE,360.728,199.272
55,RegionF,397.77,142.23000000000002
56,RegionA,395.708,24.291999999999973
56,RegionB,363.474667,46.52533299999999
56,RegionC,369.144,35.855999999999995
56,RegionD,354.405333,365.594667
56,RegionE,328.697333,231.30266699999999
56,RegionF,390.491,149.50900000000001
57,RegionA,394.839,25.161
57,RegionB,350.683333,59.316666999999995
57,RegionC,380.521333,24.478666999999973
57,RegionD,283.035333,436.964667
57,RegionE,326.703333,233.296667
57,RegionF,367.804,172.19600000000003
58,RegionA,393.742,26.25799999999998
58,RegionB,352.103333,57.89666699999998
58,RegionC,375.805667,29.194332999999972
58,RegionD,250.433,469.567
58,RegionE,345.775,214.22500000000002
58,RegionF,348.414667,191.585333
59,RegionA,355.772667,64.22733299999999
59,RegionB,336.06,73.94
59,RegionC,366.89,38.110000000000014
59,RegionD,265.384667,454.615333
59,RegionE,328.249333,231.75066700000002
59,RegionF,340.433333,199.566667
60,RegionA,342.323333,77.67666700000001
60,RegionB,334.288333,75.71166699999998
60,RegionC,317.704333,87.29566699999998
60,RegionD,198.047667,521.952333
60,RegionE,295.396667,264.603333
60,RegionF,330.826,209.17399999999998
61,RegionA,339.249667,80.75033300000001
61,RegionB,328.121,81.87900000000002
61,RegionC,316.767,88.233
61,RegionD,175.836,544.164
61,RegionE,285.347,274.653
61,RegionF,312.475667,227.524333
62,RegionA,308.241,111.75900000000001
62,RegionB,311.455333,98.544667
62,RegionC,298.518,106.48200000000003
62,RegionD,204.373333,515.626667
62,RegionE,271.802333,288.197667
62,RegionF,286.006,253.99400000000003
63,RegionA,286.419667,133.580333
63,RegionB,279.583667,130.416333
63,RegionC,259.678667,145.32133299999998
63,RegionD,144.096667,575.903333
63,RegionE,237.860667,322.13933299999997
63,RegionF,241.45,298.55
64,RegionA,236.52,183.48
64,RegionB,245.72,164.28
64,RegionC,227.540667,177.459333
64,RegionD,76.120667,643.879333
64,RegionE,227.440667,332.55933300000004
64,RegionF,226.945333,313.054667
65,RegionA,239.890667,180.109333
65,RegionB,227.763333,182.236667
65,RegionC,245.517333,159.482667
65,RegionD,94.344667,625.655333
65,RegionE,208.96,351.03999999999996
65,RegionF,170.062,369.938
66,RegionA,209.495333,210.504667
66,RegionB,236.126667,173.873333
66,RegionC,220.44,184.56
66,RegionD,82.288,637.712
66,RegionE,185.9,374.1
66,RegionF,177.836333,362.16366700000003
67,RegionA,168.972,251.028
67,RegionB,198.035333,211.964667
67,RegionC,231.301667,173.698333
67,RegionD,107.298333,612.701667
67,RegionE,195.692,364.308
67,RegionF,158.181333,381.818667
68,RegionA,228.786667,191.213333
68,RegionB,263.133,146.86700000000002
68,RegionC,253.163333,151.836667
68,RegionD,125.310333,594.689667
68,RegionE,197.27,362.73
68,RegionF,177.382,362.618
69,RegionA,211.915,208.085
69,RegionB,244.470667,165.529333
69,RegionC,244.86,160.14
69,RegionD,143.030667,576.969333
69,RegionE,188.409333,371.590667
69,RegionF,212.939333,327.06066699999997
70,RegionA,227.495333,192.504667
70,RegionB,265.599,144.401
70,RegionC,267.538333,137.46166699999998
70,RegionD,188.0,532.0
70,RegionE,184.696,375.304
70,RegionF,218.657667,321.342333
71,RegionA,318.438667,101.56133299999999
71,RegionB,322.898667,87.10133300000001
71,RegionC,289.031,115.969
71,RegionD,245.928667,474.071333
71,RegionE,238.149333,321.850667
71,RegionF,215.715,324.28499999999997
72,RegionA,302.842667,117.157333
72,RegionB,317.892,92.108
72,RegionC,341.601,63.399
72,RegionD,291.69,428.31
72,RegionE,253.302,306.698
72,RegionF,301.035333,238.96466700000002
73,RegionA,361.522,58.47800000000001
73,RegionB,368.093333,41.90666700000003
73,RegionC,365.13,39.870000000000005
73,RegionD,365.628333,354.371667
73,RegionE,291.614,268.386
73,RegionF,323.290667,216.70933300000002
74,RegionA,371.458667,48.54133300000001
74,RegionB,367.508333,42.49166700000001
74,RegionC,377.063333,27.936667
74,RegionD,331.47,388.53
74,RegionE,299.294,260.706
74,RegionF,392.428667,147.57133299999998
75,RegionA,377.1,42.89999999999998
75,RegionB,378.232,31.767999999999972
75,RegionC,380.682667,24.31733300000002
75,RegionD,310.046667,409.953333
75,RegionE,347.807333,212.19266699999997
75,RegionF,385.849333,154.150667
76,RegionA,385.21,34.79000000000002
76,RegionB,386.954667,23.045333000000028
76,RegionC,380.176,24.824000000000012
76,RegionD,312.463333,407.536667
76,RegionE,353.893667,206.106333
76,RegionF,421.586,118.41399999999999
77,RegionA,373.84,46.160000000000025
77,RegionB,386.617333,23.382667000000026
77,RegionC,370.138667,34.861333
77,RegionD,345.211333,374.788667
77,RegionE,355.540667,204.45933300000002
77,RegionF,410.823333,129.176667
78,RegionA,372.316667,47.683333000000005
78,RegionB,388.683667,21.316332999999986
78,RegionC,371.694,33.30599999999998
78,RegionD,361.534667,358.465333
78,RegionE,400.903333,159.09666700000002
78,RegionF,418.821,121.17899999999997
79,RegionA,371.395333,48.604667000000006
79,RegionB,386.321667,23.67833300000001
79,RegionC,350.975667,54.02433300000001
79,RegionD,415.188667,304.811333
79,RegionE,355.978,204.022
79,RegionF,409.726667,130.27333299999998
80,RegionA,381.298667,38.70133299999998
80,RegionB,377.498667,32.50133299999999
80,RegionC,349.180333,55.81966699999998
80,RegionD,425.475,294.525
80,RegionE,357.25,202.75
80,RegionF,393.484,146.51600000000002
81,RegionA,387.717333,32.282667000000004
81,RegionB,377.732,32.26799999999997
81,RegionC,350.472,54.52800000000002
81,RegionD,383.713333,336.286667
81,RegionE,384.276667,175.72333300000003
81,RegionF,404.797,135.20299999999997
82,RegionA,374.038,45.96199999999999
82,RegionB,364.837,45.16300000000001
82,RegionC,347.185333,57.814666999999986
82,RegionD,371.632667,348.367333
82,RegionE,369.815333,190.184667
82,RegionF,406.97,133.02999999999997
83,RegionA,354.018,65.98200000000003
83,RegionB,329.102,80.89800000000002
83,RegionC,342.998333,62.001667
83,RegionD,376.634667,343.365333
83,RegionE,307.605,252.39499999999998
83,RegionF,326.5,213.5
84,RegionA,334.495333,85.50466699999998
84,RegionB,290.966,119.03399999999999
84,RegionC,338.398667,66.60133300000001
84,RegionD,297.496667,422.503333
84,RegionE,293.975333,266.024667
84,RegionF,292.08,247.92000000000002
85,RegionA,307.488667,112.51133299999998
85,RegionB,312.315,97.685
85,RegionC,311.376333,93.62366700000001
85,RegionD,290.474,429.526
85,RegionE,283.427,276.573
85,RegionF,254.799667,285.200333
86,RegionA,275.65,144.35000000000002
86,RegionB,318.624,91.37599999999998
86,RegionC,284.484,120.51600000000002
86,RegionD,241.32,478.68
86,RegionE,246.533333,313.46666700000003
86,RegionF,232.902,307.098
87,RegionA,256.704,163.296
87,RegionB,282.425667,127.57433300000002
87,RegionC,233.911333,171.088667
87,RegionD,231.859,488.14099999999996
87,RegionE,189.231333,370.768667
87,RegionF,230.647667,309.352333
88,RegionA,236.548333,183.451667
88,RegionB,232.306667,177.693333
88,RegionC,206.233,198.767
88,RegionD,166.361667,553.638333
88,RegionE,158.38,401.62
88,RegionF,207.583333,332.41666699999996
89,RegionA,213.708667,206.291333
89,RegionB,217.679333,192.320667
89,RegionC,168.837333,236.162667
89,RegionD,116.454,603.546
89,RegionE,161.694667,398.305333
89,RegionF,176.568667,363.431333
90,RegionA,216.545333,203.454667
90,RegionB,244.863333,165.136667
90,RegionC,193.879333,211.120667
90,RegionD,104.771667,615.228333
90,RegionE,158.636,401.36400000000003
90,RegionF,182.73,357.27
91,RegionA,196.398667,223.601333
91,RegionB,222.54,187.46
91,RegionC,156.992,248.008
91,RegionD,128.078,591.922
91,RegionE,179.24,380.76
91,RegionF,159.349333,380.650667
92,RegionA,223.522,196.478
92,RegionB,249.842,160.158
92,RegionC,223.526333,181.473667
92,RegionD,157.033333,562.966667
92,RegionE,135.823667,424.176333
92,RegionF,167.106667,372.893333
93,RegionA,242.756,177.244
93,RegionB,273.361,136.639
93,RegionC,228.882667,176.117333
93,RegionD,196.834333,523.165667
93,RegionE,180.286667,379.71333300000003
93,RegionF,219.338333,320.66166699999997
94,RegionA,259.392,160.608
94,RegionB,257.45,152.55
94,RegionC,284.158,120.84199999999998
94,RegionD,220.082,499.918
94,RegionE,196.395,363.605
94,RegionF,208.39,331.61
95,RegionA,323.515667,96.48433299999999
95,RegionB,296.256,113.74400000000003
95,RegionC,273.435333,131.564667
95,RegionD,229.478,490.522
95,RegionE,193.616,366.384
95,RegionF,287.521333,252.47866699999997
96,RegionA,335.832667,84.16733299999999
96,RegionB,303.977,106.02300000000002
96,RegionC,319.768667,85.231333
96,RegionD,225.576333,494.423667
96,RegionE,243.204,316.796
96,RegionF,304.272,235.728
97,RegionA,389.929333,30.070667000000014
97,RegionB,359.708,50.29199999999997
97,RegionC,354.778667,50.221333000000016
97,RegionD,291.195333,428.804667
97,RegionE,317.668667,242.33133299999997
97,RegionF,289.32,250.68
98,RegionA,368.268333,51.731667000000016
98,RegionB,361.733333,48.266666999999984
98,RegionC,367.761333,37.23866700000002
98,RegionD,359.078,360.922
98,RegionE,391.284,168.716
98,RegionF,330.338,209.66199999999998
99,RegionA,389.356,30.644000000000005
99,RegionB,364.249,45.750999999999976
99,RegionC,374.593333,30.406667000000027
99,RegionD,380.031333,339.968667
99,RegionE,382.03,177.97000000000003
99,RegionF,364.39,175.61
100,RegionA,392.170333,27.829666999999972
100,RegionB,358.644667,51.35533299999997
100,RegionC,378.371667,26.628332999999998
100,RegionD,400.438333,319.561667
100,RegionE,383.613333,176.386667
100,RegionF,375.018,164.98200000000003
101,RegionA,392.081333,27.918667000000028
101,RegionB,375.808,34.19200000000001
101,RegionC,380.224,24.77600000000001
101,RegionD,389.18,330.82
101,RegionE,394.06,165.94
101,RegionF,397.084,142.916
102,RegionA,363.382667,56.617332999999974
102,RegionB,373.1,36.89999999999998
102,RegionC,385.68,19.319999999999993
102,RegionD,365.984,354.016
102,RegionE,399.044,160.95600000000002
102,RegionF,428.016667,111.98333300000002
103,RegionA,363.722333,56.27766700000001
103,RegionB,379.741333,30.258667000000003
103,RegionC,383.168,21.831999999999994
103,RegionD,400.633333,319.366667
103,RegionE,412.501,147.49900000000002
103,RegionF,426.425667,113.57433300000002
104,RegionA,364.392,55.608000000000004
104,RegionB,383.753333,26.246667000000002
104,RegionC,378.510667,26.489332999999988
104,RegionD,372.17,347.83
104,RegionE,363.476667,196.52333299999998
104,RegionF,369.234,170.76600000000002
105,RegionA,362.781333,57.21866699999998
105,RegionB,380.3,29.69999999999999
105,RegionC,377.629333,27.370667000000026
105,RegionD,376.005,343.995
105,RegionE,407.118,152.882
105,RegionF,341.79,198.20999999999998
106,RegionA,372.284333,47.715666999999996
106,RegionB,379.217333,30.782667000000004
106,RegionC,372.074667,32.92533300000002
106,RegionD,336.756667,383.243333
106,RegionE,362.426,197.574
106,RegionF,343.937333,196.06266699999998
107,RegionA,384.015667,35.98433299999999
107,RegionB,373.581667,36.41833300000002
107,RegionC,358.188,46.81200000000001
107,RegionD,322.183333,397.816667
107,RegionE,328.676,231.324
107,RegionF,326.412667,213.587333
108,RegionA,342.648,77.35199999999998
108,RegionB,321.71,88.29000000000002
108,RegionC,344.026667,60.973333000000025
108,RegionD,293.34,426.66
108,RegionE,283.864,276.136
108,RegionF,288.164667,251.835333
109,RegionA,325.478667,94.52133300000003
109,RegionB,276.999333,133.00066700000002
109,RegionC,311.952,93.048
109,RegionD,229.390333,490.609667
109,RegionE,291.689333,268.310667
109,RegionF,218.782,321.21799999999996
110,RegionA,281.095,138.90499999999997
110,RegionB,272.532,137.46800000000002
110,RegionC,255.109333,149.890667
110,RegionD,178.025667,541.974333
110,RegionE,287.048,272.952
110,RegionF,210.151,329.849
111,RegionA,272.895333,147.104667
111,RegionB,261.314,148.68599999999998
111,RegionC,231.575667,173.424333
111,RegionD,192.432667,527.567333
111,RegionE,280.036,279.964
111,RegionF,193.271667,346.728333
112,RegionA,228.568667,191.431333
112,RegionB,226.379333,183.620667
112,RegionC,179.136667,225.863333
112,RegionD,146.620667,573.379333
112,RegionE,204.982667,355.017333
112,RegionF,191.08,348.91999999999996
113,RegionA,222.519333,197.480667
113,RegionB,226.473333,183.526667
113,RegionC,180.61,224.39
113,RegionD,137.533333,582.466667
113,RegionE,151.161,408.839
113,RegionF,179.636,360.36400000000003
114,RegionA,224.428333,195.571667
114,RegionB,235.535667,174.464333
114,RegionC,200.88,204.12
114,RegionD,117.871,602.129
114,RegionE,139.656667,420.34333300000003
114,RegionF,175.203333,364.796667
115,RegionA,245.3,174.7
115,RegionB,202.203667,207.796333
115,RegionC,191.842667,213.157333
115,RegionD,106.672,613.328
115,RegionE,173.969333,386.030667
115,RegionF,153.214,386.786
116,RegionA,208.359667,211.640333
116,RegionB,199.210667,210.789333
116,RegionC,225.776,179.224
116,RegionD,109.83,610.17
116,RegionE,159.417333,400.582667
116,RegionF,144.578667,395.421333
117,RegionA,243.404,176.596
117,RegionB,237.571333,172.428667
117,RegionC,239.618667,165.381333
117,RegionD,156.784333,563.2156669999999
117,RegionE,167.026,392.974
117,RegionF,187.155333,352.84466699999996
118,RegionA,291.925,128.075
118,RegionB,262.605,147.39499999999998
118,RegionC,273.180667,131.81933299999997
118,RegionD,191.944333,528.055667
118,RegionE,227.966667,332.03333299999997
118,RegionF,218.496333,321.503667
119,RegionA,311.327333,108.67266699999999
119,RegionB,295.927333,114.07266700000002
119,RegionC,301.731333,103.268667
119,RegionD,174.268,545.732
119,RegionE,225.234,334.76599999999996
119,RegionF,254.54,285.46000000000004
120,RegionA,306.666,113.334
120,RegionB,337.062333,72.93766699999998
120,RegionC,338.101333,66.89866699999999
120,RegionD,222.334,497.666
120,RegionE,254.036667,305.96333300000003
120,RegionF,233.448,306.552
121,RegionA,358.344667,61.655332999999985
121,RegionB,376.388333,33.61166700000001
121,RegionC,346.094667,58.905332999999985
121,RegionD,230.687333,489.31266700000003
121,RegionE,270.402667,289.597333
121,RegionF,301.723667,238.27633300000002
122,RegionA,376.662333,43.33766700000001
122,RegionB,379.675,30.32499999999999
122,RegionC,343.804,61.196000000000026
122,RegionD,218.152,501.848
122,RegionE,244.546333,315.453667
122,RegionF,312.862667,227.137333
123,RegionA,378.057333,41.94266699999997
123,RegionB,388.519,21.480999999999995
123,RegionC,360.162,44.83800000000002
123,RegionD,264.578667,455.421333
123,RegionE,274.026,285.974
123,RegionF,373.126667,166.873333
124,RegionA,381.421667,38.578332999999986
124,RegionB,374.459333,35.540666999999985
124,RegionC,359.832,45.168000000000006
124,RegionD,311.531667,408.468333
124,RegionE,346.673333,213.326667
124,RegionF,389.320667,150.67933299999999
125,RegionA,387.876,32.124000000000024
125,RegionB,357.128,52.872000000000014
125,RegionC,379.153333,25.846667000000025
125,RegionD,345.446667,374.553333
125,RegionE,396.345,163.65499999999997
125,RegionF,399.126667,140.873333
126,RegionA,386.666667,33.33333299999998
126,RegionB,337.606667,72.39333299999998
126,RegionC,383.006667,21.993333000000007
126,RegionD,324.308,395.692
126,RegionE,400.923333,159.076667
126,RegionF,395.516667,144.48333300000002
127,RegionA,389.185333,30.814666999999986
127,RegionB,357.413333,52.58666699999998
127,RegionC,379.978667,25.021333000000027
127,RegionD,297.751333,422.248667
127,RegionE,427.918333,132.08166699999998
127,RegionF,373.895,166.10500000000002
128,RegionA,392.532,27.468000000000018
128,RegionB,371.58,38.420000000000016
128,RegionC,377.752,27.24799999999999
128,RegionD,278.65,441.35
128,RegionE,432.373333,127.626667
128,RegionF,339.52,200.48000000000002
129,RegionA,394.724,25.27600000000001
129,RegionB,379.22,30.779999999999973
129,RegionC,376.888333,28.11166700000001
129,RegionD,255.874,464.126
129,RegionE,386.67,173.32999999999998
129,RegionF,321.192333,218.80766699999998
130,RegionA,395.056,24.944000000000017
130,RegionB,385.630667,24.369332999999983
130,RegionC,377.534667,27.465332999999987
130,RegionD,275.474,444.526
130,RegionE,359.217333,200.782667
130,RegionF,319.613333,220.386667
131,RegionA,394.084667,25.915332999999976
131,RegionB,362.173667,47.82633299999998
131,RegionC,376.648333,28.35166700000002
131,RegionD,254.588333,465.41166699999997
131,RegionE,307.940333,252.059667
131,RegionF,296.254,243.74599999999998
132,RegionA,354.341333,65.65866699999998
132,RegionB,338.976667,71.02333299999998
132,RegionC,358.654,46.346000000000004
132,RegionD,230.684,489.31600000000003
132,RegionE,314.968,245.03199999999998
132,RegionF,264.08,275.92
133,RegionA,341.941667,78.058333
133,RegionB,301.575,108.42500000000001
133,RegionC,328.36,76.63999999999999
133,RegionD,200.539,519.461
133,RegionE,286.758,273.242
133,RegionF,224.404,315.596
134,RegionA,306.775333,113.22466700000001
134,RegionB,273.643333,136.35666700000002
134,RegionC,315.886,89.11399999999998
134,RegionD,206.765667,513.234333
134,RegionE,281.648667,278.351333
134,RegionF,182.827333,357.172667
135,RegionA,280.622,139.378
135,RegionB,259.902333,150.097667
135,RegionC,263.776667,141.22333300000003
135,RegionD,189.307,530.693
135,RegionE,218.153333,341.846667
135,RegionF,158.241333,381.758667
136,RegionA,214.743333,205.256667
136,RegionB,221.916333,188.083667
136,RegionC,232.52,172.48
136,RegionD,138.187667,581.812333
136,RegionE,203.412,356.58799999999997
136,RegionF,160.766,379.23400000000004
137,RegionA,212.364667,207.635333
137,RegionB,190.385333,219.614667
137,RegionC,198.348,206.652
137,RegionD,71.459667,648.540333
137,RegionE,185.24,374.76
137,RegionF,206.795667,333.204333
138,RegionA,206.013333,213.986667
138,RegionB,149.184667,260.815333
138,RegionC,202.76,202.24
138,RegionD,48.889,671.111
138,RegionE,183.238,376.762
138,RegionF,198.917,341.08299999999997
139,RegionA,199.123333,220.876667
139,RegionB,176.488,233.512
139,RegionC,227.595,177.405
139,RegionD,105.289,614.711
139,RegionE,145.25,414.75
139,RegionF,210.727667,329.272333
140,RegionA,189.285333,230.714667
140,RegionB,180.270667,229.729333
140,RegionC,259.582,145.418
140,RegionD,165.593333,554.406667
140,RegionE,185.326,374.674
140,RegionF,171.898333,368.101667
141,RegionA,253.160667,166.839333
141,RegionB,216.861,193.139
141,RegionC,276.92,128.07999999999998
141,RegionD,186.776667,533.223333
141,RegionE,184.761333,375.23866699999996
141,RegionF,220.046667,319.953333
142,RegionA,286.014667,133.98533300000003
142,RegionB,239.148,170.852
142,RegionC,313.215667,91.784333
142,RegionD,177.253333,542.746667
142,RegionE,219.291333,340.708667
142,RegionF,237.903333,302.096667
143,RegionA,318.133333,101.866667
143,RegionB,280.229333,129.770667
143,RegionC,290.780667,114.219333
143,RegionD,265.28,454.72
143,RegionE,255.460667,304.539333
143,RegionF,275.327333,264.672667
144,RegionA,336.998,83.00200000000001
144,RegionB,304.97,105.02999999999997
144,RegionC,362.724667,42.27533299999999
144,RegionD,231.856667,488.143333
144,RegionE,265.43,294.57
144,RegionF,267.916,272.084
145,RegionA,350.883667,69.116333
145,RegionB,334.237667,75.76233300000001
145,RegionC,360.476,44.524
145,RegionD,333.425333,386.574667
145,RegionE,257.047333,302.952667
145,RegionF,291.240667,248.75933300000003
146,RegionA,391.932,28.067999999999984
146,RegionB,377.583333,32.41666700000002
146,RegionC,377.88,27.120000000000005
146,RegionD,340.043333,379.956667
146,RegionE,276.222,283.778
146,RegionF,349.808,190.192
147,RegionA,394.537667,25.462333
147,RegionB,368.366667,41.63333299999999
147,RegionC,376.841,28.158999999999992
147,RegionD,326.196,393.804
147,RegionE,320.953333,239.046667
147,RegionF,340.432,199.56799999999998
148,RegionA,369.178,50.822
148,RegionB,351.450667,58.54933299999999
148,RegionC,371.88,33.120000000000005
148,RegionD,353.12,366.88
148,RegionE,413.850667,146.149333
148,RegionF,353.8,186.2
149,RegionA,371.296,48.70400000000001
149,RegionB,348.705667,61.294332999999995
149,RegionC,368.563,36.43700000000001
149,RegionD,354.664667,365.335333
149,RegionE,440.740667,119.25933300000003
149,RegionF,354.912,185.08800000000002
150,RegionA,348.436333,71.56366700000001
150,RegionB,346.142,63.858000000000004
150,RegionC,363.59,41.410000000000025
150,RegionD,370.759667,349.240333
150,RegionE,450.106333,109.893667
150,RegionF,366.813,173.187
151,RegionA,366.450667,53.54933299999999
151,RegionB,326.869333,83.13066700000002
151,RegionC,364.693,40.307000000000016
151,RegionD,403.898667,316.101333
151,RegionE,414.088,145.91199999999998
151,RegionF,354.293333,185.70666699999998
152,RegionA,364.145,55.85500000000002
152,RegionB,328.503333,81.496667
152,RegionC,370.846667,34.153332999999975
152,RegionD,336.277667,383.722333
152,RegionE,364.443333,195.556667
152,RegionF,399.073333,140.926667
153,RegionA,362.887333,57.11266699999999
153,RegionB,331.892,78.108
153,RegionC,351.995667,53.004332999999974
153,RegionD,306.476,413.524
153,RegionE,357.672,202.32799999999997
153,RegionF,386.276333,153.72366699999998
154,RegionA,362.026667,57.973333000000025
154,RegionB,318.720667,91.27933300000001
154,RegionC,356.249333,48.75066700000002
154,RegionD,280.851,439.149
154,RegionE,328.757333,231.24266699999998
154,RegionF,390.495,149.505
155,RegionA,335.084,84.916
155,RegionB,335.733333,74.26666699999998
155,RegionC,374.999333,30.00066700000002
155,RegionD,298.387333,421.612667
155,RegionE,270.168667,289.831333
155,RegionF,334.113333,205.886667
156,RegionA,294.420667,125.57933300000002
156,RegionB,330.251333,79.74866700000001
156,RegionC,360.645333,44.354667000000006
156,RegionD,313.963,406.037
156,RegionE,273.463333,286.536667
156,RegionF,258.796667,281.203333
157,RegionA,300.667333,119.33266700000001
157,RegionB,320.346667,89.65333299999998
157,RegionC,318.777667,86.22233299999999
157,RegionD,268.195,451.805
157,RegionE,272.333,287.667
157,RegionF,247.51,292.49
158,RegionA,298.799667,121.200333
158,RegionB,310.117,99.88299999999998
158,RegionC,287.297,117.70299999999997
158,RegionD,238.123667,481.876333
158,RegionE,259.408667,300.591333
158,RegionF,192.407667,347.592333
159,RegionA,267.128,152.872
159,RegionB,290.853,119.14699999999999
159,RegionC,264.551667,140.448333
159,RegionD,227.770667,492.229333
159,RegionE,222.274667,337.725333
159,RegionF,163.168667,376.831333
160,RegionA,263.229333,156.770667
160,RegionB,246.62,163.38
160,RegionC,214.883333,190.116667
160,RegionD,192.836,527.164
160,RegionE,199.069667,360.930333
160,RegionF,150.786333,389.213667
161,RegionA,207.14,212.86
161,RegionB,231.162,178.838
161,RegionC,216.496667,188.503333
161,RegionD,104.311333,615.688667
161,RegionE,196.233333,363.766667
161,RegionF,176.203333,363.796667
162,RegionA,229.25,190.75
162,RegionB,223.074667,186.925333
162,RegionC,237.537667,167.462333
162,RegionD,76.653333,643.346667
162,RegionE,167.84,392.15999999999997
162,RegionF,173.276667,366.723333
163,RegionA,179.008333,240.991667
163,RegionB,220.21,189.79
163,RegionC,240.840667,164.159333
163,RegionD,86.906667,633.093333
163,RegionE,166.556,393.44399999999996
163,RegionF,157.276667,382.723333
164,RegionA,199.314667,220.685333
164,RegionB,206.436667,203.563333
164,RegionC,262.001333,142.998667
164,RegionD,99.742667,620.257333
164,RegionE,204.968,355.03200000000004
164,RegionF,208.950333,331.049667
165,RegionA,187.963,232.037
165,RegionB,231.560667,178.439333
165,RegionC,254.22,150.78
165,RegionD,163.610667,556.389333
165,RegionE,190.554,369.446
165,RegionF,209.238333,330.761667
166,RegionA,266.513333,153.486667
166,RegionB,250.551,159.449
166,RegionC,275.838667,129.161333
166,RegionD,232.066,487.93399999999997
166,RegionE,174.54,385.46000000000004
166,RegionF,199.152,340.848
167,RegionA,309.352,110.64800000000002
167,RegionB,269.613333,140.386667
167,RegionC,323.326333,81.67366700000002
167,RegionD,262.468,457.532
167,RegionE,178.542,381.45799999999997
167,RegionF,247.006,292.994
168,RegionA,301.320667,118.67933299999999
168,RegionB,309.148667,100.85133300000001
168,RegionC,379.03,25.970000000000027
168,RegionD,257.692,462.308
168,RegionE,202.740667,357.25933299999997
168,RegionF,258.337,281.663
169,RegionA,360.523333,59.47666700000002
169,RegionB,378.424,31.576000000000022
169,RegionC,379.08,25.920000000000016
169,RegionD,294.548,425.452
169,RegionE,259.278667,300.721333
169,RegionF,280.288333,259.711667
170,RegionA,368.431667,51.568332999999996
170,RegionB,361.444667,48.55533300000002
170,RegionC,371.741333,33.258667
170,RegionD,313.989667,406.010333
170,RegionE,301.46,258.54
170,RegionF,344.084,195.916
171,RegionA,374.043,45.956999999999994
171,RegionB,374.809333,35.19066700000002
171,RegionC,369.866667,35.13333299999999
171,RegionD,287.144667,432.855333
171,RegionE,344.240667,215.75933300000003
171,RegionF,330.159333,209.840667
172,RegionA,374.178333,45.82166699999999
172,RegionB,357.403,52.59699999999998
172,RegionC,365.64,39.360000000000014
172,RegionD,324.052667,395.947333
172,RegionE,416.07,143.93
172,RegionF,323.958,216.04199999999997
173,RegionA,376.617667,43.38233300000002
173,RegionB,341.093333,68.90666700000003
173,RegionC,352.260667,52.73933299999999
173,RegionD,395.751333,324.248667
173,RegionE,419.270667,140.729333
173,RegionF,336.592,203.40800000000002
174,RegionA,383.521,36.478999999999985
174,RegionB,344.966667,65.03333300000003
174,RegionC,347.76,57.24000000000001
174,RegionD,423.282667,296.717333
174,RegionE,415.505667,144.49433299999998
174,RegionF,385.515333,154.484667
175,RegionA,358.006667,61.99333300000001
175,RegionB,371.342667,38.657332999999994
175,RegionC,357.976667,47.02333299999998
175,RegionD,365.996,354.004
175,RegionE,419.013333,140.986667
175,RegionF,379.066667,160.933333
176,RegionA,364.669333,55.330667000000005
176,RegionB,369.634667,40.36533300000002
176,RegionC,357.012,47.988
176,RegionD,425.69,294.31
176,RegionE,359.69,200.31
176,RegionF,371.678,168.322
177,RegionA,364.26,55.74000000000001
177,RegionB,370.504667,39.49533300000002
177,RegionC,357.71,47.29000000000002
177,RegionD,413.445,306.555
177,RegionE,332.598333,227.40166699999997
177,RegionF,375.437333,164.56266699999998
178,RegionA,364.965333,55.03466700000001
178,RegionB,378.068667,31.931332999999995
178,RegionC,359.312667,45.687333000000024
178,RegionD,405.41,314.59
178,RegionE,336.890333,223.109667
178,RegionF,350.863333,189.136667
179,RegionA,366.046,53.95400000000001
179,RegionB,364.677333,45.322667000000024
179,RegionC,359.978667,45.02133300000003
179,RegionD,335.803333,384.196667
179,RegionE,304.554,255.44600000000003
179,RegionF,329.413,210.587
180,RegionA,315.633,104.36700000000002
180,RegionB,346.758,63.24200000000002
180,RegionC,336.752667,68.24733300000003
180,RegionD,268.416,451.584
180,RegionE,276.638,283.362
180,RegionF,281.840667,258.159333
181,RegionA,317.99,102.00999999999999
181,RegionB,341.468667,68.53133300000002
181,RegionC,326.594,78.406
181,RegionD,221.118,498.882
181,RegionE,264.538667,295.461333
181,RegionF,287.548667,252.45133299999998
182,RegionA,303.750333,116.24966699999999
182,RegionB,309.637333,100.36266699999999
182,RegionC,315.200333,89.799667
182,RegionD,152.356667,567.643333
182,RegionE,256.735333,303.264667
182,RegionF,249.93,290.07
183,RegionA,278.432333,141.56766699999997
183,RegionB,267.131,142.86900000000003
183,RegionC,277.303,127.697
183,RegionD,91.218,628.782
183,RegionE,225.446667,334.553333
183,RegionF,217.09,322.90999999999997
184,RegionA,201.404,218.596
184,RegionB,253.036667,156.963333
184,RegionC,225.099333,179.900667
184,RegionD,64.283333,655.716667
184,RegionE,150.066667,409.933333
184,RegionF,176.169,363.831
185,RegionA,200.586667,219.413333
185,RegionB,236.008333,173.991667
185,RegionC,192.269333,212.730667
185,RegionD,50.924667,669.075333
185,RegionE,157.416333,402.583667
185,RegionF,184.785,355.21500000000003
186,RegionA,208.206333,211.793667
186,RegionB,217.238,192.762
186,RegionC,158.865333,246.134667
186,RegionD,94.104667,625.8953329999999
186,RegionE,156.614,403.38599999999997
186,RegionF,215.650667,324.349333
187,RegionA,230.37,189.63
187,RegionB,212.242667,197.757333
187,RegionC,199.581333,205.418667
187,RegionD,76.571,643.429
187,RegionE,170.515,389.485
187,RegionF,203.219333,336.780667
188,RegionA,237.691333,182.308667
188,RegionB,247.149333,162.850667
188,RegionC,199.765333,205.234667
188,RegionD,120.948,599.052
188,RegionE,211.147333,348.852667
188,RegionF,202.458333,337.54166699999996
189,RegionA,256.834333,163.16566699999998
189,RegionB,268.665667,141.33433300000002
189,RegionC,243.256667,161.743333
189,RegionD,91.066,628.934
189,RegionE,249.369333,310.630667
189,RegionF,182.725,357.275
190,RegionA,257.145,162.85500000000002
190,RegionB,277.585333,132.414667
190,RegionC,256.926667,148.073333
190,RegionD,153.385333,566.614667
190,RegionE,259.285,300.715
190,RegionF,217.473333,322.526667
191,RegionA,286.893333,133.10666700000002
191,RegionB,297.675333,112.32466699999998
191,RegionC,242.076667,162.923333
191,RegionD,254.205667,465.794333
191,RegionE,216.313333,343.686667
191,RegionF,272.181667,267.818333
192,RegionA,314.342,105.65800000000002
192,RegionB,300.469667,109.53033299999998
192,RegionC,284.986,120.01400000000001
192,RegionD,256.608,463.392
192,RegionE,220.69,339.31
192,RegionF,343.750667,196.24933299999998
193,RegionA,344.3,75.69999999999999
193,RegionB,343.735333,66.26466699999997
193,RegionC,330.576,74.42399999999998
193,RegionD,265.601333,454.398667
193,RegionE,244.232,315.76800000000003
193,RegionF,363.475333,176.52466700000002
194,RegionA,379.875,40.125
194,RegionB,365.182667,44.81733300000002
194,RegionC,347.203333,57.796667000000014
194,RegionD,302.148333,417.851667
194,RegionE,272.061333,287.938667
194,RegionF,346.586,193.414
195,RegionA,382.506667,37.49333300000001
195,RegionB,370.410667,39.58933300000001
195,RegionC,362.762667,42.23733299999998
195,RegionD,284.099,435.901
195,RegionE,293.676,266.324
195,RegionF,399.37,140.63
196,RegionA,391.991667,28.008332999999993
196,RegionB,372.584,37.416
196,RegionC,353.537333,51.46266700000001
196,RegionD,295.346,424.654
196,RegionE,343.980667,216.01933300000002
196,RegionF,403.435,136.565
197,RegionA,395.465333,24.534667000000013
197,RegionB,356.638,53.36200000000002
197,RegionC,357.206333,47.79366700000003
197,RegionD,321.507,398.493
197,RegionE,355.813333,204.186667
197,RegionF,429.42,110.57999999999998
198,RegionA,399.517333,20.482666999999992
198,RegionB,360.166667,49.83333299999998
198,RegionC,361.49,43.50999999999999
198,RegionD,349.753333,370.246667
198,RegionE,372.894,187.106
198,RegionF,378.046667,161.953333
199,RegionA,400.242667,19.757333000000017
199,RegionB,368.513333,41.48666700000001
199,RegionC,344.7,60.30000000000001
199,RegionD,356.252667,363.747333
199,RegionE,368.908667,191.09133300000002
199,RegionF,428.673,111.327
200,RegionA,401.02,18.980000000000018
200,RegionB,381.938333,28.061667
200,RegionC,360.508,44.49200000000002
200,RegionD,380.618,339.382
200,RegionE,401.564,158.43599999999998
200,RegionF,430.127333,109.87266699999998
201,RegionA,399.832,20.168000000000006
201,RegionB,380.165,29.83499999999998
201,RegionC,375.678333,29.32166699999999
201,RegionD,322.865,397.135
201,RegionE,379.895333,180.104667
201,RegionF,371.739333,168.260667
202,RegionA,370.87,49.129999999999995
202,RegionB,371.116,38.884000000000015
202,RegionC,381.449667,23.550333000000023
202,RegionD,241.084333,478.915667
202,RegionE,354.284,205.716
202,RegionF,367.444,172.55599999999998
203,RegionA,326.685333,93.31466699999999
203,RegionB,354.118333,55.88166699999999
203,RegionC,361.946667,43.05333300000001
203,RegionD,270.988667,449.011333
203,RegionE,303.364667,256.635333
203,RegionF,358.395,181.60500000000002
204,RegionA,331.433333,88.566667
204,RegionB,324.641333,85.35866700000003
204,RegionC,328.426667,76.57333299999999
204,RegionD,235.86,484.14
204,RegionE,299.223667,260.776333
204,RegionF,337.407333,202.592667
205,RegionA,286.334,133.666
205,RegionB,324.257333,85.74266699999998
205,RegionC,312.648667,92.35133300000001
205,RegionD,202.300667,517.699333
205,RegionE,281.903333,278.096667
205,RegionF,294.985667,245.01433300000002
206,RegionA,292.272,127.72800000000001
206,RegionB,294.414,115.58600000000001
206,RegionC,305.378667,99.62133299999999
206,RegionD,238.718,481.28200000000004
206,RegionE,258.137333,301.862667
206,RegionF,275.253,264.747
207,RegionA,303.764,116.23599999999999
207,RegionB,261.532667,148.467333
207,RegionC,282.140333,122.859667
207,RegionD,223.876,496.124
207,RegionE,230.406,329.594
207,RegionF,240.24,299.76
208,RegionA,234.051667,185.948333
208,RegionB,224.008667,185.991333
208,RegionC,235.645667,169.354333
208,RegionD,171.939667,548.060333
208,RegionE,177.975333,382.024667
208,RegionF,187.593,352.40700000000004
209,RegionA,204.950667,215.049333
209,RegionB,207.121,202.879
209,RegionC,193.045,211.955
209,RegionD,164.076,555.924
209,RegionE,143.31,416.69
209,RegionF,197.223333,342.776667
210,RegionA,210.022,209.978
210,RegionB,181.696667,228.303333
210,RegionC,203.914,201.086
210,RegionD,151.494,568.506
210,RegionE,124.098667,435.901333
210,RegionF,198.634667,341.36533299999996
211,RegionA,222.614,197.386
211,RegionB,176.993667,233.006333
211,RegionC,197.256667,207.743333
211,RegionD,135.933333,584.066667
211,RegionE,163.069333,396.93066699999997
211,RegionF,232.47,307.53
212,RegionA,245.026,174.974
212,RegionB,200.365333,209.634667
212,RegionC,207.915667,197.084333
212,RegionD,99.421667,620.578333
212,RegionE,152.318,407.682
212,RegionF,247.954,292.046
213,RegionA,216.904667,203.095333
213,RegionB,258.568667,151.431333
213,RegionC,251.255333,153.744667
213,RegionD,195.171667,524.8283329999999
213,RegionE,152.924,407.076
213,RegionF,203.69,336.31
214,RegionA,256.198667,163.801333
214,RegionB,270.252,139.748
214,RegionC,277.752667,127.24733300000003
214,RegionD,206.706667,513.293333
214,RegionE,213.434667,346.565333
214,RegionF,211.002,328.998
215,RegionA,315.28,104.72000000000003
215,RegionB,311.651333,98.34866699999998
215,RegionC,280.476,124.524
215,RegionD,233.65,486.35
215,RegionE,269.768,290.232
215,RegionF,216.484,323.51599999999996
216,RegionA,323.489333,96.51066700000001
216,RegionB,359.362,50.63799999999998
216,RegionC,340.246667,64.753333
216,RegionD,274.688667,445.311333
216,RegionE,285.114,274.886
216,RegionF,219.327333,320.672667
217,RegionA,340.709333,79.29066699999998
217,RegionB,382.665333,27.334667000000024
217,RegionC,347.513333,57.48666700000001
217,RegionD,316.978,403.022
217,RegionE,304.336333,255.66366699999998
217,RegionF,237.343333,302.65666699999997
218,RegionA,381.258,38.74200000000002
218,RegionB,378.895333,31.104667000000006
218,RegionC,384.293333,20.70666699999998
218,RegionD,295.212667,424.787333
218,RegionE,306.93,253.07
218,RegionF,307.545333,232.45466699999997
219,RegionA,381.146333,38.85366699999997
219,RegionB,380.823333,29.17666700000001
219,RegionC,384.3,20.69999999999999
219,RegionD,322.476667,397.523333
219,RegionE,262.153333,297.846667
219,RegionF,355.204,184.796
220,RegionA,388.731,31.269000000000005
220,RegionB,381.168667,28.831332999999972
220,RegionC,364.32,40.68000000000001
220,RegionD,325.042,394.958
220,RegionE,312.375333,247.624667
220,RegionF,386.659333,153.340667
221,RegionA,383.076,36.92399999999998
221,RegionB,382.578333,27.421667000000014
221,RegionC,364.010667,40.98933299999999
221,RegionD,355.160667,364.839333
221,RegionE,313.708,246.29199999999997
221,RegionF,396.317667,143.68233300000003
222,RegionA,392.929333,27.070667000000014
222,RegionB,386.431667,23.568332999999996
222,RegionC,363.121,41.87900000000002
222,RegionD,356.070667,363.929333
222,RegionE,367.454667,192.54533300000003
222,RegionF,361.290667,178.70933300000002
223,RegionA,392.190667,27.80933299999998
223,RegionB,374.225,35.77499999999998
223,RegionC,360.041333,44.95866699999999
223,RegionD,295.285333,424.714667
223,RegionE,361.210333,198.789667
223,RegionF,405.88,134.12
224,RegionA,386.408667,33.59133300000002
224,RegionB,373.122,36.877999999999986
224,RegionC,367.3,37.69999999999999
224,RegionD,278.343,441.657
224,RegionE,384.402667,175.597333
224,RegionF,392.740667,147.25933300000003
225,RegionA,375.364,44.636000000000024
225,RegionB,370.26,39.74000000000001
225,RegionC,368.577333,36.42266699999999
225,RegionD,251.604,468.39599999999996
225,RegionE,381.49,178.51
225,RegionF,388.346,151.654
226,RegionA,376.062667,43.937333000000024
226,RegionB,367.959333,42.040666999999985
226,RegionC,369.461333,35.538666999999975
226,RegionD,206.836333,513.163667
226,RegionE,368.714,191.286
226,RegionF,330.731667,209.26833299999998
227,RegionA,335.068667,84.931333
227,RegionB,347.008667,62.991333
227,RegionC,360.267,44.733000000000004
227,RegionD,265.858,454.142
227,RegionE,365.771333,194.22866699999997
227,RegionF,259.080333,280.919667
228,RegionA,302.601333,117.39866699999999
228,RegionB,339.026,70.97399999999999
228,RegionC,366.708333,38.29166700000002
228,RegionD,235.73,484.27
228,RegionE,282.161333,277.838667
228,RegionF,152.596667,387.403333
229,RegionA,279.775333,140.224667
229,RegionB,301.377333,108.62266699999998
229,RegionC,328.231333,76.768667
229,RegionD,229.910667,490.089333
229,RegionE,290.098333,269.901667
229,RegionF,138.628667,401.371333
230,RegionA,280.554667,139.445333
230,RegionB,278.323667,131.676333
230,RegionC,319.830333,85.169667
230,RegionD,253.007,466.993
230,RegionE,280.021,279.979
230,RegionF,125.913,414.087
231,RegionA,260.222333,159.777667
231,RegionB,254.368,155.632
231,RegionC,281.908667,123.09133300000002
231,RegionD,234.714,485.286
231,RegionE,241.509333,318.49066700000003
231,RegionF,141.432333,398.56766700000003
232,RegionA,205.635333,214.364667
232,RegionB,213.306667,196.693333
232,RegionC,231.314667,173.685333
232,RegionD,204.001333,515.9986670000001
232,RegionE,166.305333,393.694667
232,RegionF,110.66,429.34000000000003
233,RegionA,196.993333,223.006667
233,RegionB,198.188333,211.811667
233,RegionC,202.014667,202.985333
233,RegionD,194.505333,525.4946669999999
233,RegionE,117.294,442.706
233,RegionF,128.992667,411.007333
234,RegionA,223.391,196.609
234,RegionB,201.696,208.304
234,RegionC,188.61,216.39
234,RegionD,213.256667,506.743333
234,RegionE,163.835333,396.164667
234,RegionF,149.430667,390.56933300000003
235,RegionA,215.355,204.645
235,RegionB,200.218667,209.781333
235,RegionC,210.049,194.951
235,RegionD,153.953333,566.0466670000001
235,RegionE,185.94,374.06
235,RegionF,137.209333,402.790667
236,RegionA,232.513333,187.486667
236,RegionB,215.902667,194.097333
236,RegionC,217.745333,187.254667
236,RegionD,111.006667,608.993333
236,RegionE,142.672,417.328
236,RegionF,153.877,386.123
237,RegionA,250.440667,169.559333
237,RegionB,236.239667,173.760333
237,RegionC,224.653333,180.346667
237,RegionD,182.442,537.558
237,RegionE,218.645333,341.354667
237,RegionF,194.47,345.53
238,RegionA,222.046667,197.953333
238,RegionB,248.364667,161.635333
238,RegionC,250.36,154.64
238,RegionD,184.56,535.44
238,RegionE,223.388,336.61199999999997
238,RegionF,203.036,336.964
239,RegionA,308.269667,111.73033299999997
239,RegionB,274.708333,135.29166700000002
239,RegionC,307.201667,97.79833300000001
239,RegionD,226.673667,493.326333
239,RegionE,305.671333,254.328667
239,RegionF,225.033333,314.96666700000003
240,RegionA,309.179333,110.82066700000001
240,RegionB,337.478667,72.52133300000003
240,RegionC,324.524,80.476
240,RegionD,260.676,459.324
240,RegionE,317.227333,242.772667
240,RegionF,272.415333,267.584667
241,RegionA,354.349333,65.650667
241,RegionB,339.645333,70.354667
241,RegionC,344.684,60.315999999999974
241,RegionD,324.598,395.402
241,RegionE,338.65,221.35000000000002
241,RegionF,291.548667,248.45133299999998
242,RegionA,382.230667,37.76933300000002
242,RegionB,373.52,36.48000000000002
242,RegionC,374.18,30.819999999999993
242,RegionD,330.907667,389.092333
242,RegionE,385.402667,174.597333
242,RegionF,288.36,251.64
243,RegionA,398.628,21.372000000000014
243,RegionB,380.433333,29.566666999999995
243,RegionC,381.260667,23.739332999999988
243,RegionD,328.226667,391.773333
243,RegionE,363.45,196.55
243,RegionF,293.597333,246.402667
244,RegionA,395.651667,24.348333000000025
244,RegionB,385.654667,24.345332999999982
244,RegionC,373.761333,31.23866700000002
244,RegionD,361.471333,358.528667
244,RegionE,328.032,231.96800000000002
244,RegionF,361.779667,178.22033299999998
245,RegionA,366.198667,53.801333
245,RegionB,373.304667,36.695333000000005
245,RegionC,370.523,34.476999999999975
245,RegionD,344.203333,375.796667
245,RegionE,360.296667,199.703333
245,RegionF,417.367333,122.63266700000003
246,RegionA,366.036667,53.96333299999998
246,RegionB,375.550667,34.449333000000024
246,RegionC,351.621333,53.37866700000001
246,RegionD,320.796667,399.203333
246,RegionE,336.566,223.43400000000003
246,RegionF,449.547333,90.45266700000002
247,RegionA,366.805,53.19499999999999
247,RegionB,375.125,34.875
247,RegionC,351.304,53.696000000000026
247,RegionD,286.431333,433.568667
247,RegionE,354.299333,205.700667
247,RegionF,446.266667,93.73333300000002
248,RegionA,367.677333,52.322667000000024
248,RegionB,375.015,34.985000000000014
248,RegionC,352.112,52.88799999999998
248,RegionD,306.329333,413.670667
248,RegionE,409.42,150.57999999999998
248,RegionF,412.471667,127.52833299999998
249,RegionA,374.225333,45.77466700000002
249,RegionB,376.829333,33.17066699999998
249,RegionC,339.975333,65.02466700000002
249,RegionD,291.438667,428.561333
249,RegionE,411.864,148.13600000000002
249,RegionF,393.687,146.313
250,RegionA,390.571333,29.42866700000002
250,RegionB,386.384,23.615999999999985
250,RegionC,347.766667,57.233333000000016
250,RegionD,235.670667,484.329333
250,RegionE,364.702,195.298
250,RegionF,337.573333,202.426667
251,RegionA,381.952667,38.04733299999998
251,RegionB,366.994667,43.00533300000001
251,RegionC,378.046667,26.953332999999986
251,RegionD,238.117333,481.88266699999997
251,RegionE,333.67,226.32999999999998
251,RegionF,309.204667,230.79533300000003
252,RegionA,315.969,104.031
252,RegionB,344.024,65.976
252,RegionC,364.608667,40.391332999999975
252,RegionD,182.203,537.797
252,RegionE,330.4,229.60000000000002
252,RegionF,271.126,268.874
253,RegionA,320.505333,99.49466699999999
253,RegionB,320.516,89.48399999999998
253,RegionC,304.243667,100.75633299999998
253,RegionD,194.305,525.6949999999999
253,RegionE,296.939333,263.060667
253,RegionF,228.538,311.462
254,RegionA,299.913333,120.08666699999998
254,RegionB,280.236333,129.763667
254,RegionC,284.227333,120.77266700000001
254,RegionD,206.043333,513.956667
254,RegionE,286.510333,273.489667
254,RegionF,243.795,296.20500000000004
255,RegionA,232.569,187.431
255,RegionB,238.89,171.11
255,RegionC,270.912,134.08800000000002
255,RegionD,190.316,529.684
255,RegionE,281.251667,278.748333
255,RegionF,226.940333,313.059667
256,RegionA,193.216333,226.783667
256,RegionB,205.125667,204.874333
256,RegionC,235.360667,169.639333
256,RegionD,151.91,568.09
256,RegionE,231.4,328.6
256,RegionF,222.850333,317.149667
257,RegionA,175.703,244.297
257,RegionB,187.366,222.634
257,RegionC,211.839333,193.160667
257,RegionD,120.52,599.48
257,RegionE,219.108,340.892
257,RegionF,212.718333,327.28166699999997
258,RegionA,206.829333,213.170667
258,RegionB,203.013333,206.986667
258,RegionC,215.23,189.77
258,RegionD,108.316,611.684
258,RegionE,177.453,382.547
258,RegionF,197.04,342.96000000000004
259,RegionA,205.872667,214.127333
259,RegionB,214.383333,195.616667
259,RegionC,183.288667,221.711333
259,RegionD,92.596667,627.403333
259,RegionE,145.118,414.882
259,RegionF,197.496,342.504
260,RegionA,197.48,222.52
260,RegionB,241.627333,168.372667
260,RegionC,211.386667,193.613333
260,RegionD,94.447333,625.552667
260,RegionE,213.716333,346.28366700000004
260,RegionF,215.878667,324.121333
261,RegionA,217.264667,202.735333
261,RegionB,259.136,150.86399999999998
261,RegionC,253.44,151.56
261,RegionD,137.578,582.422
261,RegionE,203.660667,356.339333
261,RegionF,241.901,298.099
262,RegionA,223.122667,196.877333
262,RegionB,262.672667,147.327333
262,RegionC,260.965333,144.034667
262,RegionD,186.467667,533.532333
262,RegionE,240.892667,319.10733300000004
262,RegionF,267.123333,272.876667
263,RegionA,285.574667,134.42533300000002
263,RegionB,309.791,100.209
263,RegionC,311.682,93.31799999999998
263,RegionD,247.034,472.966
263,RegionE,287.982,272.018
263,RegionF,248.369667,291.630333
264,RegionA,317.621333,102.37866700000001
264,RegionB,333.157333,76.842667
264,RegionC,341.629,63.37099999999998
264,RegionD,311.381667,408.618333
264,RegionE,318.263667,241.736333
264,RegionF,306.99,233.01
265,RegionA,381.581667,38.41833300000002
265,RegionB,354.085333,55.91466700000001
265,RegionC,349.969333,55.030666999999994
265,RegionD,262.008,457.992
265,RegionE,336.713333,223.28666700000002
265,RegionF,362.207333,177.792667
266,RegionA,384.461333,35.538666999999975
266,RegionB,362.684,47.315999999999974
266,RegionC,363.212,41.78800000000001
266,RegionD,262.728667,457.271333
266,RegionE,305.01,254.99
266,RegionF,376.18,163.82
267,RegionA,384.833333,35.16666700000002
267,RegionB,352.42,57.579999999999984
267,RegionC,367.368,37.632000000000005
267,RegionD,360.046,359.954
267,RegionE,325.8,234.2
267,RegionF,395.608,144.392
268,RegionA,386.665333,33.334667000000024
268,RegionB,344.955667,65.044333
268,RegionC,367.897333,37.102667
268,RegionD,378.303333,341.696667
268,RegionE,309.869333,250.13066700000002
268,RegionF,405.091,134.909
269,RegionA,387.582667,32.417332999999985
269,RegionB,352.869333,57.13066700000002
269,RegionC,379.438667,25.56133299999999
269,RegionD,372.48,347.52
269,RegionE,362.816,197.18400000000003
269,RegionF,392.559333,147.44066700000002
270,RegionA,386.625333,33.37466699999999
270,RegionB,351.562667,58.437333000000024
270,RegionC,381.785333,23.21466700000002
270,RegionD,310.827667,409.172333
270,RegionE,384.938667,175.061333
270,RegionF,377.27,162.73000000000002
271,RegionA,393.817333,26.18266699999998
271,RegionB,352.424667,57.575333
271,RegionC,379.530667,25.469333000000006
271,RegionD,320.242,399.758
271,RegionE,402.257333,157.74266699999998
271,RegionF,364.662667,175.337333
272,RegionA,394.658667,25.34133300000002
272,RegionB,360.351667,49.64833299999998
272,RegionC,380.148667,24.85133300000001
272,RegionD,359.684667,360.315333
272,RegionE,375.233333,184.76666699999998
272,RegionF,336.515333,203.484667
273,RegionA,390.28,29.720000000000027
273,RegionB,352.96,57.04000000000002
273,RegionC,381.955,23.045000000000016
273,RegionD,354.102333,365.897667
273,RegionE,394.713333,165.28666700000002
273,RegionF,334.466,205.534
274,RegionA,388.297333,31.70266700000002
274,RegionB,356.548,53.452
274,RegionC,374.458667,30.54133300000001
274,RegionD,373.632667,346.367333
274,RegionE,361.605333,198.39466700000003
274,RegionF,327.718667,212.28133300000002
275,RegionA,362.038667,57.961333000000025
275,RegionB,347.298333,62.701666999999986
275,RegionC,357.633333,47.36666700000001
275,RegionD,288.434,431.566
275,RegionE,307.068667,252.931333
275,RegionF,297.183333,242.816667
276,RegionA,329.714333,90.28566699999999
276,RegionB,298.254667,111.74533300000002
276,RegionC,339.103333,65.89666699999998
276,RegionD,294.999333,425.000667
276,RegionE,297.858333,262.141667
276,RegionF,282.790667,257.209333
277,RegionA,323.359,96.64100000000002
277,RegionB,285.059,124.94099999999997
277,RegionC,302.502,102.49799999999999
277,RegionD,284.276,435.724
277,RegionE,278.555333,281.444667
277,RegionF,287.337333,252.662667
278,RegionA,306.099,113.90100000000001
278,RegionB,294.244333,115.75566700000002
278,RegionC,291.030333,113.96966700000002
278,RegionD,204.343667,515.656333
278,RegionE,246.330667,313.669333
278,RegionF,289.435667,250.56433299999998
279,RegionA,251.381667,168.618333
279,RegionB,271.43,138.57
279,RegionC,224.066,180.934
279,RegionD,170.395,549.605
279,RegionE,236.36,323.64
279,RegionF,257.015,282.985
280,RegionA,220.302,199.698
280,RegionB,238.924333,171.075667
280,RegionC,232.977333,172.022667
280,RegionD,162.922333,557.077667
280,RegionE,174.642667,385.35733300000004
280,RegionF,205.166667,334.83333300000004
281,RegionA,192.166,227.834
281,RegionB,234.593667,175.406333
281,RegionC,193.0,212.0
281,RegionD,136.605333,583.394667
281,RegionE,146.915,413.08500000000004
281,RegionF,195.493333,344.506667
282,RegionA,168.978,251.022
282,RegionB,167.864333,242.135667
282,RegionC,201.114,203.886
282,RegionD,138.416333,581.583667
282,RegionE,196.046667,363.953333
282,RegionF,142.505,397.495
283,RegionA,192.523,227.477
283,RegionB,192.447333,217.552667
283,RegionC,204.178,200.822
283,RegionD,129.321333,590.678667
283,RegionE,200.188333,359.811667
283,RegionF,198.612,341.38800000000003
284,RegionA,205.011333,214.988667
284,RegionB,176.806,233.194
284,RegionC,196.389667,208.610333
284,RegionD,118.91,601.09
284,RegionE,211.539667,348.460333
284,RegionF,248.76,291.24
285,RegionA,251.050333,168.949667
285,RegionB,211.871333,198.128667
285,RegionC,246.819,158.181
285,RegionD,127.078667,592.921333
285,RegionE,224.598333,335.401667
285,RegionF,263.95,276.05
286,RegionA,281.472667,138.527333
286,RegionB,214.883333,195.116667
286,RegionC,302.296333,102.703667
286,RegionD,195.156667,524.843333
286,RegionE,260.794667,299.205333
286,RegionF,271.836667,268.163333
287,RegionA,278.236667,141.763333
287,RegionB,260.157333,149.842667
287,RegionC,307.251,97.74900000000002
287,RegionD,254.074,465.926
287,RegionE,298.276,261.724
287,RegionF,285.382,254.618
288,RegionA,346.611333,73.388667
288,RegionB,285.465,124.53500000000003
288,RegionC,350.492667,54.50733300000002
288,RegionD,279.492333,440.507667
288,RegionE,310.51,249.49
288,RegionF,302.104667,237.895333
289,RegionA,340.166667,79.83333299999998
289,RegionB,366.85,43.14999999999998
289,RegionC,380.307333,24.69266699999997
289,RegionD,310.926667,409.073333
289,RegionE,290.668333,269.331667
289,RegionF,326.043333,213.95666699999998
290,RegionA,393.109,26.89100000000002
290,RegionB,361.500667,48.49933299999998
290,RegionC,364.037667,40.962333
290,RegionD,301.683667,418.316333
290,RegionE,319.85,240.14999999999998
290,RegionF,340.986667,199.013333
291,RegionA,392.524,27.476
291,RegionB,359.217333,50.782667000000004
291,RegionC,382.474667,22.52533299999999
291,RegionD,375.596,344.404
291,RegionE,354.366667,205.633333
291,RegionF,404.784,135.216
292,RegionA,392.229333,27.770667000000003
292,RegionB,356.095333,53.90466700000002
292,RegionC,380.188667,24.81133299999999
292,RegionD,381.388,338.612
292,RegionE,398.875333,161.124667
292,RegionF,311.615667,228.38433300000003
293,RegionA,392.061333,27.93866700000001
293,RegionB,339.57,70.43
293,RegionC,381.276,23.72399999999999
293,RegionD,363.606667,356.393333
293,RegionE,376.207667,183.79233299999999
293,RegionF,326.29,213.70999999999998
294,RegionA,395.213333,24.786667000000023
294,RegionB,344.702667,65.29733299999998
294,RegionC,379.560667,25.439332999999976
294,RegionD,309.370667,410.629333
294,RegionE,417.21,142.79000000000002
294,RegionF,325.688,214.312
295,RegionA,389.913333,30.086666999999977
295,RegionB,357.174667,52.825333
295,RegionC,382.093333,22.906667000000027
295,RegionD,353.301333,366.698667
295,RegionE,405.34,154.66000000000003
295,RegionF,334.597333,205.402667
296,RegionA,380.308,39.69200000000001
296,RegionB,366.74,43.25999999999999
296,RegionC,384.208,20.791999999999973
296,RegionD,384.944,335.056
296,RegionE,432.045333,127.95466699999997
296,RegionF,357.353333,182.64666699999998
297,RegionA,376.555,43.44499999999999
297,RegionB,360.714667,49.28533299999998
297,RegionC,384.389333,20.610666999999978
297,RegionD,342.601667,377.398333
297,RegionE,418.339667,141.66033299999998
297,RegionF,377.372,162.628
298,RegionA,387.247,32.752999999999986
298,RegionB,374.608333,35.391666999999984
298,RegionC,381.288,23.71199999999999
298,RegionD,313.55,406.45
298,RegionE,407.44,152.56
298,RegionF,372.782,167.21800000000002
299,RegionA,366.946333,53.05366700000002
299,RegionB,383.150667,26.849333
299,RegionC,363.72,41.27999999999997
299,RegionD,216.55,503.45
299,RegionE,404.774,155.226
299,RegionF,315.77,224.23000000000002
300,RegionA,365.871333,54.12866700000001
300,RegionB,357.669667,52.330332999999996
300,RegionC,324.362,80.63799999999998
300,RegionD,247.793333,472.20666700000004
300,RegionE,290.81,269.19
300,RegionF,295.55,244.45
301,RegionA,331.969333,88.030667
301,RegionB,329.945,80.055
301,RegionC,301.606667,103.39333299999998
301,RegionD,219.749667,500.250333
301,RegionE,268.755333,291.244667
301,RegionF,224.567333,315.43266700000004
302,RegionA,305.293,114.707
302,RegionB,305.789667,104.21033299999999
302,RegionC,294.909333,110.090667
302,RegionD,198.264,521.736
302,RegionE,260.950333,299.049667
302,RegionF,239.043,300.957
303,RegionA,289.097,130.90300000000002
303,RegionB,275.893667,134.106333
303,RegionC,283.882,121.118
303,RegionD,156.935,563.065
303,RegionE,238.389333,321.61066700000003
303,RegionF,246.45,293.55
304,RegionA,239.390667,180.609333
304,RegionB,214.356,195.644
304,RegionC,219.475333,185.524667
304,RegionD,176.291333,543.708667
304,RegionE,225.522667,334.477333
304,RegionF,209.05,330.95
305,RegionA,209.308667,210.691333
305,RegionB,203.657333,206.342667
305,RegionC,171.586,233.414
305,RegionD,187.295333,532.704667
305,RegionE,182.546667,377.453333
305,RegionF,160.048,379.952
306,RegionA,230.977333,189.022667
306,RegionB,195.572667,214.427333
306,RegionC,199.341333,205.658667
306,RegionD,166.28,553.72
306,RegionE,172.771333,387.228667
306,RegionF,103.164,436.836
307,RegionA,217.67,202.33
307,RegionB,219.179667,190.820333
307,RegionC,201.438333,203.561667
307,RegionD,149.486667,570.513333
307,RegionE,184.651333,375.348667
307,RegionF,142.314667,397.685333
308,RegionA,199.258667,220.741333
308,RegionB,232.725667,177.274333
308,RegionC,219.304,185.696
308,RegionD,158.233333,561.766667
308,RegionE,166.478667,393.521333
308,RegionF,135.200667,404.799333
309,RegionA,256.838,163.16199999999998
309,RegionB,232.608,177.392
309,RegionC,276.709333,128.29066699999998
309,RegionD,202.129,517.871
309,RegionE,235.675333,324.324667
309,RegionF,233.622,306.378
310,RegionA,247.64,172.36
310,RegionB,253.48,156.52
310,RegionC,296.255,108.745
310,RegionD,194.205,525.795
310,RegionE,268.217333,291.782667
310,RegionF,280.142667,259.857333
311,RegionA,324.195333,95.804667
311,RegionB,333.93,76.07
311,RegionC,318.936,86.06400000000002
311,RegionD,218.402,501.598
311,RegionE,308.552333,251.44766700000002
311,RegionF,318.728,221.272
312,RegionA,350.650667,69.349333
312,RegionB,323.648,86.35199999999998
312,RegionC,335.87,69.13
312,RegionD,278.918667,441.081333
312,RegionE,354.515333,205.484667
312,RegionF,309.418,230.582
313,RegionA,365.13,54.870000000000005
313,RegionB,343.398,66.60199999999998
313,RegionC,361.86,43.139999999999986
313,RegionD,256.900667,463.099333
313,RegionE,338.49,221.51
313,RegionF,304.91,235.08999999999997
314,RegionA,367.098,52.90199999999999
314,RegionB,360.138,49.86200000000002
314,RegionC,372.568,32.432000000000016
314,RegionD,280.968,439.032
314,RegionE,304.525,255.47500000000002
314,RegionF,299.383333,240.616667
315,RegionA,378.584,41.416
315,RegionB,368.803333,41.19666699999999
315,RegionC,371.068,33.932000000000016
315,RegionD,317.322,402.678
315,RegionE,295.793333,264.206667
315,RegionF,326.0,214.0
316,RegionA,371.370667,48.629332999999974
316,RegionB,357.549333,52.45066700000001
316,RegionC,380.553333,24.44666699999999
316,RegionD,330.724,389.276
316,RegionE,309.03,250.97000000000003
316,RegionF,364.737333,175.26266700000002
317,RegionA,382.544,37.45600000000002
317,RegionB,356.142,53.858000000000004
317,RegionC,354.022667,50.97733299999999
317,RegionD,344.269,375.731
317,RegionE,311.708333,248.29166700000002
317,RegionF,433.514667,106.48533300000003
318,RegionA,364.708,55.29199999999997
318,RegionB,354.031,55.968999999999994
318,RegionC,333.772,71.22800000000001
318,RegionD,316.816333,403.183667
318,RegionE,368.587333,191.412667
318,RegionF,405.89,134.11
319,RegionA,377.793333,42.20666699999998
319,RegionB,368.653333,41.346667000000025
319,RegionC,333.609333,71.39066700000001
319,RegionD,264.258667,455.741333
319,RegionE,401.002667,158.99733300000003
319,RegionF,399.98,140.01999999999998
320,RegionA,366.473333,53.526666999999975
320,RegionB,364.638333,45.36166700000001
320,RegionC,343.111,61.88900000000001
320,RegionD,326.683,393.317
320,RegionE,371.953333,188.046667
320,RegionF,359.028,180.97199999999998
321,RegionA,371.802667,48.197333000000015
321,RegionB,364.966667,45.03333300000003
321,RegionC,321.948,83.05200000000002
321,RegionD,336.743333,383.256667
321,RegionE,402.431,157.56900000000002
321,RegionF,376.406,163.594
322,RegionA,374.596,45.403999999999996
322,RegionB,375.313667,34.68633299999999
322,RegionC,336.932333,68.06766699999997
322,RegionD,307.359333,412.640667
322,RegionE,356.935333,203.064667
322,RegionF,284.15,255.85000000000002
323,RegionA,383.321,36.678999999999974
323,RegionB,364.294,45.70600000000002
323,RegionC,329.050667,75.94933300000002
323,RegionD,291.524,428.476
323,RegionE,337.35,222.64999999999998
323,RegionF,272.675667,267.324333
324,RegionA,354.989,65.01100000000002
324,RegionB,355.966,54.03399999999999
324,RegionC,322.804,82.19600000000003
324,RegionD,298.798,421.202
324,RegionE,288.764,271.236
324,RegionF,274.041667,265.958333
325,RegionA,303.786667,116.21333299999998
325,RegionB,307.806333,102.193667
325,RegionC,324.559333,80.44066700000002
325,RegionD,256.371,463.629
325,RegionE,264.002,295.998
325,RegionF,241.616667,298.383333
326,RegionA,301.517667,118.48233299999998
326,RegionB,300.218667,109.78133300000002
326,RegionC,326.672667,78.32733300000001
326,RegionD,231.041333,488.958667
326,RegionE,221.120667,338.879333
326,RegionF,228.899,311.101
327,RegionA,234.217333,185.782667
327,RegionB,289.567333,120.43266699999998
327,RegionC,286.490333,118.50966699999998
327,RegionD,151.011333,568.988667
327,RegionE,190.768667,369.231333
327,RegionF,188.055,351.945
328,RegionA,197.703,222.297
328,RegionB,213.928,196.072
328,RegionC,247.776667,157.223333
328,RegionD,146.558,573.442
328,RegionE,163.110333,396.88966700000003
328,RegionF,155.366667,384.633333
329,RegionA,208.077,211.923
329,RegionB,227.295,182.705
329,RegionC,214.288,190.712
329,RegionD,158.078,561.922
329,RegionE,123.383667,436.616333
329,RegionF,126.991333,413.008667
330,RegionA,203.475333,216.524667
330,RegionB,216.369333,193.630667
330,RegionC,233.74,171.26
330,RegionD,193.468667,526.531333
330,RegionE,127.054,432.946
330,RegionF,171.536333,368.463667
331,RegionA,208.63,211.37
331,RegionB,194.391333,215.608667
331,RegionC,248.508,156.492
331,RegionD,166.482667,553.517333
331,RegionE,121.507667,438.49233300000003
331,RegionF,182.764667,357.23533299999997
332,RegionA,249.657,170.343
332,RegionB,204.545333,205.454667
332,RegionC,244.853333,160.146667
332,RegionD,194.108,525.892
332,RegionE,170.550333,389.449667
332,RegionF,173.973333,366.026667
333,RegionA,227.523333,192.476667
333,RegionB,248.831,161.169
333,RegionC,271.647667,133.352333
333,RegionD,184.646667,535.353333
333,RegionE,210.444,349.55600000000004
333,RegionF,166.235667,373.76433299999997
334,RegionA,267.234,152.76600000000002
334,RegionB,276.862,133.13799999999998
334,RegionC,253.667333,151.332667
334,RegionD,204.998333,515.001667
334,RegionE,235.317333,324.68266700000004
334,RegionF,209.013,330.98699999999997
335,RegionA,281.659333,138.340667
335,RegionB,316.946667,93.05333300000001
335,RegionC,321.408333,83.59166699999997
335,RegionD,251.703333,468.296667
335,RegionE,253.943,306.057
335,RegionF,273.473333,266.526667
336,RegionA,346.449667,73.55033300000002
336,RegionB,306.496,103.50400000000002
336,RegionC,355.867333,49.132667000000026
336,RegionD,273.125333,446.874667
336,RegionE,340.969333,219.030667
336,RegionF,317.15,222.85000000000002
337,RegionA,338.328667,81.671333
337,RegionB,351.111,58.88900000000001
337,RegionC,361.106667,43.893332999999984
337,RegionD,310.811,409.189
337,RegionE,395.88,164.12
337,RegionF,327.349333,212.650667
338,RegionA,364.808,55.19200000000001
338,RegionB,375.302667,34.697333000000015
338,RegionC,382.519,22.480999999999995
338,RegionD,268.642,451.358
338,RegionE,385.68,174.32
338,RegionF,359.603333,180.39666699999998
339,RegionA,368.409,51.59100000000001
339,RegionB,377.723,32.27699999999999
339,RegionC,382.102667,22.897333000000003
339,RegionD,349.506,370.494
339,RegionE,404.904667,155.09533299999998
339,RegionF,406.03,133.97000000000003
340,RegionA,384.814333,35.185667000000024
340,RegionB,382.858667,27.141332999999975
340,RegionC,378.050667,26.949333000000024
340,RegionD,401.303333,318.696667
340,RegionE,436.34,123.66000000000003
340,RegionF,416.884667,123.11533300000002
341,RegionA,395.694667,24.30533300000002
341,RegionB,383.326667,26.673333000000014
341,RegionC,364.551667,40.44833299999999
341,RegionD,410.132,309.868
341,RegionE,418.574333,141.42566699999998
341,RegionF,405.173333,134.826667
342,RegionA,396.757333,23.242666999999983
342,RegionB,364.861,45.13900000000001
342,RegionC,362.901333,42.09866699999998
342,RegionD,409.585333,310.414667
342,RegionE,401.026667,158.97333300000003
342,RegionF,377.578,162.42200000000003
343,RegionA,399.224,20.77600000000001
343,RegionB,373.444,36.55599999999998
343,RegionC,368.812667,36.187333000000024
343,RegionD,413.853667,306.146333
343,RegionE,391.542,168.45800000000003
343,RegionF,376.696667,163.303333
344,RegionA,399.534667,20.465332999999987
344,RegionB,373.748667,36.25133299999999
344,RegionC,378.544667,26.455332999999996
344,RegionD,350.15,369.85
344,RegionE,411.791333,148.208667
344,RegionF,365.391667,174.60833300000002
345,RegionA,398.825333,21.174667
345,RegionB,375.704,34.29599999999999
345,RegionC,377.766667,27.233333000000016
345,RegionD,317.225,402.775
345,RegionE,351.048667,208.95133299999998
345,RegionF,351.568667,188.431333
346,RegionA,378.576,41.42399999999998
346,RegionB,375.84,34.160000000000025
346,RegionC,378.334,26.665999999999997
346,RegionD,274.023333,445.976667
346,RegionE,322.288,237.712
346,RegionF,301.51,238.49
347,RegionA,349.283667,70.71633300000002
347,RegionB,365.635,44.36500000000001
347,RegionC,359.157667,45.842332999999996
347,RegionD,229.111333,490.888667
347,RegionE,272.891333,287.108667
347,RegionF,278.015333,261.984667
348,RegionA,334.205667,85.794333
348,RegionB,325.140667,84.85933299999999
348,RegionC,329.298,75.702
348,RegionD,211.885333,508.114667
348,RegionE,227.392667,332.60733300000004
348,RegionF,301.428,238.572
349,RegionA,319.000333,100.99966699999999
349,RegionB,305.279667,104.72033299999998
349,RegionC,303.821,101.17899999999997
349,RegionD,203.617667,516.382333
349,RegionE,214.464333,345.535667
349,RegionF,270.033,269.967
350,RegionA,291.553667,128.44633299999998
350,RegionB,248.33,161.67
350,RegionC,292.59,112.41000000000003
350,RegionD,166.494333,553.505667
350,RegionE,205.549333,354.450667
350,RegionF,243.614333,296.385667
351,RegionA,279.579333,140.42066699999998
351,RegionB,222.916,187.084
351,RegionC,273.086,131.914
351,RegionD,166.377,553.623
351,RegionE,156.694,403.30600000000004
351,RegionF,233.980333,306.019667
352,RegionA,254.182,165.818
352,RegionB,195.283333,214.716667
352,RegionC,235.589333,169.410667
352,RegionD,150.113667,569.886333
352,RegionE,184.834333,375.165667
352,RegionF,188.020667,351.979333
353,RegionA,207.522,212.478
353,RegionB,201.824667,208.175333
353,RegionC,243.07,161.93
353,RegionD,164.021,555.979
353,RegionE,182.76,377.24
353,RegionF,141.471333,398.52866700000004
354,RegionA,210.108667,209.891333
354,RegionB,202.551333,207.448667
354,RegionC,225.276,179.724
354,RegionD,159.55,560.45
354,RegionE,189.814,370.18600000000004
354,RegionF,122.291333,417.708667
355,RegionA,262.698,157.30200000000002
355,RegionB,219.573333,190.426667
355,RegionC,212.661,192.339
355,RegionD,169.013333,550.986667
355,RegionE,152.337333,407.662667
355,RegionF,132.645,407.355
356,RegionA,207.882667,212.117333
356,RegionB,214.709333,195.290667
356,RegionC,219.169333,185.830667
356,RegionD,153.461,566.539
356,RegionE,207.482,352.51800000000003
356,RegionF,76.784667,463.215333
357,RegionA,260.096667,159.90333299999998
357,RegionB,255.189333,154.810667
357,RegionC,247.343333,157.656667
357,RegionD,173.183667,546.816333
357,RegionE,218.223,341.777
357,RegionF,107.939333,432.06066699999997
358,RegionA,278.93,141.07
358,RegionB,264.457,145.543
358,RegionC,277.97,127.02999999999997
358,RegionD,180.566,539.434
358,RegionE,241.126667,318.873333
358,RegionF,157.394,382.606
359,RegionA,319.194333,100.80566700000003
359,RegionB,294.144667,115.85533299999997
359,RegionC,292.976,112.024
359,RegionD,245.983,474.017
359,RegionE,278.602667,281.397333
359,RegionF,198.503333,341.496667
360,RegionA,375.569333,44.43066700000003
360,RegionB,298.071333,111.92866700000002
360,RegionC,374.483,30.516999999999996
360,RegionD,288.116667,431.883333
360,RegionE,301.333333,258.666667
360,RegionF,188.929333,351.07066699999996
361,RegionA,367.203333,52.796667000000014
361,RegionB,357.893333,52.106667000000016
361,RegionC,346.235,58.764999999999986
361,RegionD,299.34,420.66
361,RegionE,377.541,182.459
361,RegionF,212.17,327.83000000000004
362,RegionA,376.594667,43.405332999999985
362,RegionB,365.724,44.27600000000001
362,RegionC,370.508,34.49200000000002
362,RegionD,304.343333,415.656667
362,RegionE,335.757333,224.24266699999998
362,RegionF,272.184,267.816
363,RegionA,391.35,28.649999999999977
363,RegionB,363.808,46.19200000000001
363,RegionC,370.44,34.56
363,RegionD,332.727,387.273
363,RegionE,386.326,173.67399999999998
363,RegionF,303.616667,236.383333
364,RegionA,368.353667,51.64633300000003
364,RegionB,375.179333,34.820667000000014
364,RegionC,360.382667,44.617332999999974
364,RegionD,342.350667,377.649333
364,RegionE,435.223333,124.77666699999997
364,RegionF,417.63,122.37
365,RegionA,358.645333,61.354667000000006
365,RegionB,376.074667,33.92533300000002
365,RegionC,358.12,46.879999999999995
365,RegionD,328.856,391.144
365,RegionE,451.021333,108.97866699999997
365,RegionF,414.634667,125.36533300000002
366,RegionA,348.724,71.27600000000001
366,RegionB,362.001333,47.99866700000001
366,RegionC,354.238667,50.76133299999998
366,RegionD,341.253333,378.746667
366,RegionE,428.540667,131.45933300000002
366,RegionF,431.372667,108.62733300000002
367,RegionA,361.284333,58.715666999999996
367,RegionB,361.630667,48.36933299999998
367,RegionC,356.445333,48.554666999999995
367,RegionD,335.699667,384.300333
367,RegionE,426.682,133.31799999999998
367,RegionF,416.114,123.88600000000002
368,RegionA,362.226667,57.77333299999998
368,RegionB,338.129333,71.87066700000003
368,RegionC,363.648,41.351999999999975
368,RegionD,372.196667,347.803333
368,RegionE,364.66,195.33999999999997
368,RegionF,407.699667,132.30033300000002
369,RegionA,360.665333,59.334667000000024
369,RegionB,342.573333,67.42666700000001
369,RegionC,367.42,37.579999999999984
369,RegionD,325.305333,394.694667
369,RegionE,346.72,213.27999999999997
369,RegionF,381.952667,158.04733299999998
370,RegionA,340.380667,79.61933299999998
370,RegionB,345.759333,64.24066699999997
370,RegionC,371.051333,33.948667
370,RegionD,275.757667,444.242333
370,RegionE,306.248333,253.751667
370,RegionF,353.010667,186.989333
371,RegionA,318.361667,101.63833299999999
371,RegionB,350.001,59.999000000000024
371,RegionC,377.586667,27.413333000000023
371,RegionD,183.026667,536.973333
371,RegionE,297.721333,262.278667
371,RegionF,320.778667,219.22133300000002
372,RegionA,318.775667,101.224333
372,RegionB,333.984667,76.015333
372,RegionC,355.032667,49.967332999999996
372,RegionD,180.024667,539.975333
372,RegionE,286.008333,273.991667
372,RegionF,286.071667,253.928333
373,RegionA,293.248,126.75200000000001
373,RegionB,341.295333,68.70466699999997
373,RegionC,324.19,80.81
373,RegionD,153.375,566.625
373,RegionE,291.936,268.064
373,RegionF,272.490333,267.509667
374,RegionA,277.871667,142.128333
374,RegionB,301.877667,108.12233300000003
374,RegionC,318.530667,86.469333
374,RegionD,240.648333,479.351667
374,RegionE,259.900667,300.099333
374,RegionF,249.735333,290.26466700000003
375,RegionA,263.403667,156.59633300000002
375,RegionB,269.533667,140.46633300000002
375,RegionC,273.528,131.47199999999998
375,RegionD,242.538333,477.46166700000003
375,RegionE,222.626,337.374
375,RegionF,190.252,349.748
376,RegionA,219.939333,200.060667
376,RegionB,241.017333,168.982667
376,RegionC,235.521333,169.478667
376,RegionD,220.160667,499.839333
376,RegionE,205.231667,354.768333
376,RegionF,187.266,352.73400000000004
377,RegionA,206.796333,213.203667
377,RegionB,233.02,176.98
377,RegionC,226.738667,178.261333
377,RegionD,200.04,519.96
377,RegionE,181.671333,378.328667
377,RegionF,183.786,356.214
378,RegionA,215.313333,204.686667
378,RegionB,235.114,174.886
378,RegionC,210.378667,194.621333
378,RegionD,200.67,519.33
378,RegionE,158.807667,401.19233299999996
378,RegionF,188.365333,351.63466700000004
379,RegionA,243.97,176.03
379,RegionB,211.914667,198.085333
379,RegionC,229.759333,175.240667
379,RegionD,143.759333,576.240667
379,RegionE,173.476,386.524
379,RegionF,196.114667,343.885333
380,RegionA,236.666667,183.333333
380,RegionB,223.798667,186.201333
380,RegionC,210.708333,194.291667
380,RegionD,101.161667,618.838333
380,RegionE,198.393333,361.606667
380,RegionF,213.143333,326.856667
381,RegionA,239.637333,180.362667
381,RegionB,285.306667,124.693333
381,RegionC,239.614667,165.385333
381,RegionD,116.801333,603.198667
381,RegionE,218.533333,341.46666700000003
381,RegionF,185.586333,354.41366700000003
382,RegionA,276.411667,143.58833299999998
382,RegionB,259.794,150.20600000000002
382,RegionC,237.445333,167.554667
382,RegionD,60.080333,659.919667
382,RegionE,229.970667,330.029333
382,RegionF,195.343333,344.65666699999997
383,RegionA,299.477667,120.522333
383,RegionB,310.266667,99.73333300000002
383,RegionC,287.358,117.642
383,RegionD,81.891667,638.108333
383,RegionE,246.574667,313.425333
383,RegionF,184.79,355.21000000000004
384,RegionA,343.566,76.43400000000003
384,RegionB,346.135,63.86500000000001
384,RegionC,295.206667,109.79333300000002
384,RegionD,161.492,558.508
384,RegionE,327.946,232.05399999999997
384,RegionF,247.143333,292.856667
385,RegionA,352.476667,67.52333299999998
385,RegionB,377.474667,32.52533299999999
385,RegionC,294.380667,110.61933299999998
385,RegionD,228.613333,491.386667
385,RegionE,363.333333,196.66666700000002
385,RegionF,299.394,240.606
386,RegionA,395.797,24.202999999999975
386,RegionB,385.445,24.555000000000007
386,RegionC,338.773333,66.22666700000002
386,RegionD,267.912333,452.087667
386,RegionE,389.9,170.10000000000002
386,RegionF,331.386667,208.613333
387,RegionA,386.681333,33.318667000000005
387,RegionB,390.707667,19.292332999999985
387,RegionC,354.450667,50.54933299999999
387,RegionD,278.021,441.979
387,RegionE,361.337333,198.662667
387,RegionF,381.024,158.976
388,RegionA,382.453333,37.546667000000014
388,RegionB,390.646667,19.35333300000002
388,RegionC,368.58,36.420000000000016
388,RegionD,284.816667,435.183333
388,RegionE,366.826667,193.173333
388,RegionF,433.432667,106.56733300000002
389,RegionA,394.200667,25.79933299999999
389,RegionB,384.929333,25.070667000000014
389,RegionC,380.232,24.767999999999972
389,RegionD,316.999667,403.000333
389,RegionE,369.904333,190.095667
389,RegionF,403.551333,136.448667
390,RegionA,384.741333,35.258667
390,RegionB,387.233333,22.766666999999984
390,RegionC,381.328333,23.671667000000014
390,RegionD,329.62,390.38
390,RegionE,386.853333,173.14666699999998
390,RegionF,388.517333,151.482667
391,RegionA,384.323333,35.67666700000001
391,RegionB,386.410667,23.58933300000001
391,RegionC,381.792667,23.207333000000006
391,RegionD,313.399333,406.600667
391,RegionE,396.178,163.822
391,RegionF,380.95,159.05
392,RegionA,394.836667,25.163333000000023
392,RegionB,387.748,22.25200000000001
392,RegionC,382.612,22.387999999999977
392,RegionD,311.233667,408.766333
392,RegionE,395.464,164.536
392,RegionF,369.92,170.07999999999998
393,RegionA,393.007333,26.992666999999983
393,RegionB,388.379,21.62099999999998
393,RegionC,383.233333,21.766666999999984
393,RegionD,273.122333,446.877667
393,RegionE,373.787333,186.212667
393,RegionF,348.259333,191.74066699999997
394,RegionA,392.94,27.060000000000002
394,RegionB,388.350667,21.649333000000013
394,RegionC,384.777333,20.222667
394,RegionD,274.407667,445.592333
394,RegionE,339.46,220.54000000000002
394,RegionF,275.409333,264.590667
395,RegionA,376.520333,43.479667000000006
395,RegionB,373.93,36.06999999999999
395,RegionC,373.311333,31.68866700000001
395,RegionD,264.796,455.204
395,RegionE,306.224,253.776
395,RegionF,249.042,290.95799999999997
396,RegionA,332.456667,87.54333300000002
396,RegionB,352.979667,57.020332999999994
396,RegionC,345.265333,59.734667
396,RegionD,324.731,395.269
396,RegionE,294.260667,265.739333
396,RegionF,219.639667,320.36033299999997
397,RegionA,334.435333,85.56466699999999
397,RegionB,314.989667,95.010333
397,RegionC,343.318333,61.681667000000004
397,RegionD,325.436333,394.563667
397,RegionE,273.681,286.319
397,RegionF,215.05,324.95
398,RegionA,314.691,105.30900000000003
398,RegionB,304.387667,105.61233299999998
398,RegionC,314.797333,90.20266700000002
398,RegionD,280.189,439.811
398,RegionE,230.244,329.756
398,RegionF,193.818,346.182
399,RegionA,292.033,127.96699999999998
399,RegionB,295.046333,114.953667
399,RegionC,279.529,125.471
399,RegionD,231.084667,488.91533300000003
399,RegionE,201.639,358.361
399,RegionF,173.108,366.892
400,RegionA,221.808667,198.191333
400,RegionB,252.396667,157.603333
400,RegionC,260.480667,144.51933300000002
400,RegionD,161.924667,558.075333
400,RegionE,158.483,401.517
400,RegionF,177.529667,362.470333
401,RegionA,221.551333,198.448667
401,RegionB,223.678,186.322
401,RegionC,219.812667,185.187333
401,RegionD,163.211,556.789
401,RegionE,148.060667,411.93933300000003
401,RegionF,172.338667,367.661333
402,RegionA,213.535667,206.464333
402,RegionB,237.516667,172.483333
402,RegionC,235.233333,169.766667
402,RegionD,168.88,551.12
402,RegionE,169.16,390.84000000000003
402,RegionF,96.058,443.942
403,RegionA,238.322,181.678
403,RegionB,245.006333,164.993667
403,RegionC,201.466,203.534
403,RegionD,103.234,616.766
403,RegionE,203.030667,356.969333
403,RegionF,97.628333,442.371667
404,RegionA,241.19,178.81
404,RegionB,254.046667,155.953333
404,RegionC,185.836667,219.163333
404,RegionD,124.514,595.486
404,RegionE,187.699667,372.300333
404,RegionF,131.847,408.153
405,RegionA,249.548,170.452
405,RegionB,258.068333,151.931667
405,RegionC,180.842,224.158
405,RegionD,164.4,555.6
405,RegionE,214.682667,345.31733299999996
405,RegionF,200.647333,339.352667
406,RegionA,261.408333,158.59166699999997
406,RegionB,271.630667,138.36933299999998
406,RegionC,263.138667,141.861333
406,RegionD,145.49,574.51
406,RegionE,217.175667,342.824333
406,RegionF,220.314667,319.685333
407,RegionA,313.120333,106.87966699999998
407,RegionB,312.804,97.19600000000003
407,RegionC,295.302,109.69799999999998
407,RegionD,223.418,496.582
407,RegionE,259.02,300.98
407,RegionF,242.074667,297.925333
408,RegionA,327.041,92.959
408,RegionB,308.322333,101.67766699999999
408,RegionC,304.206333,100.79366700000003
408,RegionD,224.018667,495.981333
408,RegionE,278.96,281.04
408,RegionF,291.751333,248.248667
409,RegionA,355.794,64.20600000000002
409,RegionB,325.088333,84.91166700000002
409,RegionC,330.868,74.132
409,RegionD,249.833667,470.166333
409,RegionE,294.784,265.216
409,RegionF,299.07,240.93
410,RegionA,378.012,41.988
410,RegionB,361.990333,48.00966699999998
410,RegionC,341.236667,63.76333299999999
410,RegionD,327.156,392.844
410,RegionE,362.043333,197.95666699999998
410,RegionF,353.186,186.81400000000002
411,RegionA,369.277,50.72300000000001
411,RegionB,362.024667,47.97533299999998
411,RegionC,356.652667,48.34733299999999
411,RegionD,326.057333,393.942667
411,RegionE,370.094,189.906
411,RegionF,372.339333,167.660667
412,RegionA,368.462667,51.53733299999999
412,RegionB,371.111667,38.88833299999999
412,RegionC,359.033333,45.96666699999997
412,RegionD,384.041333,335.958667
412,RegionE,402.206667,157.79333300000002
412,RegionF,369.338667,170.661333
413,RegionA,379.570667,40.429332999999986
413,RegionB,374.627667,35.372333000000026
413,RegionC,359.878333,45.121667
413,RegionD,378.056,341.944
413,RegionE,371.89,188.11
413,RegionF,392.976,147.024
414,RegionA,384.366,35.634000000000015
414,RegionB,378.158667,31.84133300000002
414,RegionC,350.76,54.24000000000001
414,RegionD,279.829333,440.170667
414,RegionE,358.506667,201.493333
414,RegionF,388.032,151.96800000000002
415,RegionA,387.704667,32.29533300000003
415,RegionB,378.092,31.908000000000015
415,RegionC,362.757333,42.24266699999998
415,RegionD,305.16,414.84
415,RegionE,381.892333,178.107667
415,RegionF,418.73,121.26999999999998
416,RegionA,392.313333,27.686667
416,RegionB,377.995667,32.004332999999974
416,RegionC,370.817667,34.18233300000003
416,RegionD,306.470667,413.529333
416,RegionE,389.826667,170.173333
416,RegionF,372.94,167.06
417,RegionA,388.27,31.730000000000018
417,RegionB,381.713,28.286999999999978
417,RegionC,368.410333,36.58966700000002
417,RegionD,289.671667,430.328333
417,RegionE,346.334,213.666
417,RegionF,364.496,175.50400000000002
418,RegionA,386.234333,33.76566700000001
418,RegionB,382.128667,27.871332999999993
418,RegionC,370.32,34.68000000000001
418,RegionD,302.122,417.878
418,RegionE,370.046667,189.953333
418,RegionF,340.268333,199.73166700000002
419,RegionA,351.455333,68.544667
419,RegionB,372.786333,37.21366699999999
419,RegionC,373.171,31.829000000000008
419,RegionD,265.802,454.198
419,RegionE,304.191333,255.808667
419,RegionF,300.849,239.151
420,RegionA,324.434,95.56599999999997
420,RegionB,333.129,76.87099999999998
420,RegionC,355.020667,49.979333
420,RegionD,267.135333,452.864667
420,RegionE,350.440667,209.55933299999998
420,RegionF,300.672333,239.32766700000002
421,RegionA,323.861333,96.138667
421,RegionB,318.528,91.47199999999998
421,RegionC,312.843,92.15699999999998
421,RegionD,215.065,504.935
421,RegionE,277.33,282.67
421,RegionF,298.269667,241.73033299999997
422,RegionA,295.296333,124.703667
422,RegionB,314.491,95.50900000000001
422,RegionC,289.932,115.06799999999998
422,RegionD,168.260333,551.739667
422,RegionE,258.845333,301.154667
422,RegionF,256.606667,283.393333
423,RegionA,253.718667,166.281333
423,RegionB,272.007333,137.99266699999998
423,RegionC,280.735,124.26499999999999
423,RegionD,107.725,612.275
423,RegionE,230.02,329.98
423,RegionF,204.309667,335.690333
424,RegionA,224.337,195.663
424,RegionB,253.136667,156.863333
424,RegionC,209.923333,195.076667
424,RegionD,110.172333,609.827667
424,RegionE,201.460667,358.539333
424,RegionF,148.714,391.286
425,RegionA,214.421333,205.578667
425,RegionB,209.829333,200.170667
425,RegionC,211.151,193.849
425,RegionD,115.792333,604.207667
425,RegionE,183.088,376.91200000000003
425,RegionF,117.111333,422.888667
426,RegionA,221.636667,198.363333
426,RegionB,208.496,201.504
426,RegionC,236.57,168.43
426,RegionD,132.723333,587.276667
426,RegionE,172.337667,387.662333
426,RegionF,145.08,394.91999999999996
427,RegionA,209.187333,210.812667
427,RegionB,208.031667,201.968333
427,RegionC,239.079333,165.920667
427,RegionD,109.877333,610.122667
427,RegionE,226.633333,333.366667
427,RegionF,161.674667,378.325333
428,RegionA,227.030667,192.969333
428,RegionB,191.918,218.082
428,RegionC,232.102,172.898
428,RegionD,94.444667,625.555333
428,RegionE,258.73,301.27
428,RegionF,159.995,380.005
429,RegionA,234.335333,185.664667
429,RegionB,267.898667,142.101333
429,RegionC,248.32,156.68
429,RegionD,98.850333,621.149667
429,RegionE,255.310333,304.689667
429,RegionF,128.918667,411.081333
430,RegionA,276.937333,143.06266699999998
430,RegionB,264.72,145.27999999999997
430,RegionC,276.921667,128.078333
430,RegionD,89.569667,630.430333
430,RegionE,236.671333,323.328667
430,RegionF,230.998,309.002
431,RegionA,306.526,113.47399999999999
431,RegionB,294.144,115.856
431,RegionC,296.731333,108.268667
431,RegionD,89.822667,630.177333
431,RegionE,246.932,313.068
431,RegionF,276.32,263.68
432,RegionA,340.491333,79.508667
432,RegionB,338.951,71.04899999999998
432,RegionC,342.675333,62.32466699999998
432,RegionD,172.366,547.634
432,RegionE,260.856,299.144
432,RegionF,297.093,242.90699999999998
433,RegionA,391.781333,28.218666999999982
433,RegionB,383.314667,26.685333000000014
433,RegionC,335.365333,69.63466699999998
433,RegionD,261.444667,458.555333
433,RegionE,293.748667,266.251333
433,RegionF,269.241333,270.758667
434,RegionA,372.866,47.134000000000015
434,RegionB,389.142667,20.857332999999983
434,RegionC,340.440333,64.55966699999999
434,RegionD,296.758667,423.241333
434,RegionE,318.896,241.10399999999998
434,RegionF,291.512,248.488
435,RegionA,327.721333,92.27866699999998
435,RegionB,388.890667,21.109332999999992
435,RegionC,342.270333,62.729667000000006
435,RegionD,352.31,367.69
435,RegionE,358.056,201.94400000000002
435,RegionF,336.842333,203.157667
436,RegionA,330.833333,89.16666700000002
436,RegionB,377.384,32.615999999999985
436,RegionC,354.364,50.636000000000024
436,RegionD,394.068,325.932
436,RegionE,394.008,165.99200000000002
436,RegionF,348.028667,191.97133300000002
437,RegionA,320.074667,99.92533300000002
437,RegionB,375.686,34.31400000000002
437,RegionC,346.924333,58.07566700000001
437,RegionD,389.742333,330.257667
437,RegionE,455.326,104.67399999999998
437,RegionF,388.689333,151.31066700000002
438,RegionA,312.764333,107.23566699999998
438,RegionB,373.621333,36.37866700000001
438,RegionC,370.023333,34.97666700000002
438,RegionD,426.727667,293.272333
438,RegionE,427.766667,132.23333300000002
438,RegionF,384.208,155.79199999999997
439,RegionA,334.818667,85.181333
439,RegionB,381.088333,28.911667000000023
439,RegionC,370.440667,34.55933299999998
439,RegionD,380.862333,339.137667
439,RegionE,441.55,118.44999999999999
439,RegionF,391.018667,148.981333
440,RegionA,346.623667,73.37633299999999
440,RegionB,382.9,27.100000000000023
440,RegionC,372.823667,32.176333
440,RegionD,363.625,356.375
440,RegionE,402.250667,157.74933299999998
440,RegionF,362.804,177.19600000000003
441,RegionA,367.290667,52.709333000000015
441,RegionB,379.241333,30.758667000000003
441,RegionC,379.479333,25.520667000000003
441,RegionD,328.91,391.09
441,RegionE,347.12,212.88
441,RegionF,365.918,174.082
442,RegionA,364.644667,55.35533299999997
442,RegionB,386.150333,23.84966700000001
442,RegionC,385.857333,19.142667000000017
442,RegionD,288.603333,431.396667
442,RegionE,329.902667,230.097333
442,RegionF,329.987333,210.01266700000002
443,RegionA,338.566333,81.43366700000001
443,RegionB,387.926667,22.07333299999999
443,RegionC,350.428667,54.57133299999998
443,RegionD,273.889667,446.110333
443,RegionE,283.296,276.704
443,RegionF,311.354,228.64600000000002
444,RegionA,332.228667,87.77133300000003
444,RegionB,355.111667,54.88833299999999
444,RegionC,342.225,62.77499999999998
444,RegionD,237.003333,482.996667
444,RegionE,295.428667,264.571333
444,RegionF,268.413333,271.586667
445,RegionA,294.091667,125.90833300000003
445,RegionB,330.665667,79.33433300000002
445,RegionC,331.684667,73.31533300000001
445,RegionD,178.776667,541.223333
445,RegionE,263.261333,296.738667
445,RegionF,243.805667,296.19433300000003
446,RegionA,286.770333,133.229667
446,RegionB,321.239,88.76100000000002
446,RegionC,306.642667,98.35733299999998
446,RegionD,165.898667,554.1013330000001
446,RegionE,265.367667,294.632333
446,RegionF,216.637333,323.362667
447,RegionA,248.602333,171.397667
447,RegionB,279.016667,130.98333300000002
447,RegionC,277.828333,127.17166700000001
447,RegionD,128.082,591.918
447,RegionE,229.892667,330.10733300000004
447,RegionF,181.668667,358.331333
448,RegionA,227.884667,192.115333
448,RegionB,257.699333,152.30066699999998
448,RegionC,233.07,171.93
448,RegionD,155.258333,564.741667
448,RegionE,172.06,387.94
448,RegionF,163.298333,376.701667
449,RegionA,194.521333,225.478667
449,RegionB,191.13,218.87
449,RegionC,212.858,192.142
449,RegionD,132.409,587.591
449,RegionE,179.092,380.908
449,RegionF,154.722,385.278
450,RegionA,183.503333,236.496667
450,RegionB,197.689,212.311
450,RegionC,220.194,184.806
450,RegionD,169.986,550.014
450,RegionE,192.113333,367.886667
450,RegionF,142.06,397.94
451,RegionA,191.94,228.06
451,RegionB,188.22,221.78
451,RegionC,229.872,175.128
451,RegionD,177.341667,542.658333
451,RegionE,169.89,390.11
451,RegionF,138.894667,401.105333
452,RegionA,250.352,169.648
452,RegionB,200.944667,209.055333
452,RegionC,282.068,122.93200000000002
452,RegionD,191.004667,528.995333
452,RegionE,183.774,376.226
452,RegionF,197.722,342.278
453,RegionA,216.848,203.152
453,RegionB,214.688,195.312
453,RegionC,232.634,172.366
453,RegionD,209.165333,510.83466699999997
453,RegionE,166.784333,393.215667
453,RegionF,195.932667,344.06733299999996
454,RegionA,261.819333,158.18066700000003
454,RegionB,259.012333,150.987667
454,RegionC,262.01,142.99
454,RegionD,228.88,491.12
454,RegionE,222.677333,337.322667
454,RegionF,226.244,313.756
455,RegionA,282.593333,137.40666700000003
455,RegionB,293.231,116.769
455,RegionC,291.241667,113.758333
455,RegionD,203.212667,516.787333
455,RegionE,257.078,302.922
455,RegionF,282.515,257.485
456,RegionA,331.999,88.00099999999998
456,RegionB,331.634333,78.36566699999997
456,RegionC,326.954,78.04599999999999
456,RegionD,236.183667,483.816333
456,RegionE,283.284667,276.715333
456,RegionF,302.172667,237.827333
457,RegionA,349.46,70.54000000000002
457,RegionB,365.790667,44.209333000000015
457,RegionC,366.733333,38.266666999999984
457,RegionD,295.448,424.552
457,RegionE,379.029333,180.970667
457,RegionF,328.153333,211.84666700000002
458,RegionA,381.902667,38.09733299999999
458,RegionB,369.493333,40.50666699999999
458,RegionC,372.98,32.01999999999998
458,RegionD,351.136667,368.863333
458,RegionE,376.58,183.42000000000002
458,RegionF,354.301333,185.698667
459,RegionA,381.582,38.418000000000006
459,RegionB,375.363,34.637
459,RegionC,377.234667,27.765333
459,RegionD,342.787333,377.212667
459,RegionE,357.386667,202.613333
459,RegionF,411.123,128.877
460,RegionA,381.469333,38.530666999999994
460,RegionB,384.843333,25.156667000000027
460,RegionC,383.865,21.13499999999999
460,RegionD,341.348333,378.651667
460,RegionE,422.410667,137.589333
460,RegionF,399.01,140.99
461,RegionA,391.164,28.836000000000013
461,RegionB,386.738667,23.26133299999998
461,RegionC,383.925,21.07499999999999
461,RegionD,377.273333,342.726667
461,RegionE,422.468667,137.53133300000002
461,RegionF,433.815,106.185
462,RegionA,391.938667,28.06133299999999
462,RegionB,389.140667,20.859332999999992
462,RegionC,376.978667,28.021333000000027
462,RegionD,342.379333,377.620667
462,RegionE,410.181333,149.818667
462,RegionF,445.87,94.13
463,RegionA,387.982667,32.01733300000001
463,RegionB,390.426667,19.57333299999999
463,RegionC,385.159333,19.840666999999996
463,RegionD,366.632667,353.367333
463,RegionE,450.073333,109.92666700000001
463,RegionF,399.293333,140.70666699999998
464,RegionA,389.134667,30.86533300000002
464,RegionB,389.705,20.295000000000016
464,RegionC,387.054667,17.945333000000005
464,RegionD,379.354,340.646
464,RegionE,409.925333,150.07466699999998
464,RegionF,401.631,138.36900000000003
465,RegionA,390.56,29.439999999999998
465,RegionB,390.37,19.629999999999995
465,RegionC,387.373333,17.626666999999998
465,RegionD,294.809667,425.190333
465,RegionE,400.596,159.404
465,RegionF,362.591333,177.40866699999998
466,RegionA,391.244667,28.755333000000007
466,RegionB,377.671667,32.328332999999986
466,RegionC,387.628,17.372000000000014
466,RegionD,251.477667,468.522333
466,RegionE,369.283,190.71699999999998
466,RegionF,324.166333,215.833667
467,RegionA,349.568,70.43200000000002
467,RegionB,375.170667,34.82933300000002
467,RegionC,374.48,30.519999999999982
467,RegionD,239.156,480.844
467,RegionE,347.887333,212.112667
467,RegionF,276.518667,263.481333
468,RegionA,328.254667,91.74533300000002
468,RegionB,290.884,119.11599999999999
468,RegionC,339.71,65.29000000000002
468,RegionD,229.16,490.84000000000003
468,RegionE,344.9,215.10000000000002
468,RegionF,258.063333,281.936667
469,RegionA,319.802667,100.19733300000001
469,RegionB,307.754333,102.24566700000003
469,RegionC,328.464,76.536
469,RegionD,170.355333,549.644667
469,RegionE,311.136333,248.86366700000002
469,RegionF,261.657333,278.342667
470,RegionA,290.776333,129.22366699999998
470,RegionB,275.456667,134.54333300000002
470,RegionC,311.205,93.79500000000002
470,RegionD,136.112333,583.887667
470,RegionE,297.455667,262.544333
470,RegionF,253.946333,286.053667
471,RegionA,270.906333,149.09366699999998
471,RegionB,246.455,163.545
471,RegionC,258.795333,146.20466699999997
471,RegionD,124.300333,595.699667
471,RegionE,235.096333,324.90366700000004
471,RegionF,235.875667,304.124333
472,RegionA,241.010333,178.989667
472,RegionB,218.314667,191.685333
472,RegionC,233.187667,171.812333
472,RegionD,108.084,611.9159999999999
472,RegionE,181.264667,378.73533299999997
472,RegionF,160.373667,379.626333
473,RegionA,235.301333,184.698667
473,RegionB,206.700667,203.299333
473,RegionC,233.996,171.004
473,RegionD,126.638,593.362
473,RegionE,167.231667,392.768333
473,RegionF,146.918,393.082
474,RegionA,199.228667,220.771333
474,RegionB,187.257,222.743
474,RegionC,226.832,178.168
474,RegionD,136.116333,583.8836670000001
474,RegionE,114.218667,445.781333
474,RegionF,142.799333,397.200667
475,RegionA,197.923333,222.076667
475,RegionB,206.555333,203.444667
475,RegionC,226.322,178.678
475,RegionD,189.751,530.249
475,RegionE,122.384667,437.615333
475,RegionF,116.404,423.596
476,RegionA,251.795333,168.204667
476,RegionB,239.970667,170.029333
476,RegionC,222.488,182.512
476,RegionD,169.412667,550.587333
476,RegionE,198.232667,361.767333
476,RegionF,129.745,410.255
477,RegionA,240.81,179.19
477,RegionB,196.763,213.237
477,RegionC,219.573333,185.426667
477,RegionD,172.202333,547.797667
477,RegionE,155.073333,404.926667
477,RegionF,142.813333,397.186667
478,RegionA,300.529333,119.47066699999999
478,RegionB,254.175333,155.824667
478,RegionC,258.586,146.414
478,RegionD,266.988333,453.011667
478,RegionE,201.498,358.502
478,RegionF,222.630667,317.369333
479,RegionA,304.281333,115.71866699999998
479,RegionB,291.663333,118.33666699999998
479,RegionC,265.604667,139.395333
479,RegionD,266.427333,453.572667
479,RegionE,250.4,309.6
479,RegionF,292.962,247.038
480,RegionA,337.567333,82.43266699999998
480,RegionB,313.771333,96.22866699999997
480,RegionC,319.116333,85.883667
480,RegionD,248.337333,471.662667
480,RegionE,268.366,291.634
480,RegionF,270.65,269.35
481,RegionA,394.233333,25.766666999999984
481,RegionB,335.062,74.93799999999999
481,RegionC,348.540333,56.459667000000024
481,RegionD,271.986667,448.013333
481,RegionE,292.681333,267.318667
481,RegionF,295.098333,244.90166699999997
482,RegionA,396.713667,23.286333000000013
482,RegionB,357.778,52.22199999999998
482,RegionC,377.483,27.516999999999996
482,RegionD,280.478,439.522
482,RegionE,308.406667,251.59333299999997
482,RegionF,343.766667,196.23333300000002
483,RegionA,398.933333,21.066666999999995
483,RegionB,361.98,48.01999999999998
483,RegionC,380.568,24.432000000000016
483,RegionD,288.685,431.315
483,RegionE,385.313333,174.686667
483,RegionF,390.444667,149.55533300000002
484,RegionA,372.304,47.696000000000026
484,RegionB,367.721,42.278999999999996
484,RegionC,337.213333,67.78666700000002
484,RegionD,330.117333,389.882667
484,RegionE,387.773333,172.22666700000002
484,RegionF,317.629,222.37099999999998
485,RegionA,375.808667,44.191332999999986
485,RegionB,377.493333,32.50666699999999
485,RegionC,360.749333,44.25066700000002
485,RegionD,381.327333,338.672667
485,RegionE,391.478333,168.52166699999998
485,RegionF,356.28,183.72000000000003
486,RegionA,388.515,31.485000000000014
486,RegionB,378.329667,31.670333000000028
486,RegionC,349.549333,55.45066700000001
486,RegionD,388.562,331.438
486,RegionE,392.523333,167.47666700000002
486,RegionF,337.966,202.034
487,RegionA,388.54,31.45999999999998
487,RegionB,376.759,33.240999999999985
487,RegionC,332.262667,72.73733299999998
487,RegionD,393.02,326.98
487,RegionE,398.817333,161.18266699999998
487,RegionF,308.645,231.35500000000002
488,RegionA,392.787333,27.21266700000001
488,RegionB,364.86,45.139999999999986
488,RegionC,334.495333,70.50466699999998
488,RegionD,406.355333,313.644667
488,RegionE,428.749333,131.25066700000002
488,RegionF,295.186,244.81400000000002
489,RegionA,395.138,24.862000000000023
489,RegionB,361.783333,48.21666699999997
489,RegionC,345.086667,59.91333300000002
489,RegionD,386.876667,333.123333
489,RegionE,386.128,173.872
489,RegionF,328.18,211.82
490,RegionA,398.586667,21.413333000000023
490,RegionB,365.162667,44.837333
490,RegionC,349.758333,55.24166700000001
490,RegionD,303.69,416.31
490,RegionE,310.708667,249.291333
490,RegionF,322.363333,217.636667
491,RegionA,362.033333,57.96666699999997
491,RegionB,357.099333,52.900667
491,RegionC,327.73,77.26999999999998
491,RegionD,264.713333,455.286667
491,RegionE,262.802,297.198
491,RegionF,301.286,238.714
492,RegionA,353.04,66.95999999999998
492,RegionB,299.523,110.47699999999998
492,RegionC,329.954667,75.04533300000003
492,RegionD,224.742333,495.25766699999997
492,RegionE,261.891333,298.108667
492,RegionF,297.022667,242.977333
493,RegionA,334.72,85.27999999999997
493,RegionB,286.904667,123.09533299999998
493,RegionC,310.883,94.11700000000002
493,RegionD,255.124667,464.875333
493,RegionE,213.583333,346.41666699999996
493,RegionF,301.391667,238.60833300000002
494,RegionA,297.824,122.17599999999999
494,RegionB,290.166,119.834
494,RegionC,303.768667,101.231333
494,RegionD,243.116,476.884
494,RegionE,173.843667,386.156333
494,RegionF,244.763667,295.236333
495,RegionA,248.539667,171.460333
495,RegionB,251.895,158.105
495,RegionC,270.92,134.07999999999998
495,RegionD,226.920333,493.079667
495,RegionE,194.234,365.76599999999996
495,RegionF,246.251333,293.748667
496,RegionA,234.359333,185.640667
496,RegionB,192.906667,217.093333
496,RegionC,224.150667,180.849333
496,RegionD,193.317,526.683
496,RegionE,173.728667,386.271333
496,RegionF,218.61,321.39
497,RegionA,200.879667,219.120333
497,RegionB,198.28,211.72
497,RegionC,224.63,180.37
497,RegionD,151.35,568.65
497,RegionE,185.706667,374.29333299999996
497,RegionF,166.124667,373.875333
498,RegionA,219.563,200.437
498,RegionB,207.980333,202.019667
498,RegionC,201.484333,203.515667
498,RegionD,170.209333,549.790667
498,RegionE,158.21,401.78999999999996
498,RegionF,188.86,351.14
499,RegionA,171.081667,248.918333
499,RegionB,229.523333,180.476667
499,RegionC,209.285,195.715
499,RegionD,178.782,541.218
499,RegionE,151.492667,408.507333
499,RegionF,148.127333,391.872667
500,RegionA,208.008333,211.991667
500,RegionB,226.886667,183.113333
500,RegionC,221.520667,183.479333
500,RegionD,173.05,546.95
500,RegionE,157.54,402.46000000000004
500,RegionF,186.688,353.312
501,RegionA,214.72,205.28
501,RegionB,251.566333,158.433667
501,RegionC,248.48,156.52
501,RegionD,233.713333,486.28666699999997
501,RegionE,208.131667,351.868333
501,RegionF,182.102,357.898
502,RegionA,258.723333,161.27666699999997
502,RegionB,273.045,136.95499999999998
502,RegionC,257.551667,147.448333
502,RegionD,261.213333,458.786667
502,RegionE,261.339,298.661
502,RegionF,217.262,322.738
503,RegionA,294.686667,125.313333
503,RegionB,309.954333,100.04566699999998
503,RegionC,291.128,113.87200000000001
503,RegionD,201.915,518.085
503,RegionE,298.480667,261.519333
503,RegionF,202.668667,337.331333
504,RegionA,311.745333,108.25466699999998
504,RegionB,377.920667,32.07933300000002
504,RegionC,316.375,88.625
504,RegionD,271.328,448.672
504,RegionE,321.604,238.39600000000002
504,RegionF,243.466,296.534
505,RegionA,360.885333,59.114667
505,RegionB,327.761333,82.23866700000002
505,RegionC,375.515667,29.484332999999992
505,RegionD,278.597,441.403
505,RegionE,306.35,253.64999999999998
505,RegionF,268.95,271.05
506,RegionA,379.406333,40.59366699999998
506,RegionB,364.026667,45.973333000000025
506,RegionC,381.377,23.62299999999999
506,RegionD,283.22,436.78
506,RegionE,312.304667,247.695333
506,RegionF,317.057333,222.94266699999997
507,RegionA,391.110667,28.889333000000022
507,RegionB,358.310667,51.689332999999976
507,RegionC,381.392,23.608000000000004
507,RegionD,279.036,440.964
507,RegionE,317.293333,242.70666699999998
507,RegionF,334.127333,205.87266699999998
508,RegionA,374.78,45.22000000000003
508,RegionB,349.864,60.136000000000024
508,RegionC,382.969333,22.030666999999994
508,RegionD,321.951333,398.048667
508,RegionE,346.851667,213.14833299999998
508,RegionF,383.548667,156.45133299999998
509,RegionA,370.323,49.67700000000002
509,RegionB,357.039667,52.96033299999999
509,RegionC,384.117333,20.882667000000026
509,RegionD,360.967333,359.032667
509,RegionE,357.342333,202.657667
509,RegionF,335.091333,204.90866699999998
510,RegionA,364.65,55.35000000000002
510,RegionB,365.226333,44.77366699999999
510,RegionC,380.443,24.557000000000016
510,RegionD,323.387333,396.612667
510,RegionE,369.485333,190.51466699999997
510,RegionF,415.295,124.70499999999998
511,RegionA,374.166667,45.83333299999998
511,RegionB,381.444667,28.55533300000002
511,RegionC,377.429,27.571000000000026
511,RegionD,360.064667,359.935333
511,RegionE,398.277333,161.722667
511,RegionF,400.939333,139.06066700000002
512,RegionA,379.266667,40.733333000000016
512,RegionB,373.459333,36.540666999999985
512,RegionC,379.558333,25.441666999999995
512,RegionD,340.237,379.763
512,RegionE,403.09,156.91000000000003
512,RegionF,365.02,174.98000000000002
513,RegionA,388.874667,31.125333000000012
513,RegionB,374.902,35.09800000000001
513,RegionC,382.617333,22.382667000000026
513,RegionD,338.209333,381.790667
513,RegionE,385.048,174.952
513,RegionF,329.818,210.18200000000002
514,RegionA,367.318333,52.681667000000004
514,RegionB,373.595,36.40499999999997
514,RegionC,380.516667,24.483333000000016
514,RegionD,342.208667,377.791333
514,RegionE,378.084,181.916
514,RegionF,375.482667,164.517333
515,RegionA,361.264667,58.735333000000026
515,RegionB,355.761667,54.23833300000001
515,RegionC,383.52,21.480000000000018
515,RegionD,254.978,465.022
515,RegionE,293.551333,266.448667
515,RegionF,335.392,204.608
516,RegionA,319.463333,100.53666700000002
516,RegionB,334.551333,75.448667
516,RegionC,338.25,66.75
516,RegionD,267.606667,452.393333
516,RegionE,284.502,275.498
516,RegionF,311.652,228.348
517,RegionA,319.092667,100.907333
517,RegionB,315.806,94.19400000000002
517,RegionC,327.856333,77.143667
517,RegionD,295.875667,424.124333
517,RegionE,293.994,266.006
517,RegionF,269.390333,270.609667
518,RegionA,273.413333,146.58666699999998
518,RegionB,299.494333,110.50566700000002
518,RegionC,310.124333,94.87566700000002
518,RegionD,250.880333,469.119667
518,RegionE,309.738667,250.26133299999998
518,RegionF,251.064667,288.935333
519,RegionA,255.782333,164.217667
519,RegionB,276.370667,133.62933299999997
519,RegionC,266.624333,138.37566700000002
519,RegionD,253.54,466.46000000000004
519,RegionE,235.162,324.83799999999997
519,RegionF,246.997,293.003
520,RegionA,217.833667,202.166333
520,RegionB,235.458333,174.541667
520,RegionC,219.115,185.885
520,RegionD,194.815,525.185
520,RegionE,193.326667,366.673333
520,RegionF,169.816333,370.183667
521,RegionA,212.293333,207.706667
521,RegionB,194.153333,215.846667
521,RegionC,225.646,179.354
521,RegionD,187.633333,532.366667
521,RegionE,129.193333,430.806667
521,RegionF,158.343333,381.65666699999997
522,RegionA,163.530333,256.46966699999996
522,RegionB,202.48,207.52
522,RegionC,195.773,209.227
522,RegionD,156.34,563.66
522,RegionE,118.152,441.848
522,RegionF,172.838667,367.161333
523,RegionA,195.031667,224.968333
523,RegionB,214.340667,195.659333
523,RegionC,215.522,189.478
523,RegionD,186.748,533.252
523,RegionE,185.248,374.752
523,RegionF,162.29,377.71000000000004
524,RegionA,219.498333,200.501667
524,RegionB,239.500667,170.499333
524,RegionC,241.123,163.877
524,RegionD,161.100667,558.8993330000001
524,RegionE,191.09,368.90999999999997
524,RegionF,174.778,365.222
525,RegionA,258.183333,161.816667
525,RegionB,228.031667,181.968333
525,RegionC,224.602667,180.397333
525,RegionD,213.147333,506.852667
525,RegionE,222.070667,337.92933300000004
525,RegionF,176.960667,363.039333
526,RegionA,272.36,147.64
526,RegionB,220.205667,189.794333
526,RegionC,245.654667,159.345333
526,RegionD,221.18,498.82
526,RegionE,223.604,336.39599999999996
526,RegionF,233.636667,306.363333
527,RegionA,307.515,112.48500000000001
527,RegionB,253.167333,156.832667
527,RegionC,270.798,134.202
527,RegionD,264.792333,455.207667
527,RegionE,267.562667,292.437333
527,RegionF,270.531333,269.468667
528,RegionA,308.888667,111.111333
528,RegionB,301.840667,108.159333
528,RegionC,306.843333,98.15666700000003
528,RegionD,285.962667,434.037333
528,RegionE,311.874333,248.12566700000002
528,RegionF,285.251667,254.748333
529,RegionA,344.999333,75.00066700000002
529,RegionB,371.61,38.389999999999986
529,RegionC,341.028667,63.971333000000016
529,RegionD,280.600333,439.399667
529,RegionE,344.946667,215.053333
529,RegionF,350.83,189.17000000000002
530,RegionA,382.234667,37.765333
530,RegionB,379.18,30.819999999999993
530,RegionC,316.496667,88.503333
530,RegionD,293.958,426.042
530,RegionE,362.618333,197.381667
530,RegionF,366.100667,173.899333
531,RegionA,382.309,37.690999999999974
531,RegionB,379.647,30.35300000000001
531,RegionC,355.600333,49.39966700000002
531,RegionD,299.038333,420.961667
531,RegionE,342.608667,217.39133299999997
531,RegionF,414.748333,125.251667
532,RegionA,396.072333,23.927666999999985
532,RegionB,380.407667,29.592332999999996
532,RegionC,364.617333,40.382667000000026
532,RegionD,326.444667,393.555333
532,RegionE,360.115,199.885
532,RegionF,414.888,125.11200000000002
533,RegionA,385.848333,34.151666999999975
533,RegionB,381.549333,28.45066700000001
533,RegionC,346.228,58.77199999999999
533,RegionD,348.16,371.84
533,RegionE,440.878667,119.12133299999999
533,RegionF,427.586,112.41399999999999
534,RegionA,373.201333,46.79866700000002
534,RegionB,377.245333,32.75466699999998
534,RegionC,351.198667,53.801333
534,RegionD,325.528,394.472
534,RegionE,446.193333,113.806667
534,RegionF,392.975,147.02499999999998
535,RegionA,349.793333,70.20666699999998
535,RegionB,378.803667,31.19633299999998
535,RegionC,341.512667,63.48733299999998
535,RegionD,393.847333,326.152667
535,RegionE,394.12,165.88
535,RegionF,409.238333,130.761667
536,RegionA,348.701,71.29899999999998
536,RegionB,370.879333,39.120667000000026
536,RegionC,361.24,43.75999999999999
536,RegionD,418.689333,301.310667
536,RegionE,408.915,151.08499999999998
536,RegionF,400.386667,139.613333
537,RegionA,369.242333,50.757667000000026
537,RegionB,372.052,37.94799999999998
537,RegionC,352.605333,52.39466700000003
537,RegionD,392.741333,327.258667
537,RegionE,405.316667,154.683333
537,RegionF,364.372667,175.62733300000002
538,RegionA,375.330667,44.669332999999995
538,RegionB,375.787667,34.212333
538,RegionC,363.849,41.15100000000001
538,RegionD,337.437333,382.562667
538,RegionE,381.848,178.152
538,RegionF,285.426667,254.573333
539,RegionA,370.893,49.10700000000003
539,RegionB,321.892667,88.10733299999998
539,RegionC,333.295333,71.70466699999997
539,RegionD,251.170667,468.829333
539,RegionE,280.582667,279.417333
539,RegionF,331.37,208.63
540,RegionA,330.359333,89.64066700000001
540,RegionB,296.746,113.25400000000002
540,RegionC,324.433333,80.566667
540,RegionD,318.265333,401.734667
540,RegionE,296.82,263.18
540,RegionF,297.386667,242.613333
541,RegionA,327.224667,92.77533299999999
541,RegionB,288.216333,121.78366699999998
541,RegionC,290.881667,114.118333
541,RegionD,291.177333,428.822667
541,RegionE,276.868,283.132
541,RegionF,264.369,275.631
542,RegionA,317.314333,102.68566700000002
542,RegionB,280.012,129.988
542,RegionC,270.242,134.75799999999998
542,RegionD,295.214667,424.785333
542,RegionE,235.362667,324.637333
542,RegionF,250.512,289.488
543,RegionA,271.119333,148.88066700000002
543,RegionB,273.034333,136.965667
543,RegionC,212.273,192.727
543,RegionD,214.963333,505.03666699999997
543,RegionE,207.509667,352.49033299999996
543,RegionF,199.349,340.651
544,RegionA,249.696667,170.303333
544,RegionB,247.462667,162.537333
544,RegionC,214.642333,190.357667
544,RegionD,162.091333,557.908667
544,RegionE,132.696667,427.303333
544,RegionF,124.917667,415.082333
545,RegionA,226.774,193.226
545,RegionB,227.978,182.022
545,RegionC,198.317333,206.682667
545,RegionD,140.446667,579.5533330000001
545,RegionE,74.651333,485.348667
545,RegionF,132.342,407.658
546,RegionA,230.750333,189.249667
546,RegionB,218.61,191.39
546,RegionC,221.206,183.794
546,RegionD,161.824333,558.175667
546,RegionE,53.826,506.174
546,RegionF,141.49,398.51
547,RegionA,191.380667,228.619333
547,RegionB,227.479333,182.520667
547,RegionC,232.496667,172.503333
547,RegionD,77.826667,642.173333
547,RegionE,45.676667,514.323333
547,RegionF,170.386667,369.613333
548,RegionA,236.476,183.524
548,RegionB,233.398,176.602
548,RegionC,228.543333,176.456667
548,RegionD,100.469,619.531
548,RegionE,104.25,455.75
548,RegionF,180.344667,359.65533300000004
549,RegionA,241.448,178.552
549,RegionB,264.114,145.88600000000002
549,RegionC,243.623333,161.376667
549,RegionD,177.097,542.903
549,RegionE,122.746,437.254
549,RegionF,204.045333,335.954667
550,RegionA,293.987667,126.01233300000001
550,RegionB,257.42,152.57999999999998
550,RegionC,267.31,137.69
550,RegionD,195.57,524.4300000000001
550,RegionE,146.573333,413.426667
550,RegionF,266.864,273.136
551,RegionA,287.56,132.44
551,RegionB,300.858,109.142
551,RegionC,292.522333,112.477667
551,RegionD,237.175333,482.824667
551,RegionE,217.480333,342.519667
551,RegionF,293.12,246.88
552,RegionA,315.507,104.493
552,RegionB,358.99,51.00999999999999
552,RegionC,326.126,78.87400000000002
552,RegionD,255.445,464.555
552,RegionE,304.992667,255.00733300000002
552,RegionF,285.391333,254.60866700000003
553,RegionA,331.818,88.18200000000002
553,RegionB,346.168333,63.83166699999998
553,RegionC,382.612333,22.38766700000002
553,RegionD,294.02,425.98
553,RegionE,359.509333,200.49066699999997
553,RegionF,303.94,236.06
554,RegionA,372.414,47.58600000000001
554,RegionB,381.390667,28.609332999999992
554,RegionC,386.521333,18.478666999999973
554,RegionD,315.828667,404.171333
554,RegionE,362.236667,197.763333
554,RegionF,367.354667,172.645333
555,RegionA,378.221333,41.778666999999984
555,RegionB,373.657333,36.342667000000006
555,RegionC,369.99,35.00999999999999
555,RegionD,322.899333,397.100667
555,RegionE,415.353333,144.64666699999998
555,RegionF,327.326,212.67399999999998
556,RegionA,381.878667,38.12133299999999
556,RegionB,361.629333,48.370667000000026
556,RegionC,385.58,19.420000000000016
556,RegionD,341.788,378.212
556,RegionE,377.88,182.12
556,RegionF,295.105333,244.89466700000003
557,RegionA,381.432,38.567999999999984
557,RegionB,365.752,44.24799999999999
557,RegionC,373.168333,31.83166699999998
557,RegionD,373.346667,346.653333
557,RegionE,399.36,160.64
557,RegionF,323.626333,216.373667
558,RegionA,377.510667,42.48933299999999
558,RegionB,380.289667,29.71033299999999
558,RegionC,372.24,32.75999999999999
558,RegionD,396.685333,323.314667
558,RegionE,378.924,181.07600000000002
558,RegionF,370.925333,169.07466699999998
559,RegionA,373.238667,46.76133299999998
559,RegionB,378.0,32.0
559,RegionC,369.629333,35.370667000000026
559,RegionD,429.347333,290.652667
559,RegionE,400.377667,159.62233300000003
559,RegionF,354.471333,185.52866699999998
560,RegionA,388.942,31.057999999999993
560,RegionB,378.869333,31.130667000000017
560,RegionC,358.642,46.358000000000004
560,RegionD,405.913333,314.086667
560,RegionE,395.304667,164.695333
560,RegionF,359.393,180.60700000000003
561,RegionA,391.602,28.398000000000025
561,RegionB,385.783333,24.216666999999973
561,RegionC,355.749333,49.25066700000002
561,RegionD,414.490667,305.509333
561,RegionE,365.45,194.55
561,RegionF,339.379333,200.62066700000003
562,RegionA,374.548,45.452
562,RegionB,384.312333,25.687666999999976
562,RegionC,363.917333,41.082667000000015
562,RegionD,334.904,385.096
562,RegionE,335.006,224.99400000000003
562,RegionF,371.354,168.64600000000002
563,RegionA,345.886667,74.11333300000001
563,RegionB,359.824667,50.17533300000002
563,RegionC,356.451667,48.548333000000014
563,RegionD,264.943333,455.056667
563,RegionE,332.594667,227.40533299999998
563,RegionF,370.842667,169.157333
564,RegionA,332.142667,87.85733299999998
564,RegionB,340.542,69.45800000000003
564,RegionC,314.372,90.62799999999999
564,RegionD,238.774667,481.225333
564,RegionE,305.97,254.02999999999997
564,RegionF,299.754,240.24599999999998
565,RegionA,318.234333,101.76566700000001
565,RegionB,338.809333,71.19066700000002
565,RegionC,309.989333,95.01066700000001
565,RegionD,194.414,525.586
565,RegionE,259.383333,300.616667
565,RegionF,257.804667,282.195333
566,RegionA,270.850667,149.149333
566,RegionB,308.247,101.75299999999999
566,RegionC,294.293,110.707
566,RegionD,156.249,563.751
566,RegionE,265.131,294.869
566,RegionF,258.833,281.167
567,RegionA,244.692333,175.307667
567,RegionB,293.576667,116.42333300000001
567,RegionC,279.268333,125.73166700000002
567,RegionD,100.394,619.606
567,RegionE,245.675333,314.324667
567,RegionF,236.918,303.082
568,RegionA,198.507,221.493
568,RegionB,249.5,160.5
568,RegionC,229.511,175.489
568,RegionD,139.860667,580.139333
568,RegionE,191.234333,368.765667
568,RegionF,206.839667,333.16033300000004
569,RegionA,196.224,223.776
569,RegionB,200.294667,209.705333
569,RegionC,234.507333,170.492667
569,RegionD,109.486667,610.513333
569,RegionE,212.983,347.017
569,RegionF,233.800667,306.199333
570,RegionA,201.489333,218.510667
570,RegionB,206.762667,203.237333
570,RegionC,181.859333,223.140667
570,RegionD,114.313333,605.6866669999999
570,RegionE,196.1,363.9
570,RegionF,214.53,325.47
571,RegionA,191.047333,228.952667
571,RegionB,211.159667,198.840333
571,RegionC,183.99,221.01
571,RegionD,116.753333,603.246667
571,RegionE,171.156667,388.84333300000003
571,RegionF,204.891333,335.10866699999997
572,RegionA,198.974667,221.025333
572,RegionB,240.728333,169.271667
572,RegionC,219.213333,185.786667
572,RegionD,194.289667,525.710333
572,RegionE,177.854,382.14599999999996
572,RegionF,203.763333,336.236667
573,RegionA,224.322667,195.677333
573,RegionB,242.33,167.67
573,RegionC,247.12,157.88
573,RegionD,198.313333,521.6866669999999
573,RegionE,169.21,390.78999999999996
573,RegionF,226.006667,313.993333
574,RegionA,231.068,188.932
574,RegionB,292.652667,117.34733299999999
574,RegionC,289.932667,115.06733300000002
574,RegionD,209.122,510.878
574,RegionE,171.94,388.06
574,RegionF,226.142667,313.85733300000004
575,RegionA,280.804,139.19600000000003
575,RegionB,285.058,124.94200000000001
575,RegionC,296.805333,108.19466699999998
575,RegionD,212.448667,507.551333
575,RegionE,228.537,331.46299999999997
575,RegionF,256.928,283.072
576,RegionA,298.194667,121.80533300000002
576,RegionB,305.448667,104.551333
576,RegionC,343.46,61.54000000000002
576,RegionD,253.58,466.41999999999996
576,RegionE,250.256667,309.743333
576,RegionF,304.308667,235.691333
577,RegionA,333.674,86.32600000000002
577,RegionB,350.797333,59.20266700000002
577,RegionC,377.383,27.61700000000002
577,RegionD,275.108667,444.891333
577,RegionE,310.102,249.89800000000002
577,RegionF,292.5,247.5
578,RegionA,367.865333,52.13466699999998
578,RegionB,359.2,50.80000000000001
578,RegionC,379.916333,25.08366699999999
578,RegionD,357.07,362.93
578,RegionE,348.932,211.06799999999998
578,RegionF,381.821333,158.17866700000002
579,RegionA,376.328667,43.671333000000004
579,RegionB,360.113333,49.88666699999999
579,RegionC,382.944,22.055999999999983
579,RegionD,383.599333,336.400667
579,RegionE,388.137667,171.86233299999998
579,RegionF,368.396,171.60399999999998
580,RegionA,387.814667,32.185333000000014
580,RegionB,360.522667,49.47733299999999
580,RegionC,366.630667,38.36933299999998
580,RegionD,429.25,290.75
580,RegionE,381.72,178.27999999999997
580,RegionF,417.697667,122.30233299999998
581,RegionA,386.840333,33.15966700000001
581,RegionB,380.358333,29.641666999999984
581,RegionC,365.777333,39.222667
581,RegionD,427.011333,292.988667
581,RegionE,441.384,118.61599999999999
581,RegionF,375.685,164.315
582,RegionA,375.075333,44.924667
582,RegionB,366.712,43.28800000000001
582,RegionC,365.904,39.096000000000004
582,RegionD,424.900333,295.099667
582,RegionE,438.704667,121.29533300000003
582,RegionF,389.837667,150.162333
583,RegionA,381.030333,38.969667000000015
583,RegionB,365.967667,44.032332999999994
583,RegionC,364.872667,40.12733300000002
583,RegionD,408.04,311.96
583,RegionE,442.651333,117.34866699999998
583,RegionF,397.027333,142.972667
584,RegionA,383.030667,36.969333000000006
584,RegionB,367.898,42.101999999999975
584,RegionC,363.458667,41.54133300000001
584,RegionD,411.957333,308.042667
584,RegionE,432.560667,127.43933299999998
584,RegionF,417.916667,122.08333299999998
585,RegionA,386.516,33.48399999999998
585,RegionB,371.005333,38.99466699999999
585,RegionC,361.062667,43.937333000000024
585,RegionD,382.636667,337.363333
585,RegionE,382.556667,177.443333
585,RegionF,432.06,107.94
586,RegionA,387.545333,32.45466699999997
586,RegionB,387.104667,22.895332999999994
586,RegionC,374.732,30.267999999999972
586,RegionD,331.186667,388.813333
586,RegionE,350.28,209.72000000000003
586,RegionF,331.458333,208.54166700000002
587,RegionA,339.426,80.57400000000001
587,RegionB,369.956,40.04399999999998
587,RegionC,330.742667,74.25733300000002
587,RegionD,344.42,375.58
587,RegionE,322.096,237.904
587,RegionF,304.794,235.20600000000002
588,RegionA,327.025,92.97500000000002
588,RegionB,362.588667,47.41133300000001
588,RegionC,322.05,82.94999999999999
588,RegionD,207.832,512.168
588,RegionE,307.889,252.111
588,RegionF,255.547333,284.452667
589,RegionA,325.208333,94.79166700000002
589,RegionB,327.632333,82.36766699999998
589,RegionC,291.29,113.70999999999998
589,RegionD,183.840667,536.1593330000001
589,RegionE,290.378,269.622
589,RegionF,252.441333,287.558667
590,RegionA,314.332667,105.66733299999999
590,RegionB,298.147667,111.85233299999999
590,RegionC,281.217,123.78300000000002
590,RegionD,161.893667,558.106333
590,RegionE,291.373,268.627
590,RegionF,248.287667,291.712333
591,RegionA,277.565,142.435
591,RegionB,258.522,151.478
591,RegionC,228.656667,176.343333
591,RegionD,138.819,581.181
591,RegionE,250.15,309.85
591,RegionF,238.352,301.648
592,RegionA,247.566667,172.433333
592,RegionB,233.370667,176.629333
592,RegionC,210.804,194.196
592,RegionD,134.070333,585.929667
592,RegionE,194.049333,365.950667
592,RegionF,212.936,327.06399999999996
593,RegionA,230.771333,189.228667
593,RegionB,206.731333,203.268667
593,RegionC,211.638,193.362
593,RegionD,136.738,583.262
593,RegionE,153.385333,406.614667
593,RegionF,163.006667,376.993333
594,RegionA,229.896333,190.103667
594,RegionB,191.658,218.342
594,RegionC,192.062,212.938
594,RegionD,140.655333,579.344667
594,RegionE,127.982667,432.017333
594,RegionF,184.141,355.85900000000004
595,RegionA,212.974,207.026
595,RegionB,199.343667,210.656333
595,RegionC,191.09,213.91
595,RegionD,163.6,556.4
595,RegionE,132.456667,427.54333299999996
595,RegionF,161.308,378.692
596,RegionA,229.144667,190.855333
596,RegionB,229.206667,180.793333
596,RegionC,169.616,235.384
596,RegionD,144.844667,575.155333
596,RegionE,162.751333,397.248667
596,RegionF,187.421,352.579
597,RegionA,248.215333,171.784667
597,RegionB,257.919,152.08100000000002
597,RegionC,205.159,199.841
597,RegionD,188.688,531.312
597,RegionE,191.625,368.375
597,RegionF,169.786667,370.21333300000003
598,RegionA,263.687333,156.31266699999998
598,RegionB,235.236667,174.763333
598,RegionC,225.560667,179.439333
598,RegionD,168.426,551.5740000000001
598,RegionE,258.011333,301.988667
598,RegionF,247.004,292.996
599,RegionA,304.735333,115.26466699999997
599,RegionB,279.246667,130.753333
599,RegionC,276.360667,128.63933300000002
599,RegionD,180.026,539.9739999999999
599,RegionE,258.09,301.91
599,RegionF,287.045333,252.95466699999997
600,RegionA,330.256,89.74400000000003
600,RegionB,309.759333,100.24066699999997
600,RegionC,301.561667,103.438333
600,RegionD,225.660667,494.339333
600,RegionE,312.276667,247.72333300000003
600,RegionF,258.262667,281.737333
601,RegionA,362.074,57.92599999999999
601,RegionB,362.547,47.452999999999975
601,RegionC,357.474333,47.525667
601,RegionD,253.75,466.25
601,RegionE,319.686333,240.313667
601,RegionF,271.585333,268.414667
602,RegionA,386.580667,33.419332999999995
602,RegionB,366.543,43.456999999999994
602,RegionC,366.026333,38.97366699999998
602,RegionD,300.300667,419.699333
602,RegionE,348.412667,211.587333
602,RegionF,321.398,218.60199999999998
603,RegionA,381.118,38.882000000000005
603,RegionB,371.769,38.230999999999995
603,RegionC,364.055667,40.94433299999997
603,RegionD,276.464667,443.535333
603,RegionE,349.075,210.925
603,RegionF,366.928,173.072
604,RegionA,381.952,38.048
604,RegionB,370.846667,39.153332999999975
604,RegionC,378.760667,26.239332999999988
604,RegionD,321.170333,398.829667
604,RegionE,362.034,197.966
604,RegionF,404.306667,135.693333
605,RegionA,380.265667,39.73433299999999
605,RegionB,361.719,48.281000000000006
605,RegionC,382.953333,22.046667000000014
605,RegionD,377.253667,342.746333
605,RegionE,368.519,191.481
605,RegionF,383.148667,156.851333
606,RegionA,383.505333,36.49466699999999
606,RegionB,364.241333,45.758667
606,RegionC,383.671667,21.328332999999986
606,RegionD,336.61,383.39
606,RegionE,399.979333,160.020667
606,RegionF,376.306667,163.693333
607,RegionA,383.541667,36.45833299999998
607,RegionB,367.838667,42.16133300000001
607,RegionC,380.837,24.16300000000001
607,RegionD,353.700333,366.299667
607,RegionE,406.432667,153.56733300000002
607,RegionF,424.261,115.73899999999998
608,RegionA,382.96,37.04000000000002
608,RegionB,367.616667,42.38333299999999
608,RegionC,383.628,21.372000000000014
608,RegionD,288.119333,431.880667
608,RegionE,372.28,187.72000000000003
608,RegionF,410.893,129.10700000000003
609,RegionA,370.457667,49.542332999999985
609,RegionB,371.374333,38.62566700000002
609,RegionC,381.566333,23.433667000000014
609,RegionD,290.165667,429.834333
609,RegionE,343.588,216.41199999999998
609,RegionF,393.274667,146.72533299999998
610,RegionA,360.116667,59.88333299999999
610,RegionB,353.217667,56.782332999999994
610,RegionC,382.233,22.766999999999996
610,RegionD,257.081333,462.918667
610,RegionE,348.130333,211.869667
610,RegionF,336.672,203.32799999999997
611,RegionA,335.06,84.94
611,RegionB,341.141333,68.85866700000003
611,RegionC,368.34,36.660000000000025
611,RegionD,290.185,429.815
611,RegionE,320.99,239.01
611,RegionF,268.946667,271.053333
612,RegionA,357.299333,62.70066700000001
612,RegionB,322.756,87.24400000000003
612,RegionC,333.815333,71.18466699999999
612,RegionD,254.438,465.562
612,RegionE,253.348333,306.651667
612,RegionF,205.96,334.03999999999996
613,RegionA,320.456,99.54399999999998
613,RegionB,294.097667,115.902333
613,RegionC,298.468,106.53199999999998
613,RegionD,265.759,454.241
613,RegionE,208.243333,351.756667
613,RegionF,205.993,334.007
614,RegionA,305.611667,114.38833299999999
614,RegionB,295.087333,114.912667
614,RegionC,290.016,114.98399999999998
614,RegionD,214.317,505.683
614,RegionE,188.811,371.18899999999996
614,RegionF,200.659667,339.340333
615,RegionA,269.726667,150.27333299999998
615,RegionB,281.964667,128.03533299999998
615,RegionC,259.247333,145.75266699999997
615,RegionD,201.628333,518.371667
615,RegionE,170.521333,389.478667
615,RegionF,175.860667,364.13933299999997
616,RegionA,245.516667,174.483333
616,RegionB,222.131,187.869
616,RegionC,241.202,163.798
616,RegionD,155.032,564.968
616,RegionE,152.94,407.06
616,RegionF,152.29,387.71000000000004
617,RegionA,232.728,187.272
617,RegionB,220.592667,189.407333
617,RegionC,196.366,208.634
617,RegionD,177.928333,542.0716669999999
617,RegionE,165.906,394.094
617,RegionF,160.898,379.102
618,RegionA,205.889333,214.110667
618,RegionB,211.551333,198.448667
618,RegionC,205.169333,199.830667
618,RegionD,118.683333,601.316667
618,RegionE,166.694,393.30600000000004
618,RegionF,171.834,368.166
619,RegionA,228.856667,191.143333
619,RegionB,185.998,224.002
619,RegionC,233.489,171.511
619,RegionD,152.805,567.1949999999999
619,RegionE,198.935667,361.06433300000003
619,RegionF,185.215333,354.784667
620,RegionA,219.034,200.966
620,RegionB,235.921667,174.078333
620,RegionC,216.962,188.038
620,RegionD,164.25,555.75
620,RegionE,191.102,368.898
620,RegionF,209.208333,330.79166699999996
621,RegionA,221.182667,198.817333
621,RegionB,242.482667,167.517333
621,RegionC,248.076667,156.923333
621,RegionD,154.254,565.746
621,RegionE,235.291333,324.708667
621,RegionF,252.783333,287.21666700000003
622,RegionA,273.067667,146.93233300000003
622,RegionB,290.650667,119.349333
622,RegionC,251.679,153.321
622,RegionD,215.224667,504.775333
622,RegionE,238.894,321.106
622,RegionF,224.696667,315.303333
623,RegionA,300.652667,119.34733299999999
623,RegionB,254.122,155.878
623,RegionC,286.26,118.74000000000001
623,RegionD,255.765333,464.234667
623,RegionE,248.226667,311.773333
623,RegionF,282.652333,257.347667
624,RegionA,331.647,88.35300000000001
624,RegionB,332.41,77.58999999999997
624,RegionC,327.518667,77.481333
624,RegionD,255.6,464.4
624,RegionE,237.865333,322.13466700000004
624,RegionF,277.292,262.708
625,RegionA,372.129333,47.870667000000026
625,RegionB,325.422333,84.57766700000002
625,RegionC,348.293333,56.70666699999998
625,RegionD,276.290667,443.709333
625,RegionE,275.729333,284.270667
625,RegionF,305.656,234.344
626,RegionA,389.7,30.30000000000001
626,RegionB,370.467,39.533000000000015
626,RegionC,353.247,51.752999999999986
626,RegionD,319.078667,400.921333
626,RegionE,308.79,251.20999999999998
626,RegionF,344.303333,195.696667
627,RegionA,372.461333,47.538666999999975
627,RegionB,380.561667,29.438333
627,RegionC,369.562667,35.437333000000024
627,RegionD,378.032667,341.967333
627,RegionE,299.33,260.67
627,RegionF,327.331333,212.66866700000003
628,RegionA,364.45,55.55000000000001
628,RegionB,384.000667,25.99933299999998
628,RegionC,367.68,37.31999999999999
628,RegionD,402.173333,317.826667
628,RegionE,347.658667,212.34133300000002
628,RegionF,355.878,184.122
629,RegionA,376.606,43.394000000000005
629,RegionB,389.11,20.889999999999986
629,RegionC,364.586667,40.41333300000002
629,RegionD,413.903,306.097
629,RegionE,353.056,206.94400000000002
629,RegionF,373.364,166.63600000000002
630,RegionA,387.631667,32.36833300000001
630,RegionB,388.070667,21.929332999999986
630,RegionC,368.773333,36.22666700000002
630,RegionD,369.362667,350.637333
630,RegionE,421.476667,138.52333299999998
630,RegionF,385.832,154.168
631,RegionA,390.628,29.372000000000014
631,RegionB,364.029333,45.97066699999999
631,RegionC,361.532333,43.467667000000006
631,RegionD,389.764,330.236
631,RegionE,429.496,130.50400000000002
631,RegionF,396.751333,143.248667
632,RegionA,391.667667,28.332333000000006
632,RegionB,347.269,62.730999999999995
632,RegionC,359.320333,45.679666999999995
632,RegionD,370.608,349.392
632,RegionE,396.744,163.25599999999997
632,RegionF,393.906667,146.09333299999997
633,RegionA,379.0,41.0
633,RegionB,360.392,49.608000000000004
633,RegionC,359.046,45.95400000000001
633,RegionD,380.496667,339.503333
633,RegionE,348.278333,211.72166700000002
633,RegionF,361.346667,178.65333299999998
634,RegionA,371.769333,48.23066699999998
634,RegionB,363.823,46.17700000000002
634,RegionC,365.851,39.149
634,RegionD,275.632,444.368
634,RegionE,328.968333,231.03166700000003
634,RegionF,336.674,203.32600000000002
635,RegionA,324.753333,95.246667
635,RegionB,365.874667,44.12533300000001
635,RegionC,371.253667,33.74633299999999
635,RegionD,309.488,410.512
635,RegionE,303.894,256.106
635,RegionF,253.82,286.18
636,RegionA,292.138,127.86200000000002
636,RegionB,317.182667,92.81733300000002
636,RegionC,340.499333,64.50066700000002
636,RegionD,252.905667,467.094333
636,RegionE,285.342667,274.657333
636,RegionF,232.964667,307.03533300000004
637,RegionA,297.135333,122.864667
637,RegionB,318.074667,91.92533300000002
637,RegionC,316.267667,88.73233299999998
637,RegionD,173.951333,546.048667
637,RegionE,280.626667,279.373333
637,RegionF,296.790667,243.20933300000002
638,RegionA,290.115333,129.88466699999998
638,RegionB,287.891333,122.10866700000003
638,RegionC,309.854667,95.145333
638,RegionD,210.672667,509.327333
638,RegionE,272.683667,287.316333
638,RegionF,278.833,261.167
639,RegionA,280.707333,139.292667
639,RegionB,261.166,148.834
639,RegionC,236.45,168.55
639,RegionD,161.301,558.6990000000001
639,RegionE,240.639667,319.36033299999997
639,RegionF,248.787333,291.212667
640,RegionA,239.674333,180.325667
640,RegionB,234.708,175.292
640,RegionC,212.739333,192.260667
640,RegionD,131.903667,588.096333
640,RegionE,226.249667,333.750333
640,RegionF,173.062,366.938
641,RegionA,239.991333,180.008667
641,RegionB,239.94,170.06
641,RegionC,182.657333,222.342667
641,RegionD,166.340667,553.6593330000001
641,RegionE,167.726667,392.273333
641,RegionF,190.0,350.0
642,RegionA,221.481333,198.518667
642,RegionB,210.018333,199.981667
642,RegionC,181.481333,223.518667
642,RegionD,177.627,542.373
642,RegionE,187.097333,372.902667
642,RegionF,177.608667,362.39133300000003
643,RegionA,220.674333,199.325667
643,RegionB,228.973667,181.026333
643,RegionC,221.744,183.256
643,RegionD,212.244,507.756
643,RegionE,194.056667,365.943333
643,RegionF,202.943333,337.056667
644,RegionA,234.288,185.712
644,RegionB,239.45,170.55
644,RegionC,241.482333,163.517667
644,RegionD,225.609,494.39099999999996
644,RegionE,217.569,342.43100000000004
644,RegionF,203.446667,336.553333
645,RegionA,247.554,172.446
645,RegionB,251.816,158.184
645,RegionC,236.456667,168.543333
645,RegionD,168.066667,551.933333
645,RegionE,228.102333,331.897667
645,RegionF,216.074333,323.925667
646,RegionA,276.598333,143.40166699999997
646,RegionB,254.851667,155.148333
646,RegionC,248.702667,156.297333
646,RegionD,216.884,503.116
646,RegionE,260.87,299.13
646,RegionF,226.804667,313.195333
647,RegionA,316.509,103.49099999999999
647,RegionB,270.220667,139.779333
647,RegionC,266.648667,138.351333
647,RegionD,263.607,456.393
647,RegionE,264.779,295.221
647,RegionF,274.365,265.635
648,RegionA,319.081,100.91899999999998
648,RegionB,337.45,72.55000000000001
648,RegionC,335.78,69.22000000000003
648,RegionD,289.689667,430.310333
648,RegionE,305.785667,254.214333
648,RegionF,338.449,201.551
649,RegionA,393.261667,26.73833300000001
649,RegionB,370.32,39.68000000000001
649,RegionC,346.67,58.329999999999984
649,RegionD,318.631333,401.368667
649,RegionE,303.706667,256.293333
649,RegionF,320.935333,219.064667
650,RegionA,396.242667,23.757333000000017
650,RegionB,381.596,28.403999999999996
650,RegionC,369.36,35.639999999999986
650,RegionD,333.221333,386.778667
650,RegionE,358.375,201.625
650,RegionF,374.28,165.72000000000003
651,RegionA,395.324,24.675999999999988
651,RegionB,382.044,27.956000000000017
651,RegionC,358.484667,46.515333
651,RegionD,314.438,405.562
651,RegionE,363.95,196.05
651,RegionF,354.22,185.77999999999997
652,RegionA,361.698,58.30200000000002
652,RegionB,389.265667,20.734332999999992
652,RegionC,370.312,34.68799999999999
652,RegionD,329.712667,390.287333
652,RegionE,383.247333,176.75266699999997
652,RegionF,373.973333,166.02666699999997
653,RegionA,364.353333,55.64666699999998
653,RegionB,376.637333,33.36266699999999
653,RegionC,370.818667,34.181332999999995
653,RegionD,345.137333,374.862667
653,RegionE,412.946,147.05399999999997
653,RegionF,352.945333,187.054667
654,RegionA,377.475,42.52499999999998
654,RegionB,359.517333,50.48266699999999
654,RegionC,373.96,31.04000000000002
654,RegionD,366.698,353.302
654,RegionE,418.680667,141.31933299999997
654,RegionF,386.782,153.21800000000002
655,RegionA,363.920667,56.07933300000002
655,RegionB,360.722667,49.277333
655,RegionC,383.764,21.23599999999999
655,RegionD,322.630667,397.369333
655,RegionE,350.334667,209.66533299999998
655,RegionF,399.49,140.51
656,RegionA,366.053333,53.94666699999999
656,RegionB,363.8,46.19999999999999
656,RegionC,357.477,47.523000000000025
656,RegionD,305.715,414.285
656,RegionE,370.468667,189.53133300000002
656,RegionF,375.046,164.954
657,RegionA,375.856,44.144000000000005
657,RegionB,370.468,39.53199999999998
657,RegionC,364.204667,40.79533300000003
657,RegionD,314.490667,405.509333
657,RegionE,356.191,203.80900000000003
657,RegionF,372.268,167.73200000000003
658,RegionA,368.794,51.20600000000002
658,RegionB,378.827333,31.17266699999999
658,RegionC,364.800667,40.199333000000024
658,RegionD,307.165667,412.834333
658,RegionE,337.53,222.47000000000003
658,RegionF,382.650667,157.349333
659,RegionA,323.952667,96.04733299999998
659,RegionB,355.53,54.47000000000003
659,RegionC,367.741333,37.258667
659,RegionD,231.353333,488.646667
659,RegionE,300.878333,259.121667
659,RegionF,374.146,165.85399999999998
660,RegionA,332.904333,87.09566699999999
660,RegionB,319.476333,90.52366699999999
660,RegionC,282.343333,122.65666700000003
660,RegionD,203.771333,516.228667
660,RegionE,283.211333,276.788667
660,RegionF,301.8,238.2
661,RegionA,320.515667,99.48433299999999
661,RegionB,324.289667,85.71033299999999
661,RegionC,288.936,116.06400000000002
661,RegionD,220.009,499.991
661,RegionE,296.174667,263.825333
661,RegionF,298.318,241.68200000000002
662,RegionA,308.277333,111.722667
662,RegionB,303.328,106.67200000000003
662,RegionC,252.866,152.134
662,RegionD,215.258667,504.741333
662,RegionE,256.451667,303.548333
662,RegionF,279.553333,260.446667
663,RegionA,264.647,155.353
663,RegionB,268.133667,141.866333
663,RegionC,234.462,170.538
663,RegionD,167.219,552.781
663,RegionE,242.516667,317.483333
663,RegionF,216.755333,323.244667
664,RegionA,226.631,193.369
664,RegionB,235.632333,174.367667
664,RegionC,202.038,202.962
664,RegionD,128.819667,591.180333
664,RegionE,213.206333,346.793667
664,RegionF,181.611,358.389
665,RegionA,232.884,187.116
665,RegionB,227.88,182.12
665,RegionC,198.798,206.202
665,RegionD,94.787333,625.212667
665,RegionE,235.166667,324.83333300000004
665,RegionF,114.922667,425.077333
666,RegionA,209.066,210.934
666,RegionB,194.358667,215.641333
666,RegionC,202.724,202.276
666,RegionD,123.851667,596.148333
666,RegionE,188.56,371.44
666,RegionF,109.846,430.154
667,RegionA,212.958,207.042
667,RegionB,190.814,219.186
667,RegionC,210.436667,194.563333
667,RegionD,100.187333,619.812667
667,RegionE,194.670667,365.329333
667,RegionF,140.111333,399.888667
668,RegionA,229.93,190.07
668,RegionB,235.590667,174.409333
668,RegionC,279.08,125.92000000000002
668,RegionD,125.143667,594.856333
668,RegionE,232.043333,327.95666700000004
668,RegionF,173.378,366.622
669,RegionA,258.194667,161.80533300000002
669,RegionB,255.616667,154.383333
669,RegionC,249.023667,155.976333
669,RegionD,165.668333,554.331667
669,RegionE,207.383333,352.616667
669,RegionF,168.123333,371.876667
670,RegionA,291.6,128.39999999999998
670,RegionB,277.972,132.02800000000002
670,RegionC,293.542,111.45800000000003
670,RegionD,232.573,487.427
670,RegionE,222.872,337.128
670,RegionF,248.033667,291.96633299999996
671,RegionA,300.625333,119.37466699999999
671,RegionB,288.028667,121.97133300000002
671,RegionC,325.15,79.85000000000002
671,RegionD,280.952,439.048
671,RegionE,241.332,318.668
671,RegionF,269.038667,270.961333
672,RegionA,331.586667,88.41333300000002
672,RegionB,331.6,78.39999999999998
672,RegionC,336.670667,68.32933300000002
672,RegionD,283.247,436.753
672,RegionE,260.813,299.187
672,RegionF,263.831667,276.168333
673,RegionA,379.083,40.91699999999997
673,RegionB,329.449,80.55099999999999
673,RegionC,371.429,33.571000000000026
673,RegionD,350.028667,369.971333
673,RegionE,307.134,252.86599999999999
673,RegionF,336.986667,203.013333
674,RegionA,383.804,36.196000000000026
674,RegionB,344.913,65.08699999999999
674,RegionC,383.167667,21.832333000000006
674,RegionD,328.556333,391.443667
674,RegionE,330.927333,229.07266700000002
674,RegionF,338.780667,201.219333
675,RegionA,376.182,43.817999999999984
675,RegionB,359.844,50.156000000000006
675,RegionC,380.06,24.939999999999998
675,RegionD,332.754333,387.245667
675,RegionE,337.84,222.16000000000003
675,RegionF,354.555333,185.44466699999998
676,RegionA,379.887333,40.11266699999999
676,RegionB,360.168,49.831999999999994
676,RegionC,374.44,30.560000000000002
676,RegionD,355.778667,364.221333
676,RegionE,369.079333,190.92066699999998
676,RegionF,385.606333,154.393667
677,RegionA,383.49,36.50999999999999
677,RegionB,358.918667,51.08133299999997
677,RegionC,372.969333,32.030666999999994
677,RegionD,411.560333,308.439667
677,RegionE,415.5,144.5
677,RegionF,433.3,106.69999999999999
678,RegionA,383.193333,36.806667000000004
678,RegionB,367.317333,42.68266699999998
678,RegionC,359.136333,45.86366700000002
678,RegionD,355.809,364.191
678,RegionE,425.545,134.45499999999998
678,RegionF,439.9,100.10000000000002
679,RegionA,383.645333,36.354667000000006
679,RegionB,361.754,48.24599999999998
679,RegionC,362.824333,42.175666999999976
679,RegionD,380.082,339.918
679,RegionE,390.812,169.188
679,RegionF,408.456667,131.54333300000002
680,RegionA,370.365333,49.63466699999998
680,RegionB,360.091667,49.90833300000003
680,RegionC,362.735,42.264999999999986
680,RegionD,355.86,364.14
680,RegionE,418.61,141.39
680,RegionF,386.857667,153.142333
681,RegionA,373.028667,46.971333000000016
681,RegionB,329.672333,80.32766700000002
681,RegionC,371.966667,33.03333300000003
681,RegionD,322.499333,397.500667
681,RegionE,353.146,206.85399999999998
681,RegionF,378.46,161.54000000000002
682,RegionA,363.886667,56.11333300000001
682,RegionB,344.402667,65.59733299999999
682,RegionC,385.778667,19.221333000000016
682,RegionD,294.585333,425.414667
682,RegionE,351.028333,208.97166700000002
682,RegionF,332.808,207.192
683,RegionA,369.962,50.03800000000001
683,RegionB,371.617,38.38299999999998
683,RegionC,386.760333,18.239666999999997
683,RegionD,215.664667,504.335333
683,RegionE,302.613333,257.386667
683,RegionF,275.342,264.658
684,RegionA,310.09,109.91000000000003
684,RegionB,345.140333,64.859667
684,RegionC,351.53,53.47000000000003
684,RegionD,202.841667,517.158333
684,RegionE,255.6,304.4
684,RegionF,270.821333,269.178667
685,RegionA,289.473667,130.52633300000002
685,RegionB,331.656333,78.34366699999998
685,RegionC,328.092,76.90800000000002
685,RegionD,188.568667,531.431333
685,RegionE,274.355667,285.644333
685,RegionF,277.094333,262.905667
686,RegionA,280.503,139.497
686,RegionB,300.138,109.86200000000002
686,RegionC,282.25,122.75
686,RegionD,126.969667,593.030333
686,RegionE,237.172,322.828
686,RegionF,261.104667,278.895333
687,RegionA,260.488,159.512
687,RegionB,273.863333,136.136667
687,RegionC,270.277667,134.722333
687,RegionD,164.625,555.375
687,RegionE,170.33,389.66999999999996
687,RegionF,226.535,313.46500000000003
688,RegionA,239.866333,180.133667
688,RegionB,258.758,151.24200000000002
688,RegionC,245.462667,159.537333
688,RegionD,130.536667,589.463333
688,RegionE,208.812,351.188
688,RegionF,211.236,328.764
689,RegionA,206.305667,213.694333
689,RegionB,209.016667,200.983333
689,RegionC,222.191,182.809
689,RegionD,141.772667,578.227333
689,RegionE,214.35,345.65
689,RegionF,160.481,379.519
690,RegionA,222.202,197.798
690,RegionB,207.049333,202.950667
690,RegionC,238.76,166.24
690,RegionD,141.229,578.771
690,RegionE,196.592667,363.407333
690,RegionF,157.01,382.99
691,RegionA,216.516667,203.483333
691,RegionB,200.187333,209.812667
691,RegionC,264.79,140.20999999999998
691,RegionD,151.965333,568.034667
691,RegionE,204.662,355.33799999999997
691,RegionF,182.343667,357.656333
692,RegionA,222.232,197.768
692,RegionB,237.256667,172.743333
692,RegionC,230.304333,174.695667
692,RegionD,187.692,532.308
692,RegionE,202.706667,357.29333299999996
692,RegionF,173.049333,366.950667
693,RegionA,216.893333,203.106667
693,RegionB,210.104,199.896
693,RegionC,263.671667,141.328333
693,RegionD,185.77,534.23
693,RegionE,161.47,398.53
693,RegionF,193.812667,346.18733299999997
694,RegionA,282.813667,137.186333
694,RegionB,267.013333,142.986667
694,RegionC,312.728333,92.27166699999998
694,RegionD,198.992,521.008
694,RegionE,206.720667,353.279333
694,RegionF,189.046667,350.953333
695,RegionA,296.366667,123.633333
695,RegionB,321.463333,88.53666700000002
695,RegionC,298.754,106.24599999999998
695,RegionD,250.496,469.504
695,RegionE,209.645,350.355
695,RegionF,179.463,360.53700000000003
696,RegionA,338.17,81.82999999999998
696,RegionB,360.644667,49.35533299999997
696,RegionC,338.302667,66.69733300000001
696,RegionD,294.805333,425.194667
696,RegionE,270.178667,289.821333
696,RegionF,224.568667,315.431333
697,RegionA,390.033,29.966999999999985
697,RegionB,364.683333,45.316666999999995
697,RegionC,363.898667,41.10133300000001
697,RegionD,295.258667,424.741333
697,RegionE,318.415333,241.58466700000002
697,RegionF,267.072,272.928
698,RegionA,370.25,49.75
698,RegionB,387.267667,22.732332999999983
698,RegionC,335.746667,69.253333
698,RegionD,294.971,425.029
698,RegionE,339.073667,220.926333
698,RegionF,276.747333,263.252667
699,RegionA,375.946,44.053999999999974
699,RegionB,371.038667,38.961333000000025
699,RegionC,349.605333,55.39466700000003
699,RegionD,280.191333,439.808667
699,RegionE,417.555,142.445
699,RegionF,300.202667,239.79733299999998
700,RegionA,374.906667,45.09333299999997
700,RegionB,364.797,45.202999999999975
700,RegionC,363.321333,41.67866700000002
700,RegionD,351.648,368.352
700,RegionE,449.65,110.35000000000002
700,RegionF,376.316667,163.683333
701,RegionA,374.594,45.406000000000006
701,RegionB,366.390333,43.609667
701,RegionC,360.533333,44.46666699999997
701,RegionD,335.654667,384.345333
701,RegionE,448.286,111.714
701,RegionF,359.820667,180.17933299999999
702,RegionA,368.344333,51.655666999999994
702,RegionB,369.113333,40.88666699999999
702,RegionC,378.817333,26.18266699999998
702,RegionD,374.974333,345.025667
702,RegionE,430.016,129.98399999999998
702,RegionF,424.521,115.47899999999998
703,RegionA,367.521333,52.47866699999997
703,RegionB,380.950667,29.04933299999999
703,RegionC,376.785333,28.21466700000002
703,RegionD,416.954333,303.045667
703,RegionE,412.123333,147.876667
703,RegionF,425.736,114.26400000000001
704,RegionA,375.905,44.09500000000003
704,RegionB,386.747333,23.252666999999974
704,RegionC,374.76,30.24000000000001
704,RegionD,375.863333,344.136667
704,RegionE,441.402667,118.59733299999999
704,RegionF,420.456,119.54399999999998
705,RegionA,378.448,41.55200000000002
705,RegionB,386.316,23.684000000000026
705,RegionC,381.792,23.208000000000027
705,RegionD,268.566,451.434
705,RegionE,439.39,120.61000000000001
705,RegionF,412.475333,127.52466700000002
706,RegionA,359.412667,60.587333
706,RegionB,385.074,24.925999999999988
706,RegionC,375.026667,29.973333000000025
706,RegionD,244.816,475.18399999999997
706,RegionE,407.79,152.20999999999998
706,RegionF,370.504667,169.49533300000002
707,RegionA,364.690667,55.30933299999998
707,RegionB,331.768333,78.23166700000002
707,RegionC,373.472,31.52800000000002
707,RegionD,244.77,475.23
707,RegionE,377.529333,182.470667
707,RegionF,321.476667,218.52333299999998
708,RegionA,283.333667,136.666333
708,RegionB,342.203333,67.79666700000001
708,RegionC,333.592,71.40800000000002
708,RegionD,212.717,507.283
708,RegionE,264.613,295.387
708,RegionF,292.252,247.748
709,RegionA,298.878,121.12200000000001
709,RegionB,289.16,120.83999999999997
709,RegionC,320.562,84.43799999999999
709,RegionD,211.484667,508.515333
709,RegionE,238.602333,321.397667
709,RegionF,273.872333,266.127667
710,RegionA,272.385667,147.614333
710,RegionB,292.050333,117.94966699999998
710,RegionC,319.596333,85.40366699999998
710,RegionD,207.016,512.984
710,RegionE,195.438333,364.561667
710,RegionF,265.138,274.862
711,RegionA,235.018333,184.981667
711,RegionB,251.994333,158.005667
711,RegionC,273.355,131.64499999999998
711,RegionD,208.865667,511.13433299999997
711,RegionE,183.795333,376.204667
711,RegionF,255.717333,284.282667
712,RegionA,187.346667,232.653333
712,RegionB,238.106,171.894
712,RegionC,228.384667,176.615333
712,RegionD,195.890667,524.109333
712,RegionE,158.659667,401.340333
712,RegionF,212.073333,327.926667
713,RegionA,197.575333,222.424667
713,RegionB,206.079333,203.920667
713,RegionC,203.404,201.596
713,RegionD,120.938,599.062
713,RegionE,140.765,419.235
713,RegionF,159.082667,380.917333
714,RegionA,225.668,194.332
714,RegionB,191.128,218.872
714,RegionC,189.170667,215.829333
714,RegionD,127.982,592.018
714,RegionE,149.788,410.212
714,RegionF,187.461333,352.53866700000003
715,RegionA,240.426667,179.573333
715,RegionB,196.650667,213.349333
715,RegionC,210.502667,194.497333
715,RegionD,172.675,547.325
715,RegionE,171.824,388.176
715,RegionF,189.140333,350.859667
716,RegionA,230.482,189.518
716,RegionB,224.402667,185.597333
716,RegionC,210.392667,194.607333
716,RegionD,153.016333,566.983667
716,RegionE,151.972,408.028
716,RegionF,209.306667,330.693333
717,RegionA,251.122,168.878
717,RegionB,237.264,172.736
717,RegionC,183.979333,221.020667
717,RegionD,201.079333,518.920667
717,RegionE,141.312667,418.68733299999997
717,RegionF,192.393333,347.606667
718,RegionA,246.897,173.103
718,RegionB,281.755333,128.244667
718,RegionC,257.693333,147.306667
718,RegionD,184.882667,535.117333
718,RegionE,180.476333,379.523667
718,RegionF,225.586667,314.41333299999997
719,RegionA,279.616,140.38400000000001
719,RegionB,312.255,97.745
719,RegionC,286.546667,118.45333299999999
719,RegionD,222.276,497.724
719,RegionE,232.932667,327.06733299999996
719,RegionF,282.045333,257.954667
720,RegionA,299.699667,120.30033300000002
720,RegionB,337.800667,72.19933300000002
720,RegionC,359.714333,45.28566699999999
720,RegionD,232.766667,487.233333
720,RegionE,244.941333,315.058667
720,RegionF,278.784333,261.215667
721,RegionA,346.254667,73.74533300000002
721,RegionB,354.218,55.78199999999998
721,RegionC,359.215333,45.78466700000001
721,RegionD,281.158667,438.841333
721,RegionE,260.916333,299.083667
721,RegionF,281.818667,258.181333
722,RegionA,364.549,55.45100000000002
722,RegionB,372.636,37.363999999999976
722,RegionC,385.353667,19.646333000000027
722,RegionD,336.102,383.898
722,RegionE,278.978,281.022
722,RegionF,317.559,222.44099999999997
723,RegionA,375.796,44.20400000000001
723,RegionB,370.828667,39.171333000000004
723,RegionC,385.812,19.187999999999988
723,RegionD,369.653333,350.346667
723,RegionE,316.992,243.00799999999998
723,RegionF,342.694,197.30599999999998
724,RegionA,370.187667,49.812333000000024
724,RegionB,385.624667,24.375333000000012
724,RegionC,383.112,21.887999999999977
724,RegionD,401.969333,318.030667
724,RegionE,344.054,215.94600000000003
724,RegionF,389.981333,150.018667
725,RegionA,370.440333,49.55966699999999
725,RegionB,384.255667,25.744332999999983
725,RegionC,382.304,22.696000000000026
725,RegionD,394.116333,325.883667
725,RegionE,418.097,141.90300000000002
725,RegionF,366.383333,173.616667
726,RegionA,374.735667,45.26433300000002
726,RegionB,365.651,44.34899999999999
726,RegionC,380.475,24.524999999999977
726,RegionD,449.865667,270.134333
726,RegionE,430.905333,129.09466700000002
726,RegionF,368.348,171.652
727,RegionA,373.922667,46.07733300000001
727,RegionB,367.56,42.44
727,RegionC,378.882333,26.117666999999983
727,RegionD,388.474333,331.525667
727,RegionE,366.638667,193.361333
727,RegionF,394.126,145.87400000000002
728,RegionA,374.632333,45.36766699999998
728,RegionB,365.242667,44.75733300000002
728,RegionC,380.664,24.336000000000013
728,RegionD,347.669333,372.330667
728,RegionE,324.16,235.83999999999997
728,RegionF,379.504,160.49599999999998
729,RegionA,384.002333,35.99766699999998
729,RegionB,364.055333,45.94466699999998
729,RegionC,360.900667,44.099333
729,RegionD,355.942333,364.057667
729,RegionE,302.665667,257.334333
729,RegionF,351.67,188.32999999999998
730,RegionA,373.064667,46.935333000000014
730,RegionB,368.001333,41.99866700000001
730,RegionC,345.51,59.49000000000001
730,RegionD,323.768,396.232
730,RegionE,313.879333,246.12066700000003
730,RegionF,314.519,225.481
731,RegionA,376.097,43.90300000000002
731,RegionB,359.79,50.20999999999998
731,RegionC,314.51,90.49000000000001
731,RegionD,298.926,421.074
731,RegionE,295.116667,264.883333
731,RegionF,301.768,238.23200000000003
732,RegionA,321.343333,98.65666700000003
732,RegionB,325.918,84.082
732,RegionC,310.127,94.87299999999999
732,RegionD,260.917667,459.082333
732,RegionE,303.04,256.96
732,RegionF,284.99,255.01
733,RegionA,318.447,101.553
733,RegionB,318.837333,91.162667
733,RegionC,322.757667,82.24233299999997
733,RegionD,249.858,470.142
733,RegionE,245.657333,314.342667
733,RegionF,283.145333,256.854667
734,RegionA,306.690333,113.30966699999999
734,RegionB,300.664,109.33600000000001
734,RegionC,303.421333,101.578667
734,RegionD,241.275,478.725
734,RegionE,243.245667,316.754333
734,RegionF,274.187667,265.812333
735,RegionA,269.886667,150.113333
735,RegionB,273.689333,136.31066700000002
735,RegionC,280.794333,124.205667
735,RegionD,214.415333,505.58466699999997
735,RegionE,211.820333,348.179667
735,RegionF,260.456,279.544
736,RegionA,237.059,182.941
736,RegionB,237.446667,172.553333
736,RegionC,233.3,171.7
736,RegionD,156.905333,563.094667
736,RegionE,171.093667,388.906333
736,RegionF,234.359,305.64099999999996
737,RegionA,222.655667,197.344333
737,RegionB,205.326,204.674
737,RegionC,200.25,204.75
737,RegionD,120.212,599.788
737,RegionE,152.251667,407.748333
737,RegionF,157.210667,382.789333
738,RegionA,186.527333,233.472667
738,RegionB,207.346333,202.653667
738,RegionC,188.811333,216.188667
738,RegionD,95.328667,624.671333
738,RegionE,179.400667,380.599333
738,RegionF,166.351333,373.648667
739,RegionA,181.019,238.981
739,RegionB,212.718,197.282
739,RegionC,193.096667,211.903333
739,RegionD,88.301333,631.698667
739,RegionE,166.563333,393.436667
739,RegionF,137.158667,402.84133299999996
740,RegionA,169.835333,250.164667
740,RegionB,230.974667,179.025333
740,RegionC,216.55,188.45
740,RegionD,165.905,554.095
740,RegionE,163.291667,396.70833300000004
740,RegionF,130.278,409.722
741,RegionA,193.828,226.172
741,RegionB,237.028667,172.971333
741,RegionC,227.874333,177.125667
741,RegionD,169.209333,550.790667
741,RegionE,219.140667,340.859333
741,RegionF,124.516,415.484
742,RegionA,226.889333,193.110667
742,RegionB,270.796667,139.203333
742,RegionC,254.812333,150.187667
742,RegionD,173.122,546.8779999999999
742,RegionE,235.136,324.86400000000003
742,RegionF,194.052,345.948
743,RegionA,287.372333,132.62766699999997
743,RegionB,289.909333,120.090667
743,RegionC,276.694667,128.30533300000002
743,RegionD,222.205333,497.794667
743,RegionE,226.286667,333.71333300000003
743,RegionF,223.006,316.994
744,RegionA,320.296667,99.70333299999999
744,RegionB,327.624333,82.37566700000002
744,RegionC,327.386667,77.61333300000001
744,RegionD,261.944,458.056
744,RegionE,230.248,329.752
744,RegionF,248.688,291.312
745,RegionA,370.796,49.20400000000001
745,RegionB,380.964667,29.03533299999998
745,RegionC,364.074667,40.92533300000002
745,RegionD,269.929333,450.070667
745,RegionE,305.197667,254.80233299999998
745,RegionF,298.634667,241.36533300000002
746,RegionA,394.450667,25.54933299999999
746,RegionB,382.8,27.19999999999999
746,RegionC,367.544,37.45600000000002
746,RegionD,299.424,420.576
746,RegionE,319.38,240.62
746,RegionF,343.875333,196.124667
747,RegionA,397.536667,22.463332999999977
747,RegionB,381.503333,28.496667000000002
747,RegionC,368.157333,36.842667000000006
747,RegionD,327.220667,392.779333
747,RegionE,357.538,202.462
747,RegionF,337.679667,202.320333
748,RegionA,398.121667,21.878332999999998
748,RegionB,381.975333,28.024667000000022
748,RegionC,378.538,26.46199999999999
748,RegionD,321.754,398.246
748,RegionE,412.948667,147.051333
748,RegionF,374.702667,165.29733299999998
749,RegionA,397.978667,22.021333000000027
749,RegionB,374.866333,35.133667
749,RegionC,385.925333,19.074666999999977
749,RegionD,310.781667,409.218333
749,RegionE,421.876,138.12400000000002
749,RegionF,364.56,175.44
750,RegionA,395.353333,24.64666699999998
750,RegionB,377.330667,32.669332999999995
750,RegionC,385.1,19.899999999999977
750,RegionD,351.039,368.961
750,RegionE,386.088667,173.911333
750,RegionF,370.650667,169.349333
751,RegionA,395.914,24.086000000000013
751,RegionB,377.997333,32.002666999999974
751,RegionC,384.654667,20.345332999999982
751,RegionD,350.665333,369.334667
751,RegionE,391.353333,168.64666699999998
751,RegionF,369.095333,170.90466700000002
752,RegionA,374.457333,45.542666999999994
752,RegionB,378.736,31.26400000000001
752,RegionC,384.521667,20.47833300000002
752,RegionD,375.984,344.016
752,RegionE,345.858333,214.14166699999998
752,RegionF,356.902667,183.097333
753,RegionA,362.515,57.485000000000014
753,RegionB,365.401333,44.59866699999998
753,RegionC,373.065333,31.93466699999999
753,RegionD,352.713,367.287
753,RegionE,305.814,254.18599999999998
753,RegionF,337.813,202.187
754,RegionA,367.519,52.480999999999995
754,RegionB,364.809333,45.19066700000002
754,RegionC,367.172667,37.82733300000001
754,RegionD,317.456667,402.543333
754,RegionE,318.32,241.68
754,RegionF,312.853333,227.14666699999998
755,RegionA,340.887333,79.11266699999999
755,RegionB,347.579333,62.42066699999998
755,RegionC,344.201333,60.79866700000002
755,RegionD,281.622333,438.377667
755,RegionE,307.401333,252.59866699999998
755,RegionF,276.291333,263.708667
756,RegionA,301.208,118.79199999999997
756,RegionB,307.963,102.03699999999998
756,RegionC,349.86,55.139999999999986
756,RegionD,246.386333,473.61366699999996
756,RegionE,319.010667,240.989333
756,RegionF,249.656667,290.34333300000003
757,RegionA,297.167,122.83300000000003
757,RegionB,302.596667,107.40333299999998
757,RegionC,319.315,85.685
757,RegionD,222.672333,497.327667
757,RegionE,315.833667,244.166333
757,RegionF,261.546333,278.453667
758,RegionA,299.025667,120.974333
758,RegionB,306.960667,103.039333
758,RegionC,302.549333,102.45066700000001
758,RegionD,176.351667,543.648333
758,RegionE,298.443,261.557
758,RegionF,280.226,259.774
759,RegionA,266.988667,153.01133299999998
759,RegionB,272.44,137.56
759,RegionC,276.278,128.72199999999998
759,RegionD,146.899667,573.100333
759,RegionE,264.876667,295.123333
759,RegionF,279.063,260.937
760,RegionA,214.807333,205.192667
760,RegionB,233.237,176.763
760,RegionC,243.938,161.062
760,RegionD,127.802333,592.197667
760,RegionE,216.722333,343.277667
760,RegionF,228.566667,311.433333
761,RegionA,190.581333,229.418667
761,RegionB,232.71,177.29
761,RegionC,230.600667,174.399333
761,RegionD,110.633333,609.366667
761,RegionE,201.846667,358.153333
761,RegionF,150.895,389.105
762,RegionA,199.940667,220.059333
762,RegionB,237.01,172.99
762,RegionC,199.195667,205.804333
762,RegionD,110.646,609.354
762,RegionE,204.006,355.994
762,RegionF,137.343333,402.65666699999997
763,RegionA,180.976,239.024
763,RegionB,210.737,199.263
763,RegionC,221.028,183.972
763,RegionD,161.630667,558.369333
763,RegionE,184.67,375.33000000000004
763,RegionF,133.242,406.75800000000004
764,RegionA,203.196667,216.803333
764,RegionB,230.229667,179.770333
764,RegionC,218.326,186.674
764,RegionD,156.669333,563.330667
764,RegionE,210.762,349.238
764,RegionF,148.291667,391.70833300000004
765,RegionA,199.647333,220.352667
765,RegionB,242.692,167.308
765,RegionC,242.582333,162.417667
765,RegionD,167.895,552.105
765,RegionE,233.982,326.01800000000003
765,RegionF,135.291333,404.708667
766,RegionA,264.658667,155.34133300000002
766,RegionB,263.071333,146.92866700000002
766,RegionC,248.929667,156.070333
766,RegionD,172.894,547.106
766,RegionE,195.868,364.132
766,RegionF,175.742667,364.257333
767,RegionA,286.844,133.156
767,RegionB,281.853333,128.14666699999998
767,RegionC,266.620333,138.37966699999998
767,RegionD,191.34,528.66
767,RegionE,249.458,310.54200000000003
767,RegionF,161.690667,378.30933300000004
768,RegionA,330.245333,89.75466699999998
768,RegionB,320.987,89.01299999999998
768,RegionC,322.904667,82.09533299999998
768,RegionD,271.271333,448.728667
768,RegionE,270.628,289.372
768,RegionF,259.205333,280.794667
769,RegionA,373.815667,46.18433299999998
769,RegionB,352.26,57.74000000000001
769,RegionC,372.316667,32.683333000000005
769,RegionD,325.218,394.782
769,RegionE,324.428,235.572
769,RegionF,253.592333,286.407667
770,RegionA,397.152,22.848000000000013
770,RegionB,341.289333,68.710667
770,RegionC,378.727667,26.272333000000003
770,RegionD,337.394667,382.605333
770,RegionE,360.944667,199.05533300000002
770,RegionF,231.814333,308.18566699999997
771,RegionA,373.893333,46.106667000000016
771,RegionB,347.721,62.278999999999996
771,RegionC,378.774,26.226
771,RegionD,373.462,346.538
771,RegionE,363.175,196.825
771,RegionF,354.994667,185.005333
772,RegionA,376.947,43.053
772,RegionB,353.509333,56.49066699999997
772,RegionC,385.475667,19.524333000000013
772,RegionD,396.751667,323.248333
772,RegionE,376.44,183.56
772,RegionF,419.116,120.88400000000001
773,RegionA,361.786667,58.21333299999998
773,RegionB,358.756,51.24400000000003
773,RegionC,381.74,23.25999999999999
773,RegionD,389.28,330.72
773,RegionE,433.756,126.24400000000003
773,RegionF,461.311667,78.688333
774,RegionA,367.423333,52.576666999999986
774,RegionB,352.141333,57.858667000000025
774,RegionC,380.48,24.519999999999982
774,RegionD,408.386667,311.613333
774,RegionE,386.932,173.06799999999998
774,RegionF,450.124,89.87599999999998
775,RegionA,382.02,37.98000000000002
775,RegionB,355.918667,54.08133299999997
775,RegionC,382.002667,22.997333000000026
775,RegionD,359.481333,360.518667
775,RegionE,397.59,162.41000000000003
775,RegionF,442.64,97.36000000000001
776,RegionA,395.24,24.75999999999999
776,RegionB,346.130333,63.86966699999999
776,RegionC,383.264,21.73599999999999
776,RegionD,343.953333,376.046667
776,RegionE,414.790667,145.20933300000002
776,RegionF,423.58,116.42000000000002
777,RegionA,395.382667,24.617332999999974
777,RegionB,358.540667,51.459333000000015
777,RegionC,363.301333,41.698667
777,RegionD,385.793667,334.206333
777,RegionE,415.297,144.70299999999997
777,RegionF,411.269333,128.73066699999998
778,RegionA,383.69,36.31
778,RegionB,356.754667,53.24533300000002
778,RegionC,364.768333,40.231667000000016
778,RegionD,353.813333,366.186667
778,RegionE,369.837333,190.162667
778,RegionF,346.97,193.02999999999997
779,RegionA,384.113333,35.88666699999999
779,RegionB,348.107667,61.89233300000001
779,RegionC,342.396,62.603999999999985
779,RegionD,340.937333,379.062667
779,RegionE,325.578667,234.421333
779,RegionF,317.614667,222.385333
780,RegionA,326.881,93.11900000000003
780,RegionB,310.743,99.257
780,RegionC,332.230667,72.76933300000002
780,RegionD,319.099333,400.900667
780,RegionE,277.881333,282.118667
780,RegionF,223.596667,316.403333
781,RegionA,302.36,117.63999999999999
781,RegionB,308.028667,101.97133300000002
781,RegionC,325.054667,79.945333
781,RegionD,290.585,429.415
781,RegionE,276.156667,283.843333
781,RegionF,261.688,278.312
782,RegionA,301.339333,118.66066699999999
782,RegionB,288.066667,121.933333
782,RegionC,290.720333,114.27966700000002
782,RegionD,249.564,470.43600000000004
782,RegionE,247.084333,312.915667
782,RegionF,225.554333,314.44566699999996
783,RegionA,275.522667,144.477333
783,RegionB,261.888667,148.111333
783,RegionC,250.512667,154.487333
783,RegionD,187.175667,532.824333
783,RegionE,221.627333,338.372667
783,RegionF,240.292333,299.707667
784,RegionA,235.915,184.085
784,RegionB,221.258667,188.741333
784,RegionC,228.749,176.251
784,RegionD,142.01,577.99
784,RegionE,194.24,365.76
784,RegionF,198.639333,341.36066700000003
785,RegionA,186.55,233.45
785,RegionB,175.218667,234.781333
785,RegionC,194.794667,210.205333
785,RegionD,132.460667,587.5393329999999
785,RegionE,177.429333,382.57066699999996
785,RegionF,153.54,386.46000000000004
786,RegionA,228.876667,191.123333
786,RegionB,218.504,191.496
786,RegionC,220.130667,184.869333
786,RegionD,169.160667,550.839333
786,RegionE,118.07,441.93
786,RegionF,128.504,411.496
787,RegionA,217.526,202.474
787,RegionB,230.153333,179.846667
787,RegionC,238.463333,166.536667
787,RegionD,140.567,579.433
787,RegionE,98.17,461.83
787,RegionF,154.277333,385.722667
788,RegionA,230.274667,189.725333
788,RegionB,234.203333,175.796667
788,RegionC,210.848,194.152
788,RegionD,91.25,628.75
788,RegionE,151.222,408.778
788,RegionF,161.76,378.24
789,RegionA,237.16,182.84
789,RegionB,254.711,155.289
789,RegionC,289.572,115.428
789,RegionD,113.79,606.21
789,RegionE,209.892667,350.10733300000004
789,RegionF,171.406333,368.593667
790,RegionA,246.124,173.876
790,RegionB,263.378667,146.621333
790,RegionC,278.942667,126.05733300000003
790,RegionD,156.328333,563.6716670000001
790,RegionE,236.390667,323.609333
790,RegionF,203.469333,336.530667
791,RegionA,295.543333,124.45666699999998
791,RegionB,324.012,85.988
791,RegionC,302.906333,102.09366699999998
791,RegionD,209.015333,510.984667
791,RegionE,231.178333,328.821667
791,RegionF,221.953333,318.046667
792,RegionA,328.023,91.97699999999998
792,RegionB,332.336667,77.66333300000002
792,RegionC,357.742667,47.25733300000002
792,RegionD,240.641,479.35900000000004
792,RegionE,295.219333,264.780667
792,RegionF,256.670667,283.329333
793,RegionA,352.235333,67.76466699999997
793,RegionB,371.362667,38.63733300000001
793,RegionC,354.128667,50.87133299999999
793,RegionD,321.232667,398.767333
793,RegionE,307.659,252.341
793,RegionF,284.798667,255.20133299999998
794,RegionA,391.488,28.512
794,RegionB,381.636,28.363999999999976
794,RegionC,375.172,29.827999999999975
794,RegionD,309.76,410.24
794,RegionE,361.892333,198.107667
794,RegionF,350.958667,189.041333
795,RegionA,388.632,31.367999999999995
795,RegionB,384.635667,25.364332999999988
795,RegionC,363.304667,41.695333000000005
795,RegionD,316.013333,403.986667
795,RegionE,415.81,144.19
795,RegionF,371.594667,168.40533299999998
796,RegionA,387.183333,32.816666999999995
796,RegionB,387.153333,22.846667000000025
796,RegionC,361.96,43.04000000000002
796,RegionD,366.902333,353.097667
796,RegionE,391.862667,168.137333
796,RegionF,388.176,151.824
797,RegionA,390.646667,29.35333300000002
797,RegionB,383.262667,26.73733299999998
797,RegionC,379.806,25.194000000000017
797,RegionD,376.616667,343.383333
797,RegionE,425.891333,134.10866700000003
797,RegionF,406.375333,133.624667
798,RegionA,388.793667,31.206332999999972
798,RegionB,383.73,26.269999999999982
798,RegionC,384.056,20.944000000000017
798,RegionD,314.59,405.41
798,RegionE,421.861333,138.138667
798,RegionF,439.461,100.53899999999999
799,RegionA,393.641333,26.358667000000025
799,RegionB,383.001,26.999000000000024
799,RegionC,384.289333,20.710667
799,RegionD,324.075667,395.924333
799,RegionE,419.157333,140.842667
799,RegionF,426.01,113.99000000000001
800,RegionA,392.334667,27.665332999999976
800,RegionB,385.152,24.848000000000013
800,RegionC,381.353333,23.64666699999998
800,RegionD,334.969,385.031
800,RegionE,396.703,163.29700000000003
800,RegionF,409.717,130.28300000000002
801,RegionA,392.460333,27.53966700000001
801,RegionB,385.12,24.879999999999995
801,RegionC,382.284667,22.715332999999987
801,RegionD,289.882,430.118
801,RegionE,369.11,190.89
801,RegionF,391.837333,148.162667
802,RegionA,389.796667,30.203332999999986
802,RegionB,381.128667,28.871332999999993
802,RegionC,384.74,20.25999999999999
802,RegionD,277.381333,442.618667
802,RegionE,333.61,226.39
802,RegionF,365.932,174.06799999999998
803,RegionA,358.207333,61.792666999999994
803,RegionB,349.030667,60.969333000000006
803,RegionC,384.872,20.127999999999986
803,RegionD,286.986667,433.013333
803,RegionE,347.591333,212.40866699999998
803,RegionF,360.7,179.3
804,RegionA,324.665,95.33499999999998
804,RegionB,341.908333,68.09166699999997
804,RegionC,363.23,41.76999999999998
804,RegionD,255.686,464.31399999999996
804,RegionE,316.76,243.24
804,RegionF,309.91,230.08999999999997
805,RegionA,310.637,109.363
805,RegionB,341.835667,68.164333
805,RegionC,320.340667,84.659333
805,RegionD,260.158667,459.841333
805,RegionE,290.681,269.319
805,RegionF,287.791333,252.208667
806,RegionA,277.975,142.02499999999998
806,RegionB,316.497667,93.50233300000002
806,RegionC,258.21,146.79000000000002
806,RegionD,262.764667,457.235333
806,RegionE,273.612667,286.387333
806,RegionF,285.017333,254.982667
807,RegionA,269.378,150.622
807,RegionB,263.813333,146.186667
807,RegionC,235.717333,169.282667
807,RegionD,232.013333,487.986667
807,RegionE,273.532,286.468
807,RegionF,223.818333,316.181667
808,RegionA,218.599333,201.400667
808,RegionB,234.604,175.396
808,RegionC,210.525333,194.474667
808,RegionD,224.462,495.538
808,RegionE,208.132333,351.867667
808,RegionF,197.174667,342.825333
809,RegionA,228.684,191.316
809,RegionB,211.442333,198.557667
809,RegionC,205.277,199.723
809,RegionD,198.478333,521.521667
809,RegionE,179.780667,380.219333
809,RegionF,187.628667,352.371333
810,RegionA,221.572667,198.427333
810,RegionB,225.736333,184.263667
810,RegionC,214.405,190.595
810,RegionD,163.882667,556.117333
810,RegionE,130.63,429.37
810,RegionF,181.771333,358.228667
811,RegionA,216.664667,203.335333
811,RegionB,205.758,204.242
811,RegionC,220.178667,184.821333
811,RegionD,162.41,557.59
811,RegionE,181.833333,378.16666699999996
811,RegionF,210.475333,329.524667
812,RegionA,223.001667,196.998333
812,RegionB,213.596,196.404
812,RegionC,239.171333,165.828667
812,RegionD,151.187333,568.812667
812,RegionE,158.29,401.71000000000004
812,RegionF,170.610667,369.38933299999997
813,RegionA,268.572333,151.42766699999999
813,RegionB,240.590667,169.409333
813,RegionC,262.176333,142.823667
813,RegionD,194.223333,525.776667
813,RegionE,159.906333,400.093667
813,RegionF,149.346,390.654
814,RegionA,295.596667,124.40333299999998
814,RegionB,244.001333,165.998667
814,RegionC,261.88,143.12
814,RegionD,193.168667,526.831333
814,RegionE,202.668,357.332
814,RegionF,189.45,350.55
815,RegionA,293.929333,126.07066700000001
815,RegionB,286.189333,123.81066700000002
815,RegionC,276.9,128.10000000000002
815,RegionD,226.786,493.214
815,RegionE,267.613333,292.386667
815,RegionF,226.844,313.156
816,RegionA,338.733333,81.26666699999998
816,RegionB,321.305333,88.69466699999998
816,RegionC,345.89,59.110000000000014
816,RegionD,317.162667,402.837333
816,RegionE,314.368667,245.63133299999998
816,RegionF,275.448,264.552
817,RegionA,351.484667,68.515333
817,RegionB,338.748667,71.25133299999999
817,RegionC,368.536,36.464
817,RegionD,331.097333,388.902667
817,RegionE,340.992,219.00799999999998
817,RegionF,332.27,207.73000000000002
818,RegionA,392.392,27.608000000000004
818,RegionB,360.413333,49.58666699999998
818,RegionC,380.448,24.55200000000002
818,RegionD,296.463333,423.536667
818,RegionE,389.145,170.85500000000002
818,RegionF,321.514,218.486
819,RegionA,384.993333,35.00666699999999
819,RegionB,345.677,64.32299999999998
819,RegionC,368.881,36.11900000000003
819,RegionD,260.628333,459.371667
819,RegionE,357.256667,202.743333
819,RegionF,369.669667,170.330333
820,RegionA,383.48,36.51999999999998
820,RegionB,344.296333,65.703667
820,RegionC,380.520333,24.479667000000006
820,RegionD,295.968,424.032
820,RegionE,323.502,236.498
820,RegionF,387.044667,152.955333
821,RegionA,384.824,35.17599999999999
821,RegionB,347.545,62.454999999999984
821,RegionC,381.78,23.220000000000027
821,RegionD,345.862667,374.137333
821,RegionE,379.645,180.35500000000002
821,RegionF,440.81,99.19
822,RegionA,388.963667,31.036333000000013
822,RegionB,340.201333,69.79866700000002
822,RegionC,372.152333,32.847667
822,RegionD,380.922,339.078
822,RegionE,380.334667,179.66533299999998
822,RegionF,457.097333,82.90266700000001
823,RegionA,388.534667,31.465332999999987
823,RegionB,343.111333,66.888667
823,RegionC,363.356,41.644000000000005
823,RegionD,383.859333,336.140667
823,RegionE,410.666,149.334
823,RegionF,439.508333,100.491667
824,RegionA,367.876,52.124000000000024
824,RegionB,357.990333,52.00966699999998
824,RegionC,374.356,30.644000000000005
824,RegionD,444.322,275.678
824,RegionE,382.004667,177.99533300000002
824,RegionF,414.077333,125.92266699999999
825,RegionA,395.251667,24.748333000000002
825,RegionB,368.181333,41.818667000000005
825,RegionC,374.065,30.935000000000002
825,RegionD,412.847333,307.152667
825,RegionE,365.083333,194.91666700000002
825,RegionF,384.469333,155.530667
826,RegionA,385.314667,34.685333000000014
826,RegionB,369.708,40.29199999999997
826,RegionC,380.418667,24.581332999999972
826,RegionD,365.398667,354.601333
826,RegionE,346.042667,213.957333
826,RegionF,346.244,193.75599999999997
827,RegionA,344.88,75.12
827,RegionB,357.33,52.670000000000016
827,RegionC,383.616333,21.383667000000003
827,RegionD,370.075333,349.924667
827,RegionE,287.142667,272.857333
827,RegionF,332.13,207.87
828,RegionA,326.737333,93.26266700000002
828,RegionB,330.908667,79.09133300000002
828,RegionC,332.186667,72.813333
828,RegionD,297.51,422.49
828,RegionE,298.656667,261.343333
828,RegionF,284.69,255.31
829,RegionA,296.577333,123.42266699999999
829,RegionB,313.445,96.555
829,RegionC,303.730667,101.26933300000002
829,RegionD,219.413667,500.58633299999997
829,RegionE,300.412,259.588
829,RegionF,282.026,257.974
830,RegionA,286.842667,133.157333
830,RegionB,294.148667,115.85133300000001
830,RegionC,296.203333,108.79666700000001
830,RegionD,236.834333,483.165667
830,RegionE,207.817333,352.18266700000004
830,RegionF,280.995667,259.004333
831,RegionA,241.657,178.343
831,RegionB,256.466333,153.53366699999998
831,RegionC,250.765,154.235
831,RegionD,206.598667,513.401333
831,RegionE,146.943,413.057
831,RegionF,253.904,286.096
832,RegionA,255.767333,164.232667
832,RegionB,226.057667,183.942333
832,RegionC,211.038333,193.961667
832,RegionD,119.405333,600.594667
832,RegionE,121.42,438.58
832,RegionF,223.431,316.56899999999996
833,RegionA,219.836667,200.163333
833,RegionB,207.510667,202.489333
833,RegionC,220.363333,184.636667
833,RegionD,149.423333,570.576667
833,RegionE,155.963333,404.03666699999997
833,RegionF,170.591333,369.40866700000004
834,RegionA,207.74,212.26
834,RegionB,214.696667,195.303333
834,RegionC,205.435,199.565
834,RegionD,107.507333,612.492667
834,RegionE,159.855,400.145
834,RegionF,169.696667,370.303333
835,RegionA,220.776,199.224
835,RegionB,218.868333,191.131667
835,RegionC,241.156667,163.843333
835,RegionD,141.916,578.0840000000001
835,RegionE,156.123333,403.876667
835,RegionF,151.564667,388.435333
836,RegionA,209.517,210.483
836,RegionB,234.828,175.172
836,RegionC,237.161667,167.838333
836,RegionD,107.460667,612.5393329999999
836,RegionE,206.43,353.57
836,RegionF,218.97,321.03
837,RegionA,237.022667,182.977333
837,RegionB,264.558667,145.441333
837,RegionC,267.36,137.64
837,RegionD,160.504667,559.495333
837,RegionE,194.306,365.69399999999996
837,RegionF,196.834,343.166
838,RegionA,250.416667,169.583333
838,RegionB,281.138,128.86200000000002
838,RegionC,290.902333,114.097667
838,RegionD,194.462,525.538
838,RegionE,245.039667,314.960333
838,RegionF,198.688667,341.311333
839,RegionA,275.445333,144.554667
839,RegionB,298.126667,111.873333
839,RegionC,331.182667,73.81733300000002
839,RegionD,207.585333,512.414667
839,RegionE,268.784,291.216
839,RegionF,235.535333,304.46466699999996
840,RegionA,313.049667,106.950333
840,RegionB,349.88,60.120000000000005
840,RegionC,337.68,67.32
840,RegionD,266.979667,453.020333
840,RegionE,312.798667,247.20133299999998
840,RegionF,283.663333,256.336667
841,RegionA,306.054,113.94600000000003
841,RegionB,358.366667,51.63333299999999
841,RegionC,357.123667,47.87633299999999
841,RegionD,313.248,406.752
841,RegionE,321.256667,238.743333
841,RegionF,281.925667,258.074333
842,RegionA,316.705667,103.294333
842,RegionB,390.448,19.55200000000002
842,RegionC,384.442667,20.55733300000003
842,RegionD,334.466667,385.533333
842,RegionE,321.118667,238.88133299999998
842,RegionF,327.050667,212.94933300000002
843,RegionA,350.234667,69.765333
843,RegionB,387.774667,22.225332999999978
843,RegionC,381.628,23.372000000000014
843,RegionD,363.051667,356.948333
843,RegionE,382.304667,177.695333
843,RegionF,316.950667,223.049333
844,RegionA,332.284667,87.71533299999999
844,RegionB,383.048333,26.951666999999986
844,RegionC,381.64,23.360000000000014
844,RegionD,344.658667,375.341333
844,RegionE,397.104667,162.895333
844,RegionF,357.21,182.79000000000002
845,RegionA,337.289,82.71100000000001
845,RegionB,382.164,27.836000000000013
845,RegionC,382.488,22.512
845,RegionD,364.318,355.682
845,RegionE,418.092,141.90800000000002
845,RegionF,341.006667,198.993333
846,RegionA,356.92,63.079999999999984
846,RegionB,383.194667,26.80533300000002
846,RegionC,377.713333,27.286667000000023
846,RegionD,381.9,338.1
846,RegionE,437.686,122.31400000000002
846,RegionF,338.758667,201.241333
847,RegionA,361.615667,58.38433300000003
847,RegionB,386.16,23.839999999999975
847,RegionC,366.222667,38.777333
847,RegionD,359.398667,360.601333
847,RegionE,406.812667,153.18733300000002
847,RegionF,344.620667,195.37933299999997
848,RegionA,371.114667,48.885333
848,RegionB,386.005333,23.994666999999993
848,RegionC,371.067333,33.93266699999998
848,RegionD,397.262,322.738
848,RegionE,408.28,151.72000000000003
848,RegionF,337.14,202.86
849,RegionA,379.84,40.160000000000025
849,RegionB,388.532,21.468000000000018
849,RegionC,366.952333,38.04766699999999
849,RegionD,355.860333,364.139667
849,RegionE,387.654,172.346
849,RegionF,313.531333,226.46866699999998
850,RegionA,371.006333,48.993667000000016
850,RegionB,376.261333,33.73866700000002
850,RegionC,366.912,38.08800000000002
850,RegionD,321.452667,398.547333
850,RegionE,372.429,187.57100000000003
850,RegionF,279.308667,260.691333
851,RegionA,312.938,107.06200000000001
851,RegionB,361.98,48.01999999999998
851,RegionC,356.520667,48.479333
851,RegionD,272.106333,447.893667
851,RegionE,326.75,233.25
851,RegionF,252.255667,287.744333
852,RegionA,326.046,93.95400000000001
852,RegionB,331.619333,78.38066700000002
852,RegionC,350.506667,54.49333300000001
852,RegionD,236.356667,483.643333
852,RegionE,279.28,280.72
852,RegionF,267.436667,272.563333
853,RegionA,294.403,125.59699999999998
853,RegionB,313.053333,96.94666699999999
853,RegionC,316.175333,88.82466699999998
853,RegionD,196.816667,523.183333
853,RegionE,254.346667,305.653333
853,RegionF,305.025667,234.974333
854,RegionA,290.462333,129.537667
854,RegionB,306.561667,103.438333
854,RegionC,303.108667,101.89133299999997
854,RegionD,219.839333,500.160667
854,RegionE,215.547333,344.452667
854,RegionF,292.418,247.582
855,RegionA,257.050667,162.94933300000002
855,RegionB,270.579333,139.42066699999998
855,RegionC,265.249,139.75099999999998
855,RegionD,191.790333,528.209667
855,RegionE,221.256667,338.743333
855,RegionF,233.633667,306.366333
856,RegionA,245.762333,174.237667
856,RegionB,231.828,178.172
856,RegionC,255.055333,149.944667
856,RegionD,142.274,577.726
856,RegionE,201.060667,358.93933300000003
856,RegionF,160.6,379.4
857,RegionA,187.51,232.49
857,RegionB,194.410667,215.589333
857,RegionC,208.043333,196.956667
857,RegionD,160.146667,559.853333
857,RegionE,206.53,353.47
857,RegionF,116.483,423.517
858,RegionA,225.804,194.196
858,RegionB,211.773333,198.226667
858,RegionC,230.147333,174.852667
858,RegionD,148.803,571.197
858,RegionE,190.368333,369.631667
858,RegionF,128.79,411.21000000000004
859,RegionA,232.29,187.71
859,RegionB,162.322,247.678
859,RegionC,225.71,179.29
859,RegionD,201.308333,518.691667
859,RegionE,155.83,404.16999999999996
859,RegionF,100.644667,439.355333
860,RegionA,217.667333,202.332667
860,RegionB,199.046,210.954
860,RegionC,247.7,157.3
860,RegionD,192.94,527.06
860,RegionE,166.263333,393.736667
860,RegionF,138.917667,401.082333
861,RegionA,255.796667,164.203333
861,RegionB,208.064667,201.935333
861,RegionC,266.631333,138.36866700000002
861,RegionD,169.399333,550.6006669999999
861,RegionE,170.799667,389.200333
861,RegionF,117.064,422.93600000000004
862,RegionA,265.784,154.216
862,RegionB,266.356667,143.64333299999998
862,RegionC,281.817,123.18299999999999
862,RegionD,125.881333,594.118667
862,RegionE,197.16,362.84000000000003
862,RegionF,134.254667,405.74533299999996
863,RegionA,326.402667,93.59733299999999
863,RegionB,304.506667,105.493333
863,RegionC,306.669,98.33100000000002
863,RegionD,126.059333,593.940667
863,RegionE,271.58,288.42
863,RegionF,181.778667,358.22133299999996
864,RegionA,348.123333,71.876667
864,RegionB,303.469333,106.530667
864,RegionC,362.865667,42.13433300000003
864,RegionD,244.416,475.584
864,RegionE,278.35,281.65
864,RegionF,239.651333,300.348667
865,RegionA,392.597,27.40300000000002
865,RegionB,374.174667,35.825333
865,RegionC,362.502,42.49799999999999
865,RegionD,267.296667,452.703333
865,RegionE,311.344,248.656
865,RegionF,300.449667,239.55033300000002
866,RegionA,388.562,31.437999999999988
866,RegionB,372.449333,37.550666999999976
866,RegionC,384.2,20.80000000000001
866,RegionD,308.12,411.88
866,RegionE,352.866333,207.133667
866,RegionF,314.406667,225.59333299999997
867,RegionA,372.547333,47.45266700000002
867,RegionB,374.646667,35.35333300000002
867,RegionC,382.343667,22.656333000000018
867,RegionD,343.451333,376.548667
867,RegionE,367.242,192.75799999999998
867,RegionF,385.846667,154.15333299999998
868,RegionA,381.486667,38.51333299999999
868,RegionB,383.981667,26.018332999999984
868,RegionC,385.356,19.644000000000005
868,RegionD,391.612667,328.387333
868,RegionE,382.070333,177.929667
868,RegionF,389.276667,150.72333300000003
869,RegionA,392.235333,27.764666999999974
869,RegionB,385.290667,24.709333000000015
869,RegionC,381.323333,23.67666700000001
869,RegionD,354.936667,365.063333
869,RegionE,368.464667,191.53533299999998
869,RegionF,416.052667,123.94733300000001
870,RegionA,391.715,28.285000000000025
870,RegionB,382.301333,27.698667
870,RegionC,382.555333,22.44466699999998
870,RegionD,270.616,449.384
870,RegionE,399.95,160.05
870,RegionF,439.0,101.0
871,RegionA,392.668,27.331999999999994
871,RegionB,382.338667,27.661333000000013
871,RegionC,381.275,23.725000000000023
871,RegionD,277.674,442.326
871,RegionE,363.832,196.168
871,RegionF,380.294,159.70600000000002
872,RegionA,391.366667,28.633332999999993
872,RegionB,378.022667,31.977332999999987
872,RegionC,377.54,27.45999999999998
872,RegionD,278.276667,441.723333
872,RegionE,373.832,186.168
872,RegionF,379.41,160.58999999999997
873,RegionA,389.697,30.302999999999997
873,RegionB,385.328667,24.671333000000004
873,RegionC,374.574667,30.425333000000023
873,RegionD,313.123333,406.876667
873,RegionE,390.011333,169.98866700000002
873,RegionF,311.983333,228.01666699999998
874,RegionA,384.802,35.19799999999998
874,RegionB,378.04,31.95999999999998
874,RegionC,374.392,30.608000000000004
874,RegionD,245.877333,474.122667
874,RegionE,350.557,209.44299999999998
874,RegionF,346.648667,193.351333
875,RegionA,356.974667,63.02533299999999
875,RegionB,356.858,53.141999999999996
875,RegionC,370.9,34.10000000000002
875,RegionD,272.945333,447.054667
875,RegionE,363.403333,196.59666700000002
875,RegionF,287.518333,252.48166700000002
876,RegionA,339.665333,80.33466700000002
876,RegionB,344.897,65.10300000000001
876,RegionC,339.677,65.32299999999998
876,RegionD,278.673333,441.326667
876,RegionE,317.429667,242.570333
876,RegionF,300.550667,239.44933300000002
877,RegionA,284.500667,135.49933299999998
877,RegionB,335.958,74.04199999999997
877,RegionC,332.787667,72.212333
877,RegionD,280.056,439.944
877,RegionE,289.644667,270.355333
877,RegionF,225.165,314.83500000000004
878,RegionA,285.146,134.85399999999998
878,RegionB,304.922,105.07799999999997
878,RegionC,318.418,86.582
878,RegionD,260.07,459.93
878,RegionE,275.313333,284.686667
878,RegionF,218.669667,321.330333
879,RegionA,261.906,158.094
879,RegionB,284.097,125.90300000000002
879,RegionC,290.91,114.08999999999997
879,RegionD,200.933667,519.066333
879,RegionE,208.228,351.772
879,RegionF,193.338,346.66200000000003
880,RegionA,225.324667,194.675333
880,RegionB,248.769,161.231
880,RegionC,248.43,156.57
880,RegionD,178.636333,541.363667
880,RegionE,155.958,404.04200000000003
880,RegionF,159.169333,380.830667
881,RegionA,220.656667,199.343333
881,RegionB,223.292,186.708
881,RegionC,211.23,193.77
881,RegionD,184.608,535.392
881,RegionE,180.548,379.452
881,RegionF,167.422667,372.577333
882,RegionA,214.954667,205.045333
882,RegionB,209.049667,200.950333
882,RegionC,205.300667,199.699333
882,RegionD,150.863333,569.136667
882,RegionE,164.072,395.928
882,RegionF,131.543333,408.45666700000004
883,RegionA,208.622667,211.377333
883,RegionB,209.532667,200.467333
883,RegionC,231.145333,173.854667
883,RegionD,81.087333,638.912667
883,RegionE,205.152,354.848
883,RegionF,170.863333,369.136667
884,RegionA,216.48,203.52
884,RegionB,245.757333,164.242667
884,RegionC,210.223333,194.776667
884,RegionD,85.83,634.17
884,RegionE,207.718,352.28200000000004
884,RegionF,177.162,362.83799999999997
885,RegionA,248.966667,171.033333
885,RegionB,261.319333,148.68066700000003
885,RegionC,223.346,181.654
885,RegionD,188.956667,531.043333
885,RegionE,210.341333,349.65866700000004
885,RegionF,160.023333,379.976667
886,RegionA,261.57,158.43
886,RegionB,259.958,150.04199999999997
886,RegionC,321.962,83.03800000000001
886,RegionD,246.537333,473.462667
886,RegionE,238.767333,321.232667
886,RegionF,175.438,364.562
887,RegionA,311.867333,108.13266700000003
887,RegionB,282.47,127.52999999999997
887,RegionC,297.023333,107.97666700000002
887,RegionD,257.144,462.856
887,RegionE,284.29,275.71
887,RegionF,181.899,358.101
888,RegionA,359.479333,60.520667
888,RegionB,298.989667,111.010333
888,RegionC,353.232,51.76799999999997
888,RegionD,300.435333,419.564667
888,RegionE,312.415667,247.58433300000002
888,RegionF,272.893333,267.106667
889,RegionA,363.024,56.976
889,RegionB,347.152,62.84800000000001
889,RegionC,377.257,27.742999999999995
889,RegionD,287.875667,432.124333
889,RegionE,341.1,218.89999999999998
889,RegionF,301.812,238.188
890,RegionA,379.715333,40.28466700000001
890,RegionB,358.704667,51.29533300000003
890,RegionC,380.897333,24.102666999999997
890,RegionD,359.794333,360.205667
890,RegionE,319.907333,240.092667
890,RegionF,380.244,159.75599999999997
891,RegionA,379.293333,40.70666699999998
891,RegionB,368.556333,41.443667000000005
891,RegionC,352.96,52.04000000000002
891,RegionD,339.100667,380.899333
891,RegionE,341.713667,218.286333
891,RegionF,386.867333,153.13266700000003
892,RegionA,374.294333,45.705667000000005
892,RegionB,367.671333,42.328666999999996
892,RegionC,354.29,50.70999999999998
892,RegionD,371.606667,348.393333
892,RegionE,385.693333,174.306667
892,RegionF,393.894,146.106
893,RegionA,375.682,44.317999999999984
893,RegionB,368.884,41.115999999999985
893,RegionC,372.832,32.168000000000006
893,RegionD,339.586,380.414
893,RegionE,369.19,190.81
893,RegionF,416.788333,123.21166699999998
894,RegionA,380.477333,39.52266700000001
894,RegionB,367.269667,42.73033299999997
894,RegionC,376.793333,28.20666699999998
894,RegionD,333.388,386.612
894,RegionE,358.053333,201.946667
894,RegionF,418.68,121.32
895,RegionA,396.198667,23.801333
895,RegionB,381.784,28.216000000000008
895,RegionC,375.76,29.24000000000001
895,RegionD,308.464333,411.535667
895,RegionE,343.969333,216.030667
895,RegionF,453.519667,86.48033299999997
896,RegionA,382.174,37.82600000000002
896,RegionB,377.414667,32.58533299999999
896,RegionC,369.086667,35.91333300000002
896,RegionD,286.517333,433.482667
896,RegionE,330.505333,229.494667
896,RegionF,425.296667,114.70333299999999
897,RegionA,382.526667,37.473333000000025
897,RegionB,362.229,47.771000000000015
897,RegionC,377.62,27.379999999999995
897,RegionD,274.083333,445.916667
897,RegionE,330.9,229.10000000000002
897,RegionF,404.047333,135.95266700000002
898,RegionA,387.045667,32.95433300000002
898,RegionB,378.401,31.59899999999999
898,RegionC,380.16,24.839999999999975
898,RegionD,244.892,475.108
898,RegionE,306.176667,253.823333
898,RegionF,389.154,150.846
899,RegionA,365.543333,54.45666699999998
899,RegionB,367.990333,42.00966699999998
899,RegionC,369.28,35.72000000000003
899,RegionD,260.381667,459.618333
899,RegionE,247.055667,312.94433300000003
899,RegionF,333.17,206.82999999999998
900,RegionA,356.76,63.24000000000001
900,RegionB,323.086,86.91399999999999
900,RegionC,330.331,74.66899999999998
900,RegionD,220.303333,499.696667
900,RegionE,301.38,258.62
900,RegionF,336.89,203.11
901,RegionA,308.916667,111.08333299999998
901,RegionB,294.997,115.00299999999999
901,RegionC,338.501333,66.49866700000001
901,RegionD,215.654667,504.345333
901,RegionE,305.931,254.06900000000002
901,RegionF,269.862,270.138
902,RegionA,301.006,118.99400000000003
902,RegionB,291.921,118.07900000000001
902,RegionC,308.388,96.61200000000002
902,RegionD,201.674333,518.3256670000001
902,RegionE,259.817667,300.182333
902,RegionF,265.847333,274.152667
903,RegionA,279.738667,140.26133299999998
903,RegionB,253.969333,156.030667
903,RegionC,273.468,131.53199999999998
903,RegionD,150.728667,569.271333
903,RegionE,261.497667,298.502333
903,RegionF,233.474,306.526
904,RegionA,236.933667,183.066333
904,RegionB,237.166667,172.833333
904,RegionC,223.580667,181.419333
904,RegionD,145.622667,574.377333
904,RegionE,241.954,318.046
904,RegionF,183.839333,356.160667
905,RegionA,212.536333,207.463667
905,RegionB,240.674,169.326
905,RegionC,219.607333,185.392667
905,RegionD,95.076667,624.923333
905,RegionE,221.759667,338.24033299999996
905,RegionF,167.848,372.152
906,RegionA,189.896667,230.103333
906,RegionB,223.213333,186.786667
906,RegionC,198.456,206.544
906,RegionD,187.426667,532.573333
906,RegionE,202.95,357.05
906,RegionF,149.404667,390.595333
907,RegionA,175.666,244.334
907,RegionB,229.452667,180.547333
907,RegionC,219.805,185.195
907,RegionD,193.250667,526.749333
907,RegionE,226.97,333.03
907,RegionF,144.5,395.5
908,RegionA,213.854,206.146
908,RegionB,242.356,167.644
908,RegionC,231.721667,173.278333
908,RegionD,192.563333,527.4366669999999
908,RegionE,216.743333,343.256667
908,RegionF,160.196667,379.803333
909,RegionA,256.358,163.642
909,RegionB,285.995333,124.00466699999998
909,RegionC,239.730667,165.269333
909,RegionD,224.224667,495.775333
909,RegionE,154.16,405.84000000000003
909,RegionF,141.621333,398.378667
910,RegionA,293.282667,126.717333
910,RegionB,280.24,129.76
910,RegionC,253.08,151.92
910,RegionD,248.336,471.664
910,RegionE,165.797667,394.202333
910,RegionF,162.864667,377.135333
911,RegionA,262.95,157.05
911,RegionB,293.61,116.38999999999999
911,RegionC,271.582667,133.41733299999999
911,RegionD,197.271333,522.728667
911,RegionE,214.414333,345.585667
911,RegionF,154.941333,385.058667
912,RegionA,322.692,97.30799999999999
912,RegionB,303.321333,106.67866700000002
912,RegionC,354.601333,50.39866699999999
912,RegionD,226.605333,493.394667
912,RegionE,274.367333,285.632667
912,RegionF,188.930333,351.069667
913,RegionA,379.869333,40.13066700000002
913,RegionB,350.634667,59.36533300000002
913,RegionC,358.732,46.26799999999997
913,RegionD,216.483333,503.516667
913,RegionE,323.317,236.683
913,RegionF,211.934,328.06600000000003
914,RegionA,381.255,38.745000000000005
914,RegionB,378.867333,31.132667000000026
914,RegionC,359.426667,45.57333299999999
914,RegionD,227.966,492.034
914,RegionE,333.95,226.05
914,RegionF,235.972,304.028
915,RegionA,389.614667,30.385333000000003
915,RegionB,373.915333,36.084667000000024
915,RegionC,361.708333,43.29166700000002
915,RegionD,260.870667,459.129333
915,RegionE,375.256667,184.743333
915,RegionF,314.920667,225.07933300000002
916,RegionA,378.730667,41.26933300000002
916,RegionB,361.953,48.047000000000025
916,RegionC,372.624,32.375999999999976
916,RegionD,322.198667,397.801333
916,RegionE,361.771333,198.22866699999997
916,RegionF,357.049333,182.950667
917,RegionA,383.048667,36.95133299999998
917,RegionB,365.525667,44.474333
917,RegionC,381.464,23.536
917,RegionD,350.950333,369.049667
917,RegionE,380.41,179.58999999999997
917,RegionF,364.980333,175.01966700000003
918,RegionA,384.002667,35.997333000000026
918,RegionB,370.897333,39.102667
918,RegionC,382.318667,22.681332999999995
918,RegionD,409.43,310.57
918,RegionE,410.614,149.38600000000002
918,RegionF,336.806667,203.193333
919,RegionA,363.320333,56.679666999999995
919,RegionB,370.649333,39.35066699999999
919,RegionC,382.0,23.0
919,RegionD,384.631333,335.368667
919,RegionE,444.735333,115.26466699999997
919,RegionF,338.602,201.39800000000002
920,RegionA,351.662667,68.337333
920,RegionB,369.478333,40.52166699999998
920,RegionC,385.882667,19.117332999999974
920,RegionD,371.006333,348.993667
920,RegionE,418.497333,141.50266699999997
920,RegionF,357.465333,182.534667
921,RegionA,368.513333,51.48666700000001
921,RegionB,356.144,53.855999999999995
921,RegionC,385.927333,19.072667000000024
921,RegionD,354.639333,365.360667
921,RegionE,377.038,182.962
921,RegionF,324.492,215.50799999999998
922,RegionA,360.868333,59.13166699999999
922,RegionB,374.461333,35.538666999999975
922,RegionC,384.72,20.279999999999973
922,RegionD,363.766,356.234
922,RegionE,352.652,207.348
922,RegionF,337.761333,202.23866700000002
923,RegionA,355.198333,64.80166700000001
923,RegionB,387.342667,22.657332999999994
923,RegionC,357.472667,47.527333
923,RegionD,342.714667,377.285333
923,RegionE,258.249333,301.750667
923,RegionF,303.015333,236.984667
924,RegionA,322.295667,97.70433300000002
924,RegionB,351.082,58.918000000000006
924,RegionC,351.714667,53.28533299999998
924,RegionD,263.965667,456.034333
924,RegionE,307.316667,252.683333
924,RegionF,295.73,244.26999999999998
925,RegionA,293.361333,126.638667
925,RegionB,334.588,75.41199999999998
925,RegionC,313.654,91.346
925,RegionD,274.23,445.77
925,RegionE,255.495667,304.504333
925,RegionF,291.013,248.98700000000002
926,RegionA,287.045333,132.95466699999997
926,RegionB,310.245,99.755
926,RegionC,306.592,98.40800000000002
926,RegionD,247.320333,472.679667
926,RegionE,259.677,300.323
926,RegionF,282.223333,257.776667
927,RegionA,268.925333,151.07466699999998
927,RegionB,266.356,143.644
927,RegionC,279.446,125.55399999999997
927,RegionD,197.627667,522.372333
927,RegionE,218.857,341.14300000000003
927,RegionF,249.292667,290.707333
928,RegionA,226.099333,193.900667
928,RegionB,241.980333,168.019667
928,RegionC,224.557333,180.442667
928,RegionD,168.726667,551.273333
928,RegionE,176.803667,383.196333
928,RegionF,200.886667,339.113333
929,RegionA,193.178667,226.821333
929,RegionB,241.146667,168.853333
929,RegionC,200.056,204.944
929,RegionD,141.644,578.356
929,RegionE,206.022667,353.977333
929,RegionF,174.31,365.69
930,RegionA,181.373667,238.626333
930,RegionB,229.538667,180.461333
930,RegionC,209.381333,195.618667
930,RegionD,134.967333,585.032667
930,RegionE,172.258,387.74199999999996
930,RegionF,180.015,359.985
931,RegionA,232.554,187.446
931,RegionB,223.435333,186.564667
931,RegionC,219.906333,185.093667
931,RegionD,149.142,570.858
931,RegionE,172.12,387.88
931,RegionF,186.05,353.95
932,RegionA,215.271,204.729
932,RegionB,209.072,200.928
932,RegionC,241.08,163.92
932,RegionD,138.926,581.0740000000001
932,RegionE,174.342667,385.657333
932,RegionF,164.08,375.91999999999996
933,RegionA,257.012,162.988
933,RegionB,285.167333,124.83266700000001
933,RegionC,272.412,132.58800000000002
933,RegionD,191.07,528.9300000000001
933,RegionE,215.954667,344.045333
933,RegionF,211.367333,328.63266699999997
934,RegionA,262.233333,157.76666699999998
934,RegionB,253.01,156.99
934,RegionC,299.493333,105.506667
934,RegionD,180.618667,539.381333
934,RegionE,236.474,323.526
934,RegionF,258.125333,281.874667
935,RegionA,286.623333,133.376667
935,RegionB,315.688,94.31200000000001
935,RegionC,315.634,89.36599999999999
935,RegionD,209.606,510.394
935,RegionE,292.151333,267.848667
935,RegionF,229.584333,310.415667
936,RegionA,366.140667,53.85933299999999
936,RegionB,332.022,77.97800000000001
936,RegionC,332.52,72.48000000000002
936,RegionD,224.607,495.39300000000003
936,RegionE,307.906,252.094
936,RegionF,257.209333,282.790667
937,RegionA,396.003333,23.996667000000002
937,RegionB,380.608667,29.391332999999975
937,RegionC,376.335667,28.664333
937,RegionD,298.544667,421.455333
937,RegionE,359.505,200.495
937,RegionF,295.550333,244.44966699999998
938,RegionA,396.001333,23.99866700000001
938,RegionB,371.725667,38.27433300000001
938,RegionC,379.315,25.685000000000002
938,RegionD,293.153667,426.846333
938,RegionE,355.32,204.68
938,RegionF,327.296667,212.703333
939,RegionA,395.807333,24.19266699999997
939,RegionB,384.044,25.956000000000017
939,RegionC,379.145333,25.854667000000006
939,RegionD,318.679333,401.320667
939,RegionE,393.15,166.85000000000002
939,RegionF,393.952,146.048
940,RegionA,397.062333,22.937666999999976
940,RegionB,387.577333,22.42266699999999
940,RegionC,379.956667,25.04333300000002
940,RegionD,302.864,417.136
940,RegionE,389.34,170.66000000000003
940,RegionF,377.253667,162.746333
941,RegionA,395.526667,24.473333000000025
941,RegionB,382.276,27.72399999999999
941,RegionC,379.645333,25.354667000000006
941,RegionD,312.467,407.533
941,RegionE,393.423333,166.576667
941,RegionF,383.528333,156.47166700000002
942,RegionA,362.919333,57.080667000000005
942,RegionB,390.503667,19.496332999999993
942,RegionC,377.957,27.043000000000006
942,RegionD,335.504,384.496
942,RegionE,404.603,155.397
942,RegionF,386.720667,153.279333
943,RegionA,361.871667,58.128333
943,RegionB,379.0,31.0
943,RegionC,379.313333,25.686667
943,RegionD,229.759667,490.24033299999996
943,RegionE,425.646,134.35399999999998
943,RegionF,376.103333,163.89666699999998
944,RegionA,365.405333,54.594667000000015
944,RegionB,377.396,32.603999999999985
944,RegionC,357.794,47.20600000000002
944,RegionD,248.698667,471.301333
944,RegionE,412.413333,147.58666699999998
944,RegionF,320.056667,219.943333
945,RegionA,368.7,51.30000000000001
945,RegionB,375.496667,34.503333
945,RegionC,361.368667,43.631332999999984
945,RegionD,250.794667,469.205333
945,RegionE,387.58,172.42000000000002
945,RegionF,335.776,204.224
946,RegionA,370.342667,49.657332999999994
946,RegionB,373.888667,36.111333
946,RegionC,363.84,41.160000000000025
946,RegionD,246.43,473.57
946,RegionE,319.78,240.22000000000003
946,RegionF,329.170667,210.82933300000002
947,RegionA,368.634,51.365999999999985
947,RegionB,359.35,50.64999999999998
947,RegionC,361.648,43.351999999999975
947,RegionD,217.206333,502.793667
947,RegionE,299.269333,260.730667
947,RegionF,296.878333,243.121667
948,RegionA,349.292667,70.707333
948,RegionB,315.181,94.81900000000002
948,RegionC,335.522,69.47800000000001
948,RegionD,204.694667,515.305333
948,RegionE,297.803333,262.196667
948,RegionF,264.75,275.25
949,RegionA,313.122667,106.87733300000002
949,RegionB,299.908667,110.09133300000002
949,RegionC,324.098,80.90199999999999
949,RegionD,246.176,473.824
949,RegionE,284.142667,275.857333
949,RegionF,235.419333,304.580667
950,RegionA,298.115,121.88499999999999
950,RegionB,263.094667,146.90533299999998
950,RegionC,300.083333,104.91666700000002
950,RegionD,223.91,496.09000000000003
950,RegionE,259.11,300.89
950,RegionF,237.074,302.926
951,RegionA,270.888,149.11200000000002
951,RegionB,252.987,157.013
951,RegionC,281.065,123.935
951,RegionD,208.420333,511.579667
951,RegionE,192.504333,367.495667
951,RegionF,187.211,352.789
952,RegionA,255.627333,164.372667
952,RegionB,185.393,224.607
952,RegionC,235.356667,169.643333
952,RegionD,176.664667,543.335333
952,RegionE,92.120667,467.879333
952,RegionF,178.977333,361.022667
953,RegionA,200.805,219.195
953,RegionB,168.081,241.919
953,RegionC,237.697,167.303
953,RegionD,148.34,571.66
953,RegionE,63.511333,496.488667
953,RegionF,163.235,376.765
954,RegionA,219.493333,200.506667
954,RegionB,187.296667,222.703333
954,RegionC,247.008667,157.991333
954,RegionD,174.864333,545.135667
954,RegionE,106.826667,453.173333
954,RegionF,136.912,403.08799999999997
955,RegionA,208.346,211.654
955,RegionB,205.582,204.418
955,RegionC,221.25,183.75
955,RegionD,175.484667,544.515333
955,RegionE,157.856,402.144
955,RegionF,162.202,377.798
956,RegionA,184.626,235.374
956,RegionB,259.078667,150.921333
956,RegionC,230.220667,174.779333
956,RegionD,197.307,522.693
956,RegionE,174.494667,385.505333
956,RegionF,174.204667,365.795333
957,RegionA,239.4,180.6
957,RegionB,244.713,165.287
957,RegionC,260.375333,144.624667
957,RegionD,219.098,500.902
957,RegionE,209.446,350.554
957,RegionF,190.954,349.046
958,RegionA,281.473,138.527
958,RegionB,254.382,155.618
958,RegionC,282.322667,122.67733299999998
958,RegionD,264.746,455.254
958,RegionE,308.429667,251.570333
958,RegionF,228.84,311.15999999999997
959,RegionA,295.640667,124.35933299999999
959,RegionB,278.52,131.48000000000002
959,RegionC,298.083333,106.91666700000002
959,RegionD,283.918,436.082
959,RegionE,310.61,249.39
959,RegionF,220.716667,319.28333299999997
960,RegionA,325.607333,94.39266700000002
960,RegionB,322.031333,87.96866699999998
960,RegionC,342.4,62.60000000000002
960,RegionD,326.774,393.226
960,RegionE,311.031667,248.96833299999997
960,RegionF,195.510667,344.489333
961,RegionA,369.829333,50.17066699999998
961,RegionB,306.06,103.94
961,RegionC,345.763333,59.23666700000001
961,RegionD,360.816,359.184
961,RegionE,318.369333,241.63066700000002
961,RegionF,307.023333,232.97666700000002
962,RegionA,392.188,27.812000000000012
962,RegionB,353.772333,56.227667
962,RegionC,369.366667,35.63333299999999
962,RegionD,367.0,353.0
962,RegionE,321.350667,238.649333
962,RegionF,332.286333,207.713667
963,RegionA,394.155,25.845000000000027
963,RegionB,368.964,41.036
963,RegionC,380.284333,24.715666999999996
963,RegionD,398.604,321.396
963,RegionE,339.287333,220.712667
963,RegionF,397.179333,142.82066700000001
964,RegionA,394.428,25.572000000000003
964,RegionB,369.687333,40.312666999999976
964,RegionC,384.28,20.720000000000027
964,RegionD,400.896667,319.103333
964,RegionE,346.547,213.45299999999997
964,RegionF,398.237333,141.76266700000002
965,RegionA,393.523667,26.47633300000001
965,RegionB,372.218667,37.78133300000002
965,RegionC,380.08,24.920000000000016
965,RegionD,441.118667,278.881333
965,RegionE,350.907333,209.092667
965,RegionF,406.977333,133.022667
966,RegionA,380.095667,39.90433300000001
966,RegionB,372.807333,37.19266699999997
966,RegionC,378.559333,26.44066700000002
966,RegionD,372.568333,347.431667
966,RegionE,344.112,215.88799999999998
966,RegionF,433.737,106.26299999999998
967,RegionA,358.669,61.33100000000002
967,RegionB,385.779667,24.220332999999982
967,RegionC,375.346,29.653999999999996
967,RegionD,341.901667,378.098333
967,RegionE,367.451667,192.548333
967,RegionF,426.602667,113.397333
968,RegionA,365.873333,54.126667
968,RegionB,370.853333,39.14666699999998
968,RegionC,375.121,29.87900000000002
968,RegionD,352.506667,367.493333
968,RegionE,376.154,183.846
968,RegionF,437.477333,102.52266700000001
969,RegionA,368.54,51.45999999999998
969,RegionB,359.942667,50.05733300000003
969,RegionC,366.264333,38.73566699999998
969,RegionD,286.217,433.783
969,RegionE,309.910667,250.089333
969,RegionF,358.143333,181.85666700000002
970,RegionA,367.167333,52.832667000000015
970,RegionB,350.687333,59.312666999999976
970,RegionC,365.928667,39.07133299999998
970,RegionD,280.481333,439.518667
970,RegionE,327.095667,232.904333
970,RegionF,351.704,188.296
971,RegionA,361.398667,58.60133300000001
971,RegionB,374.89,35.110000000000014
971,RegionC,336.474,68.52600000000001
971,RegionD,246.492667,473.507333
971,RegionE,279.910667,280.089333
971,RegionF,317.11,222.89
972,RegionA,323.422333,96.57766700000002
972,RegionB,332.78,77.22000000000003
972,RegionC,352.698,52.30200000000002
972,RegionD,275.302667,444.697333
972,RegionE,256.635667,303.364333
972,RegionF,270.212333,269.787667
973,RegionA,314.967667,105.032333
973,RegionB,306.727667,103.272333
973,RegionC,328.200667,76.79933299999999
973,RegionD,245.097667,474.902333
973,RegionE,238.723333,321.276667
973,RegionF,297.507667,242.49233299999997
974,RegionA,288.337667,131.662333
974,RegionB,309.042333,100.95766700000001
974,RegionC,310.918,94.082
974,RegionD,254.877667,465.122333
974,RegionE,236.581333,323.418667
974,RegionF,290.473667,249.52633300000002
975,RegionA,270.987667,149.012333
975,RegionB,268.049333,141.950667
975,RegionC,293.672,111.32799999999997
975,RegionD,246.464667,473.53533300000004
975,RegionE,213.752,346.248
975,RegionF,259.288667,280.711333
976,RegionA,252.762667,167.237333
976,RegionB,228.964,181.036
976,RegionC,223.455,181.545
976,RegionD,236.507667,483.49233300000003
976,RegionE,192.223,367.777
976,RegionF,233.61,306.39
977,RegionA,201.473333,218.526667
977,RegionB,235.351667,174.648333
977,RegionC,235.473333,169.526667
977,RegionD,203.195333,516.804667
977,RegionE,152.613333,407.386667
977,RegionF,194.684,345.31600000000003
978,RegionA,203.082667,216.917333
978,RegionB,189.971667,220.028333
978,RegionC,236.226667,168.773333
978,RegionD,189.873333,530.126667
978,RegionE,158.67,401.33000000000004
978,RegionF,187.836667,352.16333299999997
979,RegionA,237.550667,182.449333
979,RegionB,229.714667,180.285333
979,RegionC,240.378,164.622
979,RegionD,166.497,553.5029999999999
979,RegionE,204.012,355.988
979,RegionF,222.46,317.53999999999996
980,RegionA,226.956667,193.043333
980,RegionB,213.201333,196.798667
980,RegionC,233.401667,171.598333
980,RegionD,79.978,640.022
980,RegionE,213.757333,346.242667
980,RegionF,175.36,364.64
981,RegionA,234.911667,185.088333
981,RegionB,245.251667,164.748333
981,RegionC,280.674667,124.325333
981,RegionD,114.613333,605.386667
981,RegionE,242.234,317.76599999999996
981,RegionF,211.187,328.813
982,RegionA,239.408333,180.591667
982,RegionB,260.168333,149.83166699999998
982,RegionC,281.238,123.762
982,RegionD,200.123,519.877
982,RegionE,277.92,282.08
982,RegionF,257.427333,282.572667
983,RegionA,287.422667,132.577333
983,RegionB,259.872333,150.12766699999997
983,RegionC,295.034667,109.96533299999999
983,RegionD,215.174667,504.825333
983,RegionE,318.83,241.17000000000002
983,RegionF,290.64,249.36
984,RegionA,306.096667,113.90333299999998
984,RegionB,359.418667,50.58133299999997
984,RegionC,310.208,94.79199999999997
984,RegionD,284.686,435.314
984,RegionE,319.33,240.67000000000002
984,RegionF,306.110667,233.88933300000002
985,RegionA,358.717333,61.282667000000004
985,RegionB,368.78,41.22000000000003
985,RegionC,324.727333,80.27266700000001
985,RegionD,279.59,440.41
985,RegionE,336.946667,223.053333
985,RegionF,333.182667,206.81733300000002
986,RegionA,361.530667,58.469333000000006
986,RegionB,378.04,31.95999999999998
986,RegionC,352.786667,52.21333299999998
986,RegionD,351.498,368.502
986,RegionE,369.26,190.74
986,RegionF,351.224,188.776
987,RegionA,374.887333,45.11266699999999
987,RegionB,371.32,38.68000000000001
987,RegionC,354.454,50.54599999999999
987,RegionD,378.127333,341.872667
987,RegionE,375.962667,184.037333
987,RegionF,363.826,176.17399999999998
988,RegionA,385.836,34.16399999999999
988,RegionB,378.72,31.279999999999973
988,RegionC,353.141667,51.858333000000016
988,RegionD,397.923,322.077
988,RegionE,413.816667,146.183333
988,RegionF,393.601333,146.398667
989,RegionA,392.44,27.560000000000002
989,RegionB,379.717333,30.282667000000004
989,RegionC,354.888,50.11200000000002
989,RegionD,394.831667,325.168333
989,RegionE,455.748333,104.251667
989,RegionF,410.351667,129.64833299999998
990,RegionA,395.808,24.192000000000007
990,RegionB,364.258667,45.741333
990,RegionC,322.764,82.23599999999999
990,RegionD,359.87,360.13
990,RegionE,420.133333,139.866667
990,RegionF,388.300333,151.69966699999998
991,RegionA,389.133,30.86700000000002
991,RegionB,364.977333,45.02266700000001
991,RegionC,305.224667,99.77533299999999
991,RegionD,353.460667,366.539333
991,RegionE,359.206667,200.79333300000002
991,RegionF,443.32,96.68
992,RegionA,376.268,43.73200000000003
992,RegionB,365.203333,44.796667000000014
992,RegionC,321.852,83.14800000000002
992,RegionD,363.983667,356.016333
992,RegionE,308.130333,251.869667
992,RegionF,377.540667,162.45933300000002
993,RegionA,389.504667,30.495333000000016
993,RegionB,368.860667,41.13933300000002
993,RegionC,327.252667,77.74733300000003
993,RegionD,291.071333,428.928667
993,RegionE,340.37,219.63
993,RegionF,388.079333,151.92066699999998
994,RegionA,387.605333,32.39466700000003
994,RegionB,378.580333,31.419667000000004
994,RegionC,341.164,63.83600000000001
994,RegionD,295.821333,424.178667
994,RegionE,307.051333,252.948667
994,RegionF,342.236,197.764
995,RegionA,366.282,53.71800000000002
995,RegionB,377.387,32.613
995,RegionC,360.731333,44.26866699999999
995,RegionD,285.205333,434.794667
995,RegionE,288.728333,271.271667
995,RegionF,338.35,201.64999999999998
996,RegionA,338.258667,81.741333
996,RegionB,344.563333,65.436667
996,RegionC,358.93,46.06999999999999
996,RegionD,260.577,459.423
996,RegionE,292.34,267.66
996,RegionF,289.315667,250.68433299999998
997,RegionA,308.137333,111.86266699999999
997,RegionB,320.715667,89.284333
997,RegionC,310.895667,94.104333
997,RegionD,252.162667,467.837333
997,RegionE,277.784333,282.215667
997,RegionF,302.108333,237.89166699999998
998,RegionA,295.832667,124.16733299999999
998,RegionB,304.86,105.13999999999999
998,RegionC,284.330333,120.669667
998,RegionD,219.540667,500.459333
998,RegionE,245.941333,314.058667
998,RegionF,258.034,281.966
999,RegionA,270.023,149.97699999999998
999,RegionB,255.033667,154.966333
999,RegionC,282.187,122.81299999999999
999,RegionD,214.538,505.462
999,RegionE,200.717667,359.282333
999,RegionF,233.184,306.81600000000003
1000,RegionA,225.705667,194.294333
1000,RegionB,206.993667,203.006333
1000,RegionC,241.054,163.946
1000,RegionD,188.27,531.73
1000,RegionE,151.162667,408.837333
1000,RegionF,178.061,361.93899999999996
1001,RegionA,210.140667,209.859333
1001,RegionB,213.05,196.95
1001,RegionC,201.04,203.96
1001,RegionD,186.603333,533.396667
1001,RegionE,155.323333,404.676667
1001,RegionF,160.354,379.64599999999996
1002,RegionA,155.674667,264.325333
1002,RegionB,196.705333,213.294667
1002,RegionC,210.956667,194.043333
1002,RegionD,148.805333,571.194667
1002,RegionE,135.93,424.07
1002,RegionF,116.740333,423.259667
1003,RegionA,190.342667,229.657333
1003,RegionB,197.568333,212.431667
1003,RegionC,215.138667,189.861333
1003,RegionD,178.161,541.8389999999999
1003,RegionE,138.375667,421.624333
1003,RegionF,166.653333,373.346667
1004,RegionA,219.756667,200.243333
1004,RegionB,214.494667,195.505333
1004,RegionC,263.474,141.526
1004,RegionD,128.187,591.813
1004,RegionE,178.426667,381.573333
1004,RegionF,149.426,390.574
1005,RegionA,240.76,179.24
1005,RegionB,257.786333,152.213667
1005,RegionC,242.51,162.49
1005,RegionD,190.964333,529.035667
1005,RegionE,171.456,388.544
1005,RegionF,198.862333,341.13766699999996
1006,RegionA,247.001333,172.998667
1006,RegionB,309.241667,100.758333
1006,RegionC,288.487667,116.51233300000001
1006,RegionD,174.235333,545.764667
1006,RegionE,192.886667,367.113333
1006,RegionF,225.873333,314.126667
1007,RegionA,276.806667,143.193333
1007,RegionB,320.164667,89.83533299999999
1007,RegionC,320.850667,84.14933300000001
1007,RegionD,243.96,476.03999999999996
1007,RegionE,233.516667,326.483333
1007,RegionF,259.072,280.928
1008,RegionA,295.808667,124.19133299999999
1008,RegionB,338.483,71.517
1008,RegionC,349.83,55.170000000000016
1008,RegionD,292.94,427.06
1008,RegionE,230.542667,329.457333
1008,RegionF,290.608,249.392
1009,RegionA,331.965333,88.03466700000001
1009,RegionB,365.172667,44.82733300000001
1009,RegionC,379.85,25.149999999999977
1009,RegionD,328.626333,391.373667
1009,RegionE,342.943,217.05700000000002
1009,RegionF,295.733333,244.26666699999998
1010,RegionA,357.494,62.50599999999997
1010,RegionB,380.199333,29.800666999999976
1010,RegionC,379.356,25.644000000000005
1010,RegionD,311.670333,408.329667
1010,RegionE,350.092,209.90800000000002
1010,RegionF,297.173667,242.82633299999998
1011,RegionA,361.036667,58.96333299999998
1011,RegionB,384.5,25.5
1011,RegionC,382.94,22.060000000000002
1011,RegionD,316.258,403.742
1011,RegionE,357.875333,202.124667
1011,RegionF,359.004,180.99599999999998
1012,RegionA,361.114333,58.88566700000001
1012,RegionB,386.962333,23.037667
1012,RegionC,380.96,24.04000000000002
1012,RegionD,372.161667,347.838333
1012,RegionE,392.193667,167.806333
1012,RegionF,347.2,192.8
1013,RegionA,367.326667,52.673333000000014
1013,RegionB,385.313333,24.686667
1013,RegionC,381.181667,23.818332999999996
1013,RegionD,385.855333,334.144667
1013,RegionE,384.08,175.92000000000002
1013,RegionF,393.283333,146.71666699999997
1014,RegionA,381.712667,38.28733299999999
1014,RegionB,383.868,26.132000000000005
1014,RegionC,385.968,19.031999999999982
1014,RegionD,373.484667,346.515333
1014,RegionE,398.464667,161.53533299999998
1014,RegionF,418.377,121.62299999999999
1015,RegionA,388.588667,31.411333000000013
1015,RegionB,381.255,28.745000000000005
1015,RegionC,386.673333,18.326666999999986
1015,RegionD,319.979333,400.020667
1015,RegionE,427.812667,132.18733300000002
1015,RegionF,439.110667,100.88933300000002
1016,RegionA,374.67,45.329999999999984
1016,RegionB,383.372667,26.62733300000002
1016,RegionC,379.515333,25.484667
1016,RegionD,336.887667,383.112333
1016,RegionE,391.533333,168.46666699999997
1016,RegionF,426.873333,113.126667
1017,RegionA,378.241333,41.758667
1017,RegionB,373.472,36.52800000000002
1017,RegionC,381.772,23.22800000000001
1017,RegionD,285.514333,434.485667
1017,RegionE,388.642,171.358
1017,RegionF,362.8,177.2
1018,RegionA,379.615,40.38499999999999
1018,RegionB,372.490333,37.50966699999998
1018,RegionC,375.596333,29.403666999999984
1018,RegionD,219.492667,500.507333
1018,RegionE,357.358,202.642
1018,RegionF,366.105,173.89499999999998
1019,RegionA,337.116667,82.883333
1019,RegionB,355.46,54.54000000000002
1019,RegionC,380.014,24.98599999999999
1019,RegionD,243.188667,476.811333
1019,RegionE,344.257667,215.74233299999997
1019,RegionF,284.904667,255.09533299999998
1020,RegionA,317.72,102.27999999999997
1020,RegionB,325.854,84.14600000000002
1020,RegionC,343.756,61.24400000000003
1020,RegionD,254.821333,465.178667
1020,RegionE,312.236667,247.763333
1020,RegionF,278.213333,261.786667
1021,RegionA,294.651,125.34899999999999
1021,RegionB,316.43,93.57
1021,RegionC,329.312,75.68799999999999
1021,RegionD,218.595333,501.404667
1021,RegionE,280.959333,279.040667
1021,RegionF,271.356667,268.643333
1022,RegionA,269.45,150.55
1022,RegionB,299.604,110.39600000000002
1022,RegionC,306.568,98.43200000000002
1022,RegionD,182.281,537.719
1022,RegionE,281.007333,278.992667
1022,RegionF,249.493667,290.50633300000004
1023,RegionA,226.039667,193.960333
1023,RegionB,270.471667,139.52833299999998
1023,RegionC,274.809,130.19099999999997
1023,RegionD,170.7,549.3
1023,RegionE,256.180333,303.819667
1023,RegionF,208.149333,331.850667
1024,RegionA,217.060667,202.939333
1024,RegionB,223.393667,186.606333
1024,RegionC,221.560667,183.439333
1024,RegionD,133.422,586.578
1024,RegionE,179.1,380.9
1024,RegionF,183.526,356.474
1025,RegionA,190.972667,229.027333
1025,RegionB,176.498667,233.501333
1025,RegionC,193.647333,211.352667
1025,RegionD,77.365333,642.634667
1025,RegionE,153.924667,406.075333
1025,RegionF,145.362667,394.637333
1026,RegionA,234.688,185.312
1026,RegionB,208.498333,201.501667
1026,RegionC,207.945333,197.054667
1026,RegionD,89.208667,630.791333
1026,RegionE,150.66,409.34000000000003
1026,RegionF,104.808,435.192
1027,RegionA,206.641,213.359
1027,RegionB,226.764333,183.235667
1027,RegionC,234.451667,170.548333
1027,RegionD,113.711667,606.288333
1027,RegionE,128.119667,431.880333
1027,RegionF,168.611333,371.388667
1028,RegionA,234.05,185.95
1028,RegionB,206.878,203.122
1028,RegionC,233.963333,171.036667
1028,RegionD,88.682,631.318
1028,RegionE,176.261,383.73900000000003
1028,RegionF,170.311333,369.688667
1029,RegionA,230.845333,189.154667
1029,RegionB,233.608333,176.391667
1029,RegionC,240.464,164.536
1029,RegionD,172.455333,547.544667
1029,RegionE,195.805333,364.194667
1029,RegionF,170.99,369.01
1030,RegionA,240.603667,179.396333
1030,RegionB,249.563333,160.436667
1030,RegionC,275.638,129.36200000000002
1030,RegionD,148.123,571.877
1030,RegionE,196.647333,363.352667
1030,RegionF,187.428333,352.571667
1031,RegionA,278.758333,141.241667
1031,RegionB,299.397333,110.602667
1031,RegionC,306.938333,98.061667
1031,RegionD,200.251333,519.7486670000001
1031,RegionE,275.542667,284.457333
1031,RegionF,251.314,288.68600000000004
1032,RegionA,333.412,86.58800000000002
1032,RegionB,364.784333,45.215666999999996
1032,RegionC,360.252,44.74799999999999
1032,RegionD,180.258,539.742
1032,RegionE,295.995333,264.004667
1032,RegionF,316.072,223.928
1033,RegionA,351.740333,68.25966699999998
1033,RegionB,388.672,21.327999999999975
1033,RegionC,378.613333,26.38666699999999
1033,RegionD,191.605667,528.394333
1033,RegionE,348.79,211.20999999999998
1033,RegionF,325.34,214.66000000000003
1034,RegionA,350.762667,69.23733299999998
1034,RegionB,364.133333,45.86666700000001
1034,RegionC,383.364,21.636000000000024
1034,RegionD,257.459,462.541
1034,RegionE,365.498,194.502
1034,RegionF,391.267,148.733
1035,RegionA,357.096,62.903999999999996
1035,RegionB,340.537333,69.46266700000001
1035,RegionC,383.433333,21.566666999999995
1035,RegionD,297.523333,422.476667
1035,RegionE,389.660667,170.339333
1035,RegionF,385.888667,154.111333
1036,RegionA,368.816,51.184000000000026
1036,RegionB,329.448667,80.551333
1036,RegionC,370.262333,34.73766699999999
1036,RegionD,320.102667,399.897333
1036,RegionE,380.542,179.45800000000003
1036,RegionF,390.515,149.485
1037,RegionA,379.322667,40.677332999999976
1037,RegionB,350.255333,59.74466699999999
1037,RegionC,370.330667,34.669332999999995
1037,RegionD,354.523333,365.476667
1037,RegionE,443.33,116.67000000000002
1037,RegionF,384.882667,155.11733299999997
1038,RegionA,379.838,40.16199999999998
1038,RegionB,361.22,48.77999999999997
1038,RegionC,371.26,33.74000000000001
1038,RegionD,416.792,303.208
1038,RegionE,393.988,166.012
1038,RegionF,411.258,128.74200000000002
1039,RegionA,382.145333,37.854667000000006
1039,RegionB,360.152,49.84800000000001
1039,RegionC,370.389333,34.61066699999998
1039,RegionD,412.244667,307.755333
1039,RegionE,449.795,110.20499999999998
1039,RegionF,419.124,120.87599999999998
1040,RegionA,375.058667,44.941332999999986
1040,RegionB,353.496,56.50400000000002
1040,RegionC,373.694,31.305999999999983
1040,RegionD,389.525333,330.474667
1040,RegionE,408.92,151.07999999999998
1040,RegionF,427.53,112.47000000000003
1041,RegionA,384.832,35.168000000000006
1041,RegionB,357.345333,52.65466700000002
1041,RegionC,371.250667,33.74933299999998
1041,RegionD,346.076667,373.923333
1041,RegionE,390.323333,169.676667
1041,RegionF,365.402667,174.597333
1042,RegionA,359.673333,60.326666999999986
1042,RegionB,371.296,38.70400000000001
1042,RegionC,370.393333,34.606667000000016
1042,RegionD,334.700333,385.299667
1042,RegionE,354.739333,205.260667
1042,RegionF,364.802,175.19799999999998
1043,RegionA,358.142667,61.85733299999998
1043,RegionB,345.805,64.195
1043,RegionC,354.676,50.32400000000001
1043,RegionD,310.665333,409.334667
1043,RegionE,315.579333,244.42066699999998
1043,RegionF,356.008,183.99200000000002
1044,RegionA,337.150667,82.849333
1044,RegionB,318.494,91.50599999999997
1044,RegionC,345.234,59.76600000000002
1044,RegionD,321.875,398.125
1044,RegionE,297.08,262.92
1044,RegionF,256.762667,283.237333
1045,RegionA,313.046667,106.95333299999999
1045,RegionB,314.097667,95.902333
1045,RegionC,323.818667,81.181333
1045,RegionD,301.746333,418.253667
1045,RegionE,220.806667,339.193333
1045,RegionF,229.346667,310.653333
1046,RegionA,284.771667,135.22833300000002
1046,RegionB,277.807667,132.19233300000002
1046,RegionC,307.497667,97.50233300000002
1046,RegionD,273.443333,446.556667
1046,RegionE,201.886,358.11400000000003
1046,RegionF,215.153333,324.846667
1047,RegionA,265.809333,154.19066700000002
1047,RegionB,269.243,140.757
1047,RegionC,278.422667,126.57733300000001
1047,RegionD,218.494667,501.505333
1047,RegionE,159.602333,400.397667
1047,RegionF,194.283,345.717
1048,RegionA,220.687333,199.312667
1048,RegionB,221.507333,188.492667
1048,RegionC,244.035333,160.964667
1048,RegionD,192.317333,527.682667
1048,RegionE,146.326667,413.673333
1048,RegionF,174.483667,365.51633300000003
1049,RegionA,222.687667,197.312333
1049,RegionB,208.1,201.9
1049,RegionC,210.556667,194.443333
1049,RegionD,148.8,571.2
1049,RegionE,150.39,409.61
1049,RegionF,175.19,364.81
1050,RegionA,221.309,198.691
1050,RegionB,180.209333,229.790667
1050,RegionC,200.153333,204.846667
1050,RegionD,92.439,627.561
1050,RegionE,128.641,431.35900000000004
1050,RegionF,179.609333,360.390667
1051,RegionA,242.306667,177.693333
1051,RegionB,215.331333,194.668667
1051,RegionC,210.478667,194.521333
1051,RegionD,119.227,600.773
1051,RegionE,141.646,418.35400000000004
1051,RegionF,177.463667,362.536333
1052,RegionA,240.756333,179.243667
1052,RegionB,224.029333,185.970667
1052,RegionC,233.861667,171.138333
1052,RegionD,156.629333,563.370667
1052,RegionE,134.318,425.682
1052,RegionF,228.612667,311.387333
1053,RegionA,249.404,170.596
1053,RegionB,219.917333,190.082667
1053,RegionC,218.126333,186.873667
1053,RegionD,114.983333,605.016667
1053,RegionE,189.758,370.24199999999996
1053,RegionF,229.217333,310.782667
1054,RegionA,261.036,158.964
1054,RegionB,273.726,136.274
1054,RegionC,274.708333,130.29166700000002
1054,RegionD,156.591333,563.408667
1054,RegionE,184.208667,375.791333
1054,RegionF,224.225333,315.774667
1055,RegionA,321.976667,98.02333299999998
1055,RegionB,300.534,109.46600000000001
1055,RegionC,302.716667,102.28333300000003
1055,RegionD,203.426,516.5740000000001
1055,RegionE,236.291333,323.708667
1055,RegionF,263.253333,276.746667
1056,RegionA,346.473333,73.52666699999997
1056,RegionB,339.861667,70.13833299999999
1056,RegionC,329.528333,75.47166700000002
1056,RegionD,234.744,485.256
1056,RegionE,217.323,342.677
1056,RegionF,329.666,210.334
1057,RegionA,362.567667,57.43233300000003
1057,RegionB,381.305667,28.694332999999972
1057,RegionC,351.75,53.25
1057,RegionD,255.277333,464.722667
1057,RegionE,284.333333,275.666667
1057,RegionF,326.136667,213.863333
1058,RegionA,375.415,44.58499999999998
1058,RegionB,386.141,23.85899999999998
1058,RegionC,347.721333,57.278666999999984
1058,RegionD,308.786667,411.213333
1058,RegionE,331.776333,228.22366699999998
1058,RegionF,352.245333,187.75466699999998
1059,RegionA,392.303667,27.69633299999998
1059,RegionB,381.74,28.25999999999999
1059,RegionC,361.506667,43.49333300000001
1059,RegionD,359.670667,360.329333
1059,RegionE,372.344,187.656
1059,RegionF,364.109333,175.890667
1060,RegionA,393.864,26.136000000000024
1060,RegionB,379.322667,30.677332999999976
1060,RegionC,355.796667,49.203332999999986
1060,RegionD,436.574,283.426
1060,RegionE,383.602,176.39800000000002
1060,RegionF,388.047333,151.95266700000002
1061,RegionA,393.218667,26.781333000000018
1061,RegionB,380.250667,29.74933299999998
1061,RegionC,365.829333,39.17066699999998
1061,RegionD,416.321333,303.678667
1061,RegionE,417.843,142.15699999999998
1061,RegionF,416.424,123.57600000000002
1062,RegionA,394.101,25.899
1062,RegionB,376.513333,33.48666700000001
1062,RegionC,370.668,34.331999999999994
1062,RegionD,424.418667,295.581333
1062,RegionE,415.033333,144.96666699999997
1062,RegionF,473.416667,66.58333299999998
1063,RegionA,393.702667,26.29733299999998
1063,RegionB,376.721,33.278999999999996
1063,RegionC,350.976,54.024
1063,RegionD,409.678,310.322
1063,RegionE,395.962,164.038
1063,RegionF,447.36,92.63999999999999
1064,RegionA,394.836667,25.163333000000023
1064,RegionB,377.887333,32.11266699999999
1064,RegionC,364.270667,40.729333
1064,RegionD,391.23,328.77
1064,RegionE,355.350667,204.649333
1064,RegionF,375.71,164.29000000000002
1065,RegionA,391.549,28.451000000000022
1065,RegionB,378.008667,31.991332999999997
1065,RegionC,346.508,58.49200000000002
1065,RegionD,377.139333,342.860667
1065,RegionE,353.015333,206.984667
1065,RegionF,342.174333,197.825667
1066,RegionA,392.861333,27.138666999999998
1066,RegionB,376.421667,33.578332999999986
1066,RegionC,341.505333,63.49466699999999
1066,RegionD,324.183,395.817
1066,RegionE,359.965667,200.034333
1066,RegionF,322.848,217.152
1067,RegionA,366.219,53.781000000000006
1067,RegionB,356.957667,53.042332999999985
1067,RegionC,349.641333,55.358667000000025
1067,RegionD,310.141667,409.858333
1067,RegionE,311.433333,248.566667
1067,RegionF,336.784,203.216
1068,RegionA,351.497,68.50299999999999
1068,RegionB,325.696667,84.30333300000001
1068,RegionC,330.484333,74.51566700000001
1068,RegionD,255.101667,464.898333
1068,RegionE,289.373333,270.626667
1068,RegionF,305.361667,234.638333
1069,RegionA,315.580667,104.419333
1069,RegionB,307.444333,102.55566700000003
1069,RegionC,335.52,69.48000000000002
1069,RegionD,269.79,450.21
1069,RegionE,276.647,283.353
1069,RegionF,266.364667,273.635333
1070,RegionA,305.534333,114.465667
1070,RegionB,277.884333,132.11566699999997
1070,RegionC,295.496,109.50400000000002
1070,RegionD,257.840333,462.159667
1070,RegionE,253.282667,306.717333
1070,RegionF,257.179333,282.820667
1071,RegionA,268.755667,151.24433299999998
1071,RegionB,254.853333,155.146667
1071,RegionC,265.679333,139.32066700000001
1071,RegionD,237.131333,482.86866699999996
1071,RegionE,224.818,335.182
1071,RegionF,220.088,319.91200000000003
1072,RegionA,244.817667,175.182333
1072,RegionB,220.752667,189.247333
1072,RegionC,218.827333,186.172667
1072,RegionD,156.670667,563.329333
1072,RegionE,144.347667,415.652333
1072,RegionF,171.754667,368.24533299999996
1073,RegionA,218.134333,201.865667
1073,RegionB,207.627667,202.372333
1073,RegionC,227.671333,177.328667
1073,RegionD,140.471,579.529
1073,RegionE,117.46,442.54
1073,RegionF,161.03,378.97
1074,RegionA,236.984,183.016
1074,RegionB,165.734667,244.265333
1074,RegionC,202.324667,202.675333
1074,RegionD,156.632333,563.367667
1074,RegionE,131.428667,428.571333
1074,RegionF,167.494667,372.505333
1075,RegionA,224.736333,195.263667
1075,RegionB,198.826,211.174
1075,RegionC,210.677333,194.322667
1075,RegionD,128.891667,591.108333
1075,RegionE,155.212333,404.787667
1075,RegionF,186.644,353.356
1076,RegionA,231.065333,188.934667
1076,RegionB,218.207333,191.792667
1076,RegionC,201.188,203.812
1076,RegionD,130.151,589.8489999999999
1076,RegionE,191.976,368.024
1076,RegionF,182.425333,357.574667
1077,RegionA,263.173333,156.826667
1077,RegionB,262.836667,147.16333300000002
1077,RegionC,195.044667,209.955333
1077,RegionD,153.842,566.158
1077,RegionE,216.722667,343.277333
1077,RegionF,199.762667,340.23733300000004
1078,RegionA,302.858333,117.14166699999998
1078,RegionB,271.556,138.44400000000002
1078,RegionC,260.32,144.68
1078,RegionD,182.736667,537.263333
1078,RegionE,236.098333,323.901667
1078,RegionF,241.249333,298.750667
1079,RegionA,334.885333,85.114667
1079,RegionB,309.540333,100.45966700000002
1079,RegionC,266.974667,138.025333
1079,RegionD,180.030333,539.969667
1079,RegionE,237.888333,322.111667
1079,RegionF,256.464333,283.535667
1080,RegionA,366.86,53.139999999999986
1080,RegionB,339.055333,70.94466699999998
1080,RegionC,308.813,96.18700000000001
1080,RegionD,225.006,494.994
1080,RegionE,287.62,272.38
1080,RegionF,276.198,263.802
1081,RegionA,368.096667,51.903332999999975
1081,RegionB,372.078333,37.921667000000014
1081,RegionC,334.617333,70.38266700000003
1081,RegionD,302.207333,417.792667
1081,RegionE,346.969667,213.03033299999998
1081,RegionF,322.226,217.774
1082,RegionA,400.266667,19.733333000000016
1082,RegionB,383.863667,26.13633299999998
1082,RegionC,347.969333,57.030666999999994
1082,RegionD,333.772333,386.227667
1082,RegionE,385.258333,174.741667
1082,RegionF,368.856,171.144
1083,RegionA,399.133333,20.866667000000007
1083,RegionB,379.577,30.423000000000002
1083,RegionC,371.428,33.572
1083,RegionD,351.23,368.77
1083,RegionE,374.036,185.964
1083,RegionF,353.616667,186.383333
1084,RegionA,396.765333,23.234667
1084,RegionB,379.670667,30.32933300000002
1084,RegionC,374.387333,30.612666999999988
1084,RegionD,393.607,326.393
1084,RegionE,393.58,166.42000000000002
1084,RegionF,373.266667,166.73333300000002
1085,RegionA,395.749333,24.25066700000002
1085,RegionB,379.050667,30.949333000000024
1085,RegionC,363.66,41.339999999999975
1085,RegionD,376.174,343.826
1085,RegionE,433.338,126.66199999999998
1085,RegionF,398.722667,141.277333
1086,RegionA,393.032,26.968000000000018
1086,RegionB,380.338,29.661999999999978
1086,RegionC,362.227333,42.77266700000001
1086,RegionD,403.451333,316.548667
1086,RegionE,390.653333,169.34666700000002
1086,RegionF,381.178667,158.82133299999998
1087,RegionA,392.74,27.25999999999999
1087,RegionB,371.732,38.26799999999997
1087,RegionC,365.930667,39.06933299999997
1087,RegionD,361.676,358.324
1087,RegionE,401.877333,158.12266699999998
1087,RegionF,386.554667,153.445333
1088,RegionA,384.072333,35.927666999999985
1088,RegionB,374.486667,35.51333299999999
1088,RegionC,362.521333,42.47866699999997
1088,RegionD,376.864,343.136
1088,RegionE,373.184,186.81599999999997
1088,RegionF,328.441333,211.558667
1089,RegionA,372.867333,47.132667000000026
1089,RegionB,379.144,30.855999999999995
1089,RegionC,355.921333,49.078666999999996
1089,RegionD,335.04,384.96
1089,RegionE,387.991667,172.008333
1089,RegionF,312.830667,227.169333
1090,RegionA,375.448667,44.551333
1090,RegionB,375.355333,34.64466700000003
1090,RegionC,353.786667,51.21333299999998
1090,RegionD,311.122333,408.877667
1090,RegionE,308.353333,251.64666699999998
1090,RegionF,316.358667,223.64133299999997
1091,RegionA,364.52,55.48000000000002
1091,RegionB,377.69,32.31
1091,RegionC,361.529667,43.47033299999998
1091,RegionD,293.16,426.84
1091,RegionE,302.06,257.94
1091,RegionF,288.168,251.832
1092,RegionA,332.304,87.69600000000003
1092,RegionB,335.618,74.382
1092,RegionC,313.063333,91.936667
1092,RegionD,292.91,427.09
1092,RegionE,279.331,280.669
1092,RegionF,271.493333,268.506667
1093,RegionA,283.582667,136.41733299999999
1093,RegionB,321.067667,88.93233300000003
1093,RegionC,300.956,104.04399999999998
1093,RegionD,252.787,467.21299999999997
1093,RegionE,253.696,306.304
1093,RegionF,220.894333,319.10566700000004
1094,RegionA,279.497,140.503
1094,RegionB,304.842,105.15800000000002
1094,RegionC,280.736,124.26400000000001
1094,RegionD,228.22,491.78
1094,RegionE,251.123,308.877
1094,RegionF,214.963,325.03700000000003
1095,RegionA,231.791667,188.208333
1095,RegionB,273.302667,136.69733300000001
1095,RegionC,235.863,169.137
1095,RegionD,228.637667,491.36233300000004
1095,RegionE,246.423333,313.576667
1095,RegionF,197.483667,342.51633300000003
1096,RegionA,220.688,199.312
1096,RegionB,251.686667,158.313333
1096,RegionC,218.058333,186.941667
1096,RegionD,174.332,545.668
1096,RegionE,217.087333,342.912667
1096,RegionF,133.173667,406.826333
1097,RegionA,204.130667,215.869333
1097,RegionB,239.024333,170.975667
1097,RegionC,209.286667,195.713333
1097,RegionD,211.576667,508.423333
1097,RegionE,220.228667,339.771333
1097,RegionF,149.146667,390.853333
1098,RegionA,168.780667,251.219333
1098,RegionB,244.718667,165.281333
1098,RegionC,196.935,208.065
1098,RegionD,190.431333,529.568667
1098,RegionE,247.9,312.1
1098,RegionF,117.484333,422.515667
1099,RegionA,186.189,233.811
1099,RegionB,226.416,183.584
1099,RegionC,210.254667,194.745333
1099,RegionD,200.974,519.0260000000001
1099,RegionE,205.516667,354.483333
1099,RegionF,156.806667,383.193333
1100,RegionA,209.974667,210.025333
1100,RegionB,232.746333,177.253667
1100,RegionC,222.101333,182.898667
1100,RegionD,186.59,533.41
1100,RegionE,149.388333,410.611667
1100,RegionF,171.295667,368.704333
1101,RegionA,225.464,194.536
1101,RegionB,253.666667,156.333333
1101,RegionC,261.606,143.394
1101,RegionD,214.182,505.818
1101,RegionE,200.73,359.27
1101,RegionF,174.299333,365.700667
1102,RegionA,241.746,178.254
1102,RegionB,294.641667,115.35833300000002
1102,RegionC,274.24,130.76
1102,RegionD,222.698333,497.301667
1102,RegionE,184.06,375.94
1102,RegionF,201.008,338.99199999999996
1103,RegionA,264.468,155.53199999999998
1103,RegionB,281.219667,128.78033299999998
1103,RegionC,317.048,87.952
1103,RegionD,215.47,504.53
1103,RegionE,214.585,345.41499999999996
1103,RegionF,260.404,279.596
1104,RegionA,277.379333,142.62066700000003
1104,RegionB,303.228,106.77199999999999
1104,RegionC,340.333667,64.66633300000001
1104,RegionD,254.925333,465.074667
1104,RegionE,233.527667,326.472333
1104,RegionF,276.723333,263.276667
1105,RegionA,334.304,85.69600000000003
1105,RegionB,350.873333,59.126667
1105,RegionC,357.836667,47.16333300000002
1105,RegionD,303.005667,416.994333
1105,RegionE,336.022,223.978
1105,RegionF,328.363333,211.636667
1106,RegionA,341.229,78.77100000000002
1106,RegionB,351.830667,58.169332999999995
1106,RegionC,364.82,40.18000000000001
1106,RegionD,325.214,394.786
1106,RegionE,370.866,189.13400000000001
1106,RegionF,306.246667,233.753333
1107,RegionA,325.371667,94.628333
1107,RegionB,349.213333,60.78666700000002
1107,RegionC,368.895667,36.104333
1107,RegionD,362.449333,357.550667
1107,RegionE,426.568333,133.431667
1107,RegionF,313.444,226.55599999999998
1108,RegionA,335.207333,84.792667
1108,RegionB,358.469667,51.530332999999985
1108,RegionC,380.758,24.24200000000002
1108,RegionD,368.213333,351.786667
1108,RegionE,396.232,163.76799999999997
1108,RegionF,300.300667,239.69933300000002
1109,RegionA,336.561667,83.438333
1109,RegionB,388.713333,21.286667000000023
1109,RegionC,383.754,21.24599999999998
1109,RegionD,376.982,343.018
1109,RegionE,410.276667,149.72333300000003
1109,RegionF,377.846667,162.15333299999998
1110,RegionA,345.237333,74.76266700000002
1110,RegionB,386.803667,23.19633299999998
1110,RegionC,383.774667,21.225332999999978
1110,RegionD,394.942333,325.057667
1110,RegionE,378.723333,181.27666699999997
1110,RegionF,392.94,147.06
1111,RegionA,324.017333,95.98266699999999
1111,RegionB,356.629333,53.370667000000026
1111,RegionC,384.823333,20.17666700000001
1111,RegionD,347.436667,372.563333
1111,RegionE,399.712667,160.287333
1111,RegionF,407.999333,132.00066700000002
1112,RegionA,337.666667,82.33333299999998
1112,RegionB,359.184667,50.81533300000001
1112,RegionC,368.597333,36.40266700000001
1112,RegionD,315.272667,404.727333
1112,RegionE,365.49,194.51
1112,RegionF,362.464,177.536
1113,RegionA,336.986667,83.01333299999999
1113,RegionB,375.094667,34.905332999999985
1113,RegionC,369.04,35.95999999999998
1113,RegionD,317.539,402.461
1113,RegionE,353.571333,206.42866700000002
1113,RegionF,366.719667,173.28033299999998
1114,RegionA,346.74,73.25999999999999
1114,RegionB,383.524,26.476
1114,RegionC,369.498333,35.501667
1114,RegionD,288.648,431.352
1114,RegionE,354.866,205.13400000000001
1114,RegionF,287.62,252.38
1115,RegionA,306.339333,113.66066699999999
1115,RegionB,373.29,36.70999999999998
1115,RegionC,361.333333,43.66666700000002
1115,RegionD,295.307667,424.692333
1115,RegionE,323.396667,236.60333300000002
1115,RegionF,311.19,228.81
1116,RegionA,326.550667,93.44933300000002
1116,RegionB,338.494,71.50599999999997
1116,RegionC,336.94,68.06
1116,RegionD,248.618333,471.381667
1116,RegionE,273.426,286.574
1116,RegionF,283.862667,256.137333
1117,RegionA,315.430667,104.56933299999997
1117,RegionB,314.946,95.05399999999997
1117,RegionC,329.301333,75.698667
1117,RegionD,252.778333,467.221667
1117,RegionE,237.995333,322.00466700000004
1117,RegionF,235.188,304.812
1118,RegionA,273.251333,146.748667
1118,RegionB,301.957,108.043
1118,RegionC,324.533,80.46699999999998
1118,RegionD,205.751,514.249
1118,RegionE,232.321333,327.678667
1118,RegionF,246.841333,293.15866700000004
1119,RegionA,254.293667,165.706333
1119,RegionB,242.757667,167.242333
1119,RegionC,276.502,128.498
1119,RegionD,81.753,638.247
1119,RegionE,224.216,335.784
1119,RegionF,219.341,320.659
1120,RegionA,236.520333,183.479667
1120,RegionB,228.121333,181.878667
1120,RegionC,222.421667,182.578333
1120,RegionD,87.951667,632.048333
1120,RegionE,161.969,398.031
1120,RegionF,158.782,381.21799999999996
1121,RegionA,207.672667,212.327333
1121,RegionB,206.231667,203.768333
1121,RegionC,227.444667,177.555333
1121,RegionD,42.754333,677.245667
1121,RegionE,169.198667,390.801333
1121,RegionF,135.835333,404.164667
1122,RegionA,233.609,186.391
1122,RegionB,201.413,208.587
1122,RegionC,231.179333,173.820667
1122,RegionD,109.664667,610.335333
1122,RegionE,145.106,414.894
1122,RegionF,107.403333,432.596667
1123,RegionA,223.743667,196.256333
1123,RegionB,222.24,187.76
1123,RegionC,188.101333,216.898667
1123,RegionD,158.315333,561.684667
1123,RegionE,179.852667,380.147333
1123,RegionF,139.609333,400.390667
1124,RegionA,215.263333,204.736667
1124,RegionB,195.32,214.68
1124,RegionC,234.896667,170.103333
1124,RegionD,186.557333,533.442667
1124,RegionE,188.178667,371.821333
1124,RegionF,172.534667,367.465333
1125,RegionA,269.373667,150.626333
1125,RegionB,248.473,161.527
1125,RegionC,228.124,176.876
1125,RegionD,204.862,515.138
1125,RegionE,189.253333,370.746667
1125,RegionF,181.162667,358.837333
1126,RegionA,270.446667,149.553333
1126,RegionB,269.658,140.34199999999998
1126,RegionC,262.4,142.60000000000002
1126,RegionD,237.603667,482.396333
1126,RegionE,207.648333,352.351667
1126,RegionF,248.221333,291.77866700000004
1127,RegionA,278.448667,141.551333
1127,RegionB,298.215333,111.78466700000001
1127,RegionC,295.17,109.82999999999998
1127,RegionD,231.804,488.196
1127,RegionE,235.484,324.51599999999996
1127,RegionF,276.496,263.504
1128,RegionA,340.089333,79.91066699999999
1128,RegionB,328.068,81.93200000000002
1128,RegionC,338.033,66.96699999999998
1128,RegionD,213.124667,506.875333
1128,RegionE,272.51,287.49
1128,RegionF,333.3,206.7
1129,RegionA,358.369333,61.63066700000002
1129,RegionB,363.82,46.18000000000001
1129,RegionC,377.502,27.49799999999999
1129,RegionD,259.832667,460.167333
1129,RegionE,304.414667,255.585333
1129,RegionF,343.09,196.91000000000003
1130,RegionA,377.090667,42.909333000000004
1130,RegionB,375.511667,34.48833300000001
1130,RegionC,374.810667,30.189332999999976
1130,RegionD,317.088,402.912
1130,RegionE,378.690667,181.30933299999998
1130,RegionF,359.736667,180.263333
1131,RegionA,393.623333,26.376666999999998
1131,RegionB,372.596,37.403999999999996
1131,RegionC,373.232,31.767999999999972
1131,RegionD,367.546,352.454
1131,RegionE,369.931333,190.068667
1131,RegionF,409.729333,130.270667
1132,RegionA,394.465667,25.534333000000004
1132,RegionB,381.539,28.461000000000013
1132,RegionC,375.715333,29.284667000000013
1132,RegionD,354.432,365.568
1132,RegionE,400.412,159.58800000000002
1132,RegionF,409.37,130.63
1133,RegionA,393.75,26.25
1133,RegionB,386.210667,23.789333
1133,RegionC,381.933333,23.066666999999995
1133,RegionD,337.582,382.418
1133,RegionE,473.415333,86.58466700000002
1133,RegionF,409.704,130.296
1134,RegionA,396.094333,23.905666999999994
1134,RegionB,370.256,39.74400000000003
1134,RegionC,369.648,35.351999999999975
1134,RegionD,372.011333,347.988667
1134,RegionE,441.894667,118.10533299999997
1134,RegionF,407.372,132.628
1135,RegionA,396.102667,23.897333000000003
1135,RegionB,371.392,38.608000000000004
1135,RegionC,359.294333,45.705667000000005
1135,RegionD,414.686,305.314
1135,RegionE,433.56,126.44
1135,RegionF,414.253667,125.74633299999999
1136,RegionA,396.857333,23.142667000000017
1136,RegionB,386.768,23.232000000000028
1136,RegionC,343.72,61.27999999999997
1136,RegionD,434.807333,285.192667
1136,RegionE,413.266667,146.73333300000002
1136,RegionF,384.27,155.73000000000002
1137,RegionA,396.088,23.911999999999978
1137,RegionB,389.972667,20.027333
1137,RegionC,353.712,51.28800000000001
1137,RegionD,385.110333,334.889667
1137,RegionE,334.872333,225.12766699999997
1137,RegionF,336.400667,203.599333
1138,RegionA,393.280667,26.719333000000006
1138,RegionB,388.832667,21.167332999999985
1138,RegionC,354.309333,50.69066700000002
1138,RegionD,333.945,386.055
1138,RegionE,308.326667,251.673333
1138,RegionF,416.368667,123.63133299999998
1139,RegionA,349.143667,70.856333
1139,RegionB,385.057333,24.94266699999997
1139,RegionC,361.128,43.872000000000014
1139,RegionD,265.233333,454.766667
1139,RegionE,271.599,288.401
1139,RegionF,321.668,218.332
1140,RegionA,341.373,78.62700000000001
1140,RegionB,330.025333,79.97466700000001
1140,RegionC,315.26,89.74000000000001
1140,RegionD,246.222667,473.777333
1140,RegionE,231.755333,328.244667
1140,RegionF,306.304,233.69600000000003
1141,RegionA,330.561,89.43900000000002
1141,RegionB,316.275333,93.72466700000001
1141,RegionC,292.352,112.64800000000002
1141,RegionD,254.548667,465.451333
1141,RegionE,242.640333,317.359667
1141,RegionF,276.16,263.84
1142,RegionA,307.484667,112.515333
1142,RegionB,294.942,115.05799999999999
1142,RegionC,280.453,124.54700000000003
1142,RegionD,242.077,477.923
1142,RegionE,223.593,336.40700000000004
1142,RegionF,278.61,261.39
1143,RegionA,270.229667,149.770333
1143,RegionB,278.004667,131.99533300000002
1143,RegionC,236.37,168.63
1143,RegionD,212.736333,507.263667
1143,RegionE,205.494,354.506
1143,RegionF,254.339333,285.660667
1144,RegionA,240.346,179.654
1144,RegionB,236.665333,173.334667
1144,RegionC,225.306667,179.693333
1144,RegionD,202.992667,517.007333
1144,RegionE,164.668,395.332
1144,RegionF,177.664,362.336
1145,RegionA,203.12,216.88
1145,RegionB,250.101333,159.898667
1145,RegionC,204.334667,200.665333
1145,RegionD,198.688,521.312
1145,RegionE,150.351667,409.648333
1145,RegionF,136.16,403.84000000000003
1146,RegionA,207.882,212.118
1146,RegionB,229.914,180.086
1146,RegionC,200.576667,204.423333
1146,RegionD,182.500667,537.499333
1146,RegionE,161.344,398.656
1146,RegionF,100.646,439.354
1147,RegionA,238.67,181.33
1147,RegionB,185.387333,224.612667
1147,RegionC,216.596667,188.403333
1147,RegionD,191.035,528.965
1147,RegionE,191.820333,368.179667
1147,RegionF,89.510667,450.489333
1148,RegionA,221.544667,198.455333
1148,RegionB,231.741333,178.258667
1148,RegionC,215.834667,189.165333
1148,RegionD,187.664667,532.335333
1148,RegionE,188.212667,371.787333
1148,RegionF,138.208,401.79200000000003
1149,RegionA,236.889333,183.110667
1149,RegionB,233.774667,176.225333
1149,RegionC,251.7,153.3
1149,RegionD,174.77,545.23
1149,RegionE,218.833333,341.16666699999996
1149,RegionF,175.171667,364.828333
1150,RegionA,276.256,143.74400000000003
1150,RegionB,248.31,161.69
1150,RegionC,264.493667,140.50633299999998
1150,RegionD,172.946667,547.0533330000001
1150,RegionE,252.958333,307.04166699999996
1150,RegionF,210.221,329.779
1151,RegionA,286.795333,133.20466699999997
1151,RegionB,268.489333,141.510667
1151,RegionC,268.020667,136.979333
1151,RegionD,213.764667,506.23533299999997
1151,RegionE,297.676,262.324
1151,RegionF,216.902667,323.097333
1152,RegionA,351.970667,68.02933300000001
1152,RegionB,323.200333,86.799667
1152,RegionC,303.490667,101.50933300000003
1152,RegionD,253.968,466.03200000000004
1152,RegionE,326.628333,233.371667
1152,RegionF,309.186,230.81400000000002
1153,RegionA,379.78,40.22000000000003
1153,RegionB,352.856,57.144000000000005
1153,RegionC,364.376667,40.623333
1153,RegionD,299.625333,420.374667
1153,RegionE,352.764667,207.23533300000003
1153,RegionF,309.989333,230.010667
1154,RegionA,376.380667,43.61933299999998
1154,RegionB,350.316,59.684000000000026
1154,RegionC,362.268,42.73200000000003
1154,RegionD,343.535333,376.464667
1154,RegionE,314.6,245.39999999999998
1154,RegionF,349.752,190.248
1155,RegionA,385.910667,34.08933300000001
1155,RegionB,355.183333,54.816666999999995
1155,RegionC,367.537333,37.46266700000001
1155,RegionD,335.238,384.762
1155,RegionE,390.517,169.483
1155,RegionF,347.218,192.78199999999998
1156,RegionA,385.366667,34.63333299999999
1156,RegionB,374.235667,35.76433300000002
1156,RegionC,371.02,33.98000000000002
1156,RegionD,362.439333,357.560667
1156,RegionE,400.938667,159.061333
1156,RegionF,354.504,185.49599999999998
1157,RegionA,388.37,31.629999999999995
1157,RegionB,376.914,33.08600000000001
1157,RegionC,371.317333,33.68266699999998
1157,RegionD,399.478667,320.521333
1157,RegionE,388.238,171.762
1157,RegionF,392.776,147.224
1158,RegionA,394.326667,25.673333000000014
1158,RegionB,382.830667,27.169332999999995
1158,RegionC,366.936,38.06400000000002
1158,RegionD,394.223333,325.776667
1158,RegionE,426.981667,133.01833299999998
1158,RegionF,400.464667,139.53533299999998
1159,RegionA,384.305333,35.69466699999998
1159,RegionB,380.34,29.660000000000025
1159,RegionC,365.116,39.884000000000015
1159,RegionD,359.627,360.373
1159,RegionE,411.961333,148.03866699999998
1159,RegionF,390.111333,149.888667
1160,RegionA,383.56,36.44
1160,RegionB,377.970667,32.02933300000001
1160,RegionC,375.704333,29.29566699999998
1160,RegionD,392.958,327.042
1160,RegionE,369.567667,190.43233300000003
1160,RegionF,393.320667,146.67933299999999
1161,RegionA,383.437333,36.562666999999976
1161,RegionB,379.074667,30.925333000000023
1161,RegionC,381.78,23.220000000000027
1161,RegionD,412.737667,307.262333
1161,RegionE,371.056667,188.943333
1161,RegionF,349.840667,190.159333
1162,RegionA,376.357333,43.64266700000002
1162,RegionB,380.132,29.867999999999995
1162,RegionC,347.322,57.678
1162,RegionD,352.984667,367.015333
1162,RegionE,366.817333,193.18266699999998
1162,RegionF,315.804667,224.195333
1163,RegionA,350.380667,69.61933299999998
1163,RegionB,343.802,66.19799999999998
1163,RegionC,348.167333,56.832667000000015
1163,RegionD,300.94,419.06
1163,RegionE,327.528667,232.47133300000002
1163,RegionF,348.653333,191.34666700000002
1164,RegionA,356.019333,63.98066699999998
1164,RegionB,341.491333,68.508667
1164,RegionC,308.206667,96.79333300000002
1164,RegionD,257.507667,462.492333
1164,RegionE,300.4,259.6
1164,RegionF,258.921333,281.078667
1165,RegionA,316.065,103.935
1165,RegionB,337.545333,72.45466699999997
1165,RegionC,313.493333,91.506667
1165,RegionD,255.107333,464.89266699999996
1165,RegionE,241.226,318.774
1165,RegionF,283.076667,256.923333
1166,RegionA,301.061,118.93900000000002
1166,RegionB,308.529333,101.47066699999999
1166,RegionC,313.390667,91.60933299999999
1166,RegionD,251.296667,468.703333
1166,RegionE,250.884,309.116
1166,RegionF,270.784667,269.215333
1167,RegionA,298.522,121.47800000000001
1167,RegionB,247.907667,162.092333
1167,RegionC,302.422667,102.57733300000001
1167,RegionD,226.706,493.294
1167,RegionE,217.516667,342.483333
1167,RegionF,275.49,264.51
1168,RegionA,226.885,193.115
1168,RegionB,230.216,179.784
1168,RegionC,219.646667,185.353333
1168,RegionD,211.564,508.43600000000004
1168,RegionE,188.288,371.712
1168,RegionF,196.98,343.02
1169,RegionA,215.123667,204.876333
1169,RegionB,202.804667,207.195333
1169,RegionC,221.703333,183.296667
1169,RegionD,193.904,526.096
1169,RegionE,189.550667,370.449333
1169,RegionF,202.361667,337.638333
1170,RegionA,205.015333,214.984667
1170,RegionB,182.093333,227.906667
1170,RegionC,214.489,190.511
1170,RegionD,155.166,564.8340000000001
1170,RegionE,188.41,371.59000000000003
1170,RegionF,196.864,343.13599999999997
1171,RegionA,217.555667,202.444333
1171,RegionB,225.705333,184.294667
1171,RegionC,225.82,179.18
1171,RegionD,201.153333,518.846667
1171,RegionE,195.904,364.096
1171,RegionF,190.282667,349.717333
1172,RegionA,196.851333,223.148667
1172,RegionB,242.15,167.85
1172,RegionC,258.956667,146.04333300000002
1172,RegionD,223.184667,496.815333
1172,RegionE,214.54,345.46000000000004
1172,RegionF,203.005333,336.994667
1173,RegionA,232.786,187.214
1173,RegionB,256.456667,153.54333300000002
1173,RegionC,236.558,168.442
1173,RegionD,203.979333,516.020667
1173,RegionE,208.144,351.856
1173,RegionF,204.754,335.246
1174,RegionA,249.42,170.58
1174,RegionB,289.633,120.36700000000002
1174,RegionC,306.38,98.62
1174,RegionD,211.613333,508.386667
1174,RegionE,193.117333,366.88266699999997
1174,RegionF,229.493667,310.50633300000004
1175,RegionA,294.916667,125.08333299999998
1175,RegionB,287.986667,122.01333299999999
1175,RegionC,292.306667,112.693333
1175,RegionD,238.184333,481.81566699999996
1175,RegionE,272.280667,287.719333
1175,RegionF,218.22,321.78
1176,RegionA,309.804,110.19600000000003
1176,RegionB,347.148,62.851999999999975
1176,RegionC,309.731333,95.268667
1176,RegionD,252.794,467.206
1176,RegionE,269.95,290.05
1176,RegionF,246.864,293.13599999999997
1177,RegionA,351.89,68.11000000000001
1177,RegionB,368.72,41.27999999999997
1177,RegionC,380.855333,24.144667000000027
1177,RegionD,254.017333,465.982667
1177,RegionE,307.92,252.07999999999998
1177,RegionF,330.141,209.85899999999998
1178,RegionA,385.098667,34.90133300000002
1178,RegionB,372.874,37.125999999999976
1178,RegionC,382.733,22.266999999999996
1178,RegionD,277.536667,442.463333
1178,RegionE,364.579333,195.42066699999998
1178,RegionF,330.213333,209.78666700000002
1179,RegionA,374.066667,45.933333000000005
1179,RegionB,370.184,39.815999999999974
1179,RegionC,384.249667,20.750333000000012
1179,RegionD,295.368,424.632
1179,RegionE,374.348,185.652
1179,RegionF,337.199333,202.80066699999998
1180,RegionA,369.858667,50.141332999999975
1180,RegionB,384.391333,25.608667000000025
1180,RegionC,385.628,19.372000000000014
1180,RegionD,300.856333,419.143667
1180,RegionE,384.971333,175.02866699999998
1180,RegionF,382.408,157.59199999999998
1181,RegionA,373.276,46.72399999999999
1181,RegionB,387.004,22.99599999999998
1181,RegionC,384.014667,20.985333000000026
1181,RegionD,390.48,329.52
1181,RegionE,396.405,163.59500000000003
1181,RegionF,347.360667,192.63933300000002
1182,RegionA,378.063,41.93700000000001
1182,RegionB,385.270333,24.729667000000006
1182,RegionC,383.553333,21.44666699999999
1182,RegionD,379.110667,340.889333
1182,RegionE,420.254,139.74599999999998
1182,RegionF,345.164,194.836
1183,RegionA,389.661667,30.338332999999977
1183,RegionB,381.252,28.74799999999999
1183,RegionC,382.546,22.454000000000008
1183,RegionD,363.982333,356.017667
1183,RegionE,446.97,113.02999999999997
1183,RegionF,311.974,228.026
1184,RegionA,387.639,32.36099999999999
1184,RegionB,386.867333,23.132667000000026
1184,RegionC,364.722667,40.277333
1184,RegionD,393.73,326.27
1184,RegionE,403.253333,156.746667
1184,RegionF,282.044667,257.955333
1185,RegionA,383.969667,36.030332999999985
1185,RegionB,366.532,43.46800000000002
1185,RegionC,355.48,49.51999999999998
1185,RegionD,344.07,375.93
1185,RegionE,374.859333,185.140667
1185,RegionF,285.827333,254.172667
1186,RegionA,326.893333,93.10666700000002
1186,RegionB,368.555333,41.44466699999998
1186,RegionC,354.872,50.127999999999986
1186,RegionD,292.181333,427.818667
1186,RegionE,299.081333,260.918667
1186,RegionF,321.861333,218.138667
1187,RegionA,355.884,64.11599999999999
1187,RegionB,371.87,38.129999999999995
1187,RegionC,338.842333,66.157667
1187,RegionD,296.1,423.9
1187,RegionE,256.960333,303.039667
1187,RegionF,278.281333,261.718667
1188,RegionA,300.05,119.94999999999999
1188,RegionB,332.747333,77.25266699999997
1188,RegionC,333.829667,71.17033300000003
1188,RegionD,282.13,437.87
1188,RegionE,215.789333,344.210667
1188,RegionF,247.788667,292.21133299999997
1189,RegionA,321.479333,98.520667
1189,RegionB,325.991667,84.008333
1189,RegionC,304.251333,100.74866700000001
1189,RegionD,270.151,449.849
1189,RegionE,229.824,330.176
1189,RegionF,218.39,321.61
1190,RegionA,306.493667,113.50633299999998
1190,RegionB,284.022,125.97800000000001
1190,RegionC,283.063,121.93700000000001
1190,RegionD,255.13,464.87
1190,RegionE,203.515667,356.484333
1190,RegionF,202.772,337.228
1191,RegionA,268.710333,151.289667
1191,RegionB,262.575333,147.424667
1191,RegionC,271.042333,133.95766700000001
1191,RegionD,227.63,492.37
1191,RegionE,202.830667,357.169333
1191,RegionF,192.631667,347.368333
1192,RegionA,225.655333,194.344667
1192,RegionB,235.956667,174.043333
1192,RegionC,247.804667,157.195333
1192,RegionD,152.265333,567.734667
1192,RegionE,156.176,403.824
1192,RegionF,175.752,364.248
1193,RegionA,217.83,202.17
1193,RegionB,216.655667,193.344333
1193,RegionC,230.125667,174.874333
1193,RegionD,75.026,644.974
1193,RegionE,122.066667,437.933333
1193,RegionF,140.724667,399.275333
1194,RegionA,196.135,223.865
1194,RegionB,239.314667,170.685333
1194,RegionC,208.230667,196.769333
1194,RegionD,111.668,608.332
1194,RegionE,113.845333,446.154667
1194,RegionF,129.33,410.66999999999996
1195,RegionA,177.056667,242.943333
1195,RegionB,184.493333,225.506667
1195,RegionC,239.134,165.866
1195,RegionD,83.038333,636.961667
1195,RegionE,163.195667,396.80433300000004
1195,RegionF,142.876667,397.123333
1196,RegionA,256.493667,163.50633299999998
1196,RegionB,206.913667,203.086333
1196,RegionC,221.664667,183.335333
1196,RegionD,71.699333,648.300667
1196,RegionE,182.147333,377.852667
1196,RegionF,227.027333,312.972667
1197,RegionA,255.461333,164.538667
1197,RegionB,227.079,182.921
1197,RegionC,273.641333,131.35866700000003
1197,RegionD,86.031667,633.968333
1197,RegionE,252.393333,307.606667
1197,RegionF,229.478,310.522
1198,RegionA,305.180667,114.81933299999997
1198,RegionB,260.627333,149.37266699999998
1198,RegionC,299.206333,105.79366700000003
1198,RegionD,143.13,576.87
1198,RegionE,258.496,301.504
1198,RegionF,228.036667,311.96333300000003
1199,RegionA,323.892,96.108
1199,RegionB,316.076667,93.92333300000001
1199,RegionC,349.606,55.394000000000005
1199,RegionD,213.960667,506.039333
1199,RegionE,275.43,284.57
1199,RegionF,230.59,309.40999999999997
1200,RegionA,344.86,75.13999999999999
1200,RegionB,275.363333,134.636667
1200,RegionC,326.49,78.50999999999999
1200,RegionD,293.944,426.056
1200,RegionE,277.628,282.372
1200,RegionF,292.867333,247.13266700000003
1201,RegionA,385.348667,34.65133300000002
1201,RegionB,311.134333,98.86566699999997
1201,RegionC,312.434667,92.56533300000001
1201,RegionD,329.724,390.276
1201,RegionE,314.08,245.92000000000002
1201,RegionF,282.382,257.618
1202,RegionA,388.396,31.603999999999985
1202,RegionB,347.736,62.26400000000001
1202,RegionC,368.472333,36.52766700000001
1202,RegionD,361.434667,358.565333
1202,RegionE,302.109333,257.890667
1202,RegionF,339.448333,200.551667
1203,RegionA,396.731667,23.268332999999984
1203,RegionB,352.832,57.168000000000006
1203,RegionC,368.604,36.396000000000015
1203,RegionD,356.543333,363.456667
1203,RegionE,315.318667,244.681333
1203,RegionF,385.696667,154.303333
1204,RegionA,377.288,42.71199999999999
1204,RegionB,350.434667,59.56533300000001
1204,RegionC,377.688,27.312000000000012
1204,RegionD,316.554,403.446
1204,RegionE,327.906,232.094
1204,RegionF,413.36,126.63999999999999
1205,RegionA,376.502667,43.497333000000026
1205,RegionB,355.467667,54.532332999999994
1205,RegionC,384.606667,20.393332999999984
1205,RegionD,348.32,371.68
1205,RegionE,362.307333,197.69266699999997
1205,RegionF,394.814667,145.185333
1206,RegionA,384.643,35.35700000000003
1206,RegionB,357.658667,52.34133300000002
1206,RegionC,382.23,22.769999999999982
1206,RegionD,315.947333,404.052667
1206,RegionE,386.655667,173.344333
1206,RegionF,411.636,128.36399999999998
1207,RegionA,370.291,49.709
1207,RegionB,367.294667,42.705332999999996
1207,RegionC,383.481333,21.518666999999994
1207,RegionD,366.874,353.126
1207,RegionE,356.490667,203.50933300000003
1207,RegionF,410.929333,129.07066700000001
1208,RegionA,370.623333,49.376667
1208,RegionB,347.464667,62.53533299999998
1208,RegionC,370.04,34.95999999999998
1208,RegionD,371.986,348.014
1208,RegionE,391.684,168.31599999999997
1208,RegionF,360.522667,179.477333
1209,RegionA,374.061333,45.93866700000001
1209,RegionB,360.108,49.891999999999996
1209,RegionC,383.264333,21.735666999999978
1209,RegionD,354.463333,365.536667
1209,RegionE,381.584,178.416
1209,RegionF,313.506,226.49400000000003
1210,RegionA,370.618667,49.381332999999984
1210,RegionB,344.474,65.52600000000001
1210,RegionC,374.517333,30.482666999999992
1210,RegionD,322.493333,397.506667
1210,RegionE,350.509333,209.49066699999997
1210,RegionF,358.595667,181.404333
1211,RegionA,353.322667,66.67733299999998
1211,RegionB,357.671333,52.328666999999996
1211,RegionC,377.242,27.75799999999998
1211,RegionD,222.46,497.53999999999996
1211,RegionE,327.052667,232.94733300000001
1211,RegionF,297.306667,242.693333
1212,RegionA,350.857333,69.14266700000002
1212,RegionB,327.241,82.75900000000001
1212,RegionC,334.902,70.09800000000001
1212,RegionD,209.338,510.66200000000003
1212,RegionE,284.273667,275.726333
1212,RegionF,249.169,290.831
1213,RegionA,319.943333,100.056667
1213,RegionB,306.086667,103.91333300000002
1213,RegionC,304.503333,100.496667
1213,RegionD,226.106,493.894
1213,RegionE,283.102667,276.897333
1213,RegionF,225.619,314.381
1214,RegionA,308.760333,111.239667
1214,RegionB,304.117667,105.88233300000002
1214,RegionC,312.839667,92.16033299999998
1214,RegionD,235.394,484.606
1214,RegionE,274.338333,285.661667
1214,RegionF,189.66,350.34000000000003
1215,RegionA,236.129333,183.870667
1215,RegionB,275.784667,134.215333
1215,RegionC,287.612,117.38799999999998
1215,RegionD,172.158,547.842
1215,RegionE,238.494333,321.505667
1215,RegionF,207.039,332.961
1216,RegionA,220.13,199.87
1216,RegionB,243.38,166.62
1216,RegionC,238.505,166.495
1216,RegionD,143.374,576.626
1216,RegionE,200.214667,359.78533300000004
1216,RegionF,176.278,363.722
1217,RegionA,184.424,235.576
1217,RegionB,227.687,182.313
1217,RegionC,210.48,194.52
1217,RegionD,78.306333,641.693667
1217,RegionE,188.772667,371.227333
1217,RegionF,176.300667,363.699333
1218,RegionA,182.503,237.497
1218,RegionB,234.364,175.636
1218,RegionC,260.15,144.85000000000002
1218,RegionD,100.837,619.163
1218,RegionE,171.972333,388.027667
1218,RegionF,164.178333,375.821667
1219,RegionA,188.242,231.758
1219,RegionB,224.867667,185.132333
1219,RegionC,207.084,197.916
1219,RegionD,141.664333,578.3356670000001
1219,RegionE,138.853333,421.146667
1219,RegionF,190.742,349.25800000000004
1220,RegionA,228.513667,191.486333
1220,RegionB,238.29,171.71
1220,RegionC,226.391667,178.608333
1220,RegionD,131.413333,588.586667
1220,RegionE,93.827333,466.172667
1220,RegionF,183.24,356.76
1221,RegionA,232.11,187.89
1221,RegionB,274.022,135.978
1221,RegionC,243.968,161.032
1221,RegionD,109.946,610.054
1221,RegionE,162.806,397.19399999999996
1221,RegionF,229.178,310.822
1222,RegionA,259.748667,160.251333
1222,RegionB,265.628,144.372
1222,RegionC,287.243,117.757
1222,RegionD,164.209333,555.790667
1222,RegionE,170.403333,389.596667
1222,RegionF,229.409333,310.590667
1223,RegionA,277.62,142.38
1223,RegionB,355.127,54.87299999999999
1223,RegionC,325.771,79.22899999999998
1223,RegionD,159.292667,560.7073330000001
1223,RegionE,163.976333,396.023667
1223,RegionF,225.124,314.876
1224,RegionA,316.012,103.988
1224,RegionB,348.062667,61.937333000000024
1224,RegionC,368.216,36.78399999999999
1224,RegionD,169.793333,550.206667
1224,RegionE,192.953333,367.046667
1224,RegionF,302.789333,237.210667
1225,RegionA,350.998667,69.00133299999999
1225,RegionB,345.446667,64.55333300000001
1225,RegionC,378.445333,26.554666999999995
1225,RegionD,247.975667,472.024333
1225,RegionE,259.904,300.096
1225,RegionF,289.413333,250.58666699999998
1226,RegionA,380.81,39.19
1226,RegionB,365.053667,44.94633299999998
1226,RegionC,377.954,27.045999999999992
1226,RegionD,335.032,384.968
1226,RegionE,323.654,236.346
1226,RegionF,347.876,192.12400000000002
1227,RegionA,388.382333,31.617666999999983
1227,RegionB,355.18,54.81999999999999
1227,RegionC,379.075,25.92500000000001
1227,RegionD,345.571333,374.428667
1227,RegionE,318.101,241.899
1227,RegionF,400.857333,139.14266700000002
1228,RegionA,374.893333,45.106667000000016
1228,RegionB,356.699333,53.300666999999976
1228,RegionC,378.32,26.680000000000007
1228,RegionD,362.358333,357.641667
1228,RegionE,369.311333,190.688667
1228,RegionF,414.666667,125.33333299999998
1229,RegionA,371.910667,48.08933300000001
1229,RegionB,373.921667,36.078332999999986
1229,RegionC,379.626667,25.373333000000002
1229,RegionD,349.688333,370.311667
1229,RegionE,346.49,213.51
1229,RegionF,421.402,118.59800000000001
1230,RegionA,369.889333,50.11066699999998
1230,RegionB,379.490667,30.509333000000026
1230,RegionC,380.966333,24.03366699999998
1230,RegionD,368.151333,351.848667
1230,RegionE,346.125333,213.874667
1230,RegionF,430.116667,109.883333
1231,RegionA,368.424,51.57600000000002
1231,RegionB,369.607667,40.39233300000001
1231,RegionC,369.0,36.0
1231,RegionD,382.385333,337.614667
1231,RegionE,350.004,209.99599999999998
1231,RegionF,367.343333,172.65666700000003
1232,RegionA,372.064667,47.935333000000014
1232,RegionB,355.421,54.57900000000001
1232,RegionC,370.304667,34.695333000000005
1232,RegionD,328.781667,391.218333
1232,RegionE,384.036,175.964
1232,RegionF,346.521333,193.47866699999997
1233,RegionA,385.211667,34.78833300000002
1233,RegionB,347.998667,62.00133299999999
1233,RegionC,355.739,49.261000000000024
1233,RegionD,300.185667,419.814333
1233,RegionE,301.828667,258.171333
1233,RegionF,334.505333,205.494667
1234,RegionA,393.862667,26.137333000000012
1234,RegionB,366.69,43.31
1234,RegionC,354.330667,50.669332999999995
1234,RegionD,251.605667,468.39433299999996
1234,RegionE,276.941,283.059
1234,RegionF,280.227333,259.772667
1235,RegionA,368.673,51.327
1235,RegionB,346.357667,63.64233300000001
1235,RegionC,320.372,84.62799999999999
1235,RegionD,234.733333,485.266667
1235,RegionE,285.974333,274.025667
1235,RegionF,208.398,331.602
1236,RegionA,323.596,96.404
1236,RegionB,327.361,82.63900000000001
1236,RegionC,310.204667,94.79533300000003
1236,RegionD,240.211333,479.78866700000003
1236,RegionE,262.658667,297.341333
1236,RegionF,250.191667,289.808333
1237,RegionA,312.960333,107.03966700000001
1237,RegionB,293.994,116.00599999999997
1237,RegionC,301.658667,103.34133300000002
1237,RegionD,244.035667,475.964333
1237,RegionE,290.871333,269.128667
1237,RegionF,253.442,286.558
1238,RegionA,289.538333,130.46166699999998
1238,RegionB,301.831333,108.16866700000003
1238,RegionC,312.886,92.11399999999998
1238,RegionD,235.566667,484.433333
1238,RegionE,288.005,271.995
1238,RegionF,228.929333,311.07066699999996
1239,RegionA,250.070333,169.929667
1239,RegionB,273.536,136.464
1239,RegionC,269.568,135.43200000000002
1239,RegionD,152.69,567.31
1239,RegionE,240.901667,319.098333
1239,RegionF,163.074333,376.925667
1240,RegionA,206.864,213.136
1240,RegionB,244.038,165.962
1240,RegionC,247.494,157.506
1240,RegionD,102.091333,617.908667
1240,RegionE,219.305,340.695
1240,RegionF,116.904333,423.095667
1241,RegionA,214.125,205.875
1241,RegionB,207.176667,202.823333
1241,RegionC,195.406667,209.593333
1241,RegionD,82.335667,637.6643329999999
1241,RegionE,193.986667,366.013333
1241,RegionF,118.092667,421.907333
1242,RegionA,211.223,208.777
1242,RegionB,201.02,208.98
1242,RegionC,202.873333,202.126667
1242,RegionD,92.132,627.8679999999999
1242,RegionE,178.221333,381.77866700000004
1242,RegionF,121.063333,418.936667
1243,RegionA,234.147,185.853
1243,RegionB,192.203333,217.796667
1243,RegionC,187.548,217.452
1243,RegionD,105.916667,614.083333
1243,RegionE,198.503667,361.496333
1243,RegionF,126.58,413.42
1244,RegionA,247.233333,172.766667
1244,RegionB,233.45,176.55
1244,RegionC,221.025333,183.974667
1244,RegionD,92.274667,627.725333
1244,RegionE,188.953333,371.046667
1244,RegionF,165.28,374.72
1245,RegionA,255.268667,164.731333
1245,RegionB,262.48,147.51999999999998
1245,RegionC,242.216,162.784
1245,RegionD,86.096,633.904
1245,RegionE,207.362,352.63800000000003
1245,RegionF,151.629333,388.370667
1246,RegionA,296.064667,123.93533300000001
1246,RegionB,273.63,136.37
1246,RegionC,276.215333,128.784667
1246,RegionD,159.696667,560.3033330000001
1246,RegionE,192.945333,367.054667
1246,RegionF,216.28,323.72
1247,RegionA,332.233333,87.76666699999998
1247,RegionB,335.830667,74.169333
1247,RegionC,310.210667,94.789333
1247,RegionD,178.528,541.472
1247,RegionE,241.617667,318.382333
1247,RegionF,217.044,322.956
1248,RegionA,349.096,70.904
1248,RegionB,326.27,83.73000000000002
1248,RegionC,341.104,63.896000000000015
1248,RegionD,224.075667,495.924333
1248,RegionE,268.529333,291.470667
1248,RegionF,229.959333,310.040667
1249,RegionA,374.324667,45.67533300000002
1249,RegionB,366.832,43.168000000000006
1249,RegionC,380.446667,24.55333300000001
1249,RegionD,299.956,420.044
1249,RegionE,308.941333,251.058667
1249,RegionF,274.684667,265.315333
1250,RegionA,398.34,21.660000000000025
1250,RegionB,343.895,66.10500000000002
1250,RegionC,380.15,24.850000000000023
1250,RegionD,317.254,402.746
1250,RegionE,333.486,226.514
1250,RegionF,311.905333,228.09466700000002
1251,RegionA,387.694,32.30599999999998
1251,RegionB,350.289667,59.71033299999999
1251,RegionC,382.164333,22.835667
1251,RegionD,366.301667,353.698333
1251,RegionE,375.096,184.904
1251,RegionF,375.582667,164.41733299999999
1252,RegionA,377.643333,42.356667000000016
1252,RegionB,367.538667,42.461333000000025
1252,RegionC,354.861667,50.13833299999999
1252,RegionD,345.705,374.295
1252,RegionE,360.336667,199.66333300000002
1252,RegionF,388.309333,151.69066700000002
1253,RegionA,364.579333,55.42066699999998
1253,RegionB,366.361333,43.638667
1253,RegionC,356.64,48.360000000000014
1253,RegionD,354.554667,365.445333
1253,RegionE,359.224667,200.775333
1253,RegionF,401.922667,138.077333
1254,RegionA,369.643333,50.356667000000016
1254,RegionB,361.051,48.94900000000001
1254,RegionC,359.878,45.122000000000014
1254,RegionD,390.014333,329.985667
1254,RegionE,384.082667,175.91733299999999
1254,RegionF,408.426,131.574
1255,RegionA,361.54,58.45999999999998
1255,RegionB,363.642667,46.35733299999998
1255,RegionC,360.328,44.672000000000025
1255,RegionD,402.777333,317.222667
1255,RegionE,373.674,186.32600000000002
1255,RegionF,411.398667,128.601333
1256,RegionA,355.218667,64.78133300000002
1256,RegionB,352.376333,57.62366700000001
1256,RegionC,352.362667,52.63733300000001
1256,RegionD,408.092,311.908
1256,RegionE,382.260667,177.739333
1256,RegionF,396.48,143.51999999999998
1257,RegionA,346.327333,73.67266699999999
1257,RegionB,361.608,48.391999999999996
1257,RegionC,360.934667,44.06533300000001
1257,RegionD,415.560667,304.439333
1257,RegionE,336.556,223.44400000000002
1257,RegionF,380.560667,159.43933299999998
1258,RegionA,364.697333,55.302666999999985
1258,RegionB,376.088,33.91199999999998
1258,RegionC,350.72,54.27999999999997
1258,RegionD,353.349333,366.650667
1258,RegionE,376.784,183.216
1258,RegionF,403.792333,136.20766700000001
1259,RegionA,359.652667,60.34733299999999
1259,RegionB,375.515667,34.48433299999999
1259,RegionC,357.65,47.35000000000002
1259,RegionD,337.556,382.444
1259,RegionE,302.458333,257.541667
1259,RegionF,342.757,197.243
1260,RegionA,353.505,66.495
1260,RegionB,313.172333,96.82766700000002
1260,RegionC,356.972667,48.027333
1260,RegionD,300.546667,419.453333
1260,RegionE,282.874,277.126
1260,RegionF,322.436667,217.563333
1261,RegionA,316.169667,103.830333
1261,RegionB,321.819333,88.18066700000003
1261,RegionC,310.731333,94.268667
1261,RegionD,237.056667,482.943333
1261,RegionE,290.367667,269.632333
1261,RegionF,277.433,262.567
1262,RegionA,287.005,132.995
1262,RegionB,315.733,94.267
1262,RegionC,298.577333,106.42266699999999
1262,RegionD,240.307667,479.69233299999996
1262,RegionE,255.508333,304.491667
1262,RegionF,288.623333,251.376667
1263,RegionA,248.02,171.98
1263,RegionB,261.608333,148.39166699999998
1263,RegionC,269.522667,135.477333
1263,RegionD,192.782,527.218
1263,RegionE,220.199333,339.800667
1263,RegionF,226.44,313.56
1264,RegionA,209.69,210.31
1264,RegionB,237.362667,172.637333
1264,RegionC,213.645333,191.354667
1264,RegionD,195.664667,524.335333
1264,RegionE,197.936,362.06399999999996
1264,RegionF,212.001333,327.998667
1265,RegionA,201.304667,218.695333
1265,RegionB,242.677333,167.322667
1265,RegionC,222.303667,182.696333
1265,RegionD,156.9,563.1
1265,RegionE,187.086,372.914
1265,RegionF,155.937,384.063
1266,RegionA,177.660333,242.339667
1266,RegionB,207.22,202.78
1266,RegionC,218.993,186.007
1266,RegionD,107.623333,612.376667
1266,RegionE,142.811667,417.188333
1266,RegionF,213.276333,326.723667
1267,RegionA,179.815,240.185
1267,RegionB,228.803,181.197
1267,RegionC,229.945333,175.054667
1267,RegionD,103.880667,616.119333
1267,RegionE,149.715333,410.284667
1267,RegionF,196.722,343.278
1268,RegionA,230.829333,189.170667
1268,RegionB,235.959333,174.040667
1268,RegionC,255.89,149.11
1268,RegionD,140.405333,579.594667
1268,RegionE,183.188667,376.811333
1268,RegionF,183.231667,356.768333
1269,RegionA,267.833333,152.16666700000002
1269,RegionB,233.17,176.83
1269,RegionC,254.342,150.658
1269,RegionD,149.827333,570.172667
1269,RegionE,215.339333,344.660667
1269,RegionF,194.133333,345.866667
1270,RegionA,291.068,128.93200000000002
1270,RegionB,228.38,181.62
1270,RegionC,274.930667,130.06933299999997
1270,RegionD,152.26,567.74
1270,RegionE,271.114,288.886
1270,RegionF,165.861333,374.138667
1271,RegionA,309.081667,110.91833300000002
1271,RegionB,268.359667,141.640333
1271,RegionC,302.373,102.62700000000001
1271,RegionD,216.558,503.442
1271,RegionE,251.559333,308.44066699999996
1271,RegionF,243.027667,296.972333
1272,RegionA,330.210667,89.789333
1272,RegionB,289.387333,120.61266699999999
1272,RegionC,329.562667,75.43733300000002
1272,RegionD,262.937,457.063
1272,RegionE,298.435333,261.564667
1272,RegionF,280.037333,259.962667
1273,RegionA,347.92,72.07999999999998
1273,RegionB,355.676,54.32400000000001
1273,RegionC,352.876,52.124000000000024
1273,RegionD,247.136,472.86400000000003
1273,RegionE,327.095333,232.90466700000002
1273,RegionF,315.915,224.08499999999998
1274,RegionA,382.02,37.98000000000002
1274,RegionB,354.110667,55.88933300000002
1274,RegionC,383.713333,21.286667000000023
1274,RegionD,254.638,465.36199999999997
1274,RegionE,388.8,171.2
1274,RegionF,319.098,220.902
1275,RegionA,393.304,26.696000000000026
1275,RegionB,356.954667,53.04533300000003
1275,RegionC,384.165333,20.834667000000024
1275,RegionD,265.298,454.702
1275,RegionE,424.850333,135.14966700000002
1275,RegionF,365.986,174.014
1276,RegionA,388.909333,31.090666999999996
1276,RegionB,355.909,54.09100000000001
1276,RegionC,382.686667,22.313333
1276,RegionD,328.065333,391.934667
1276,RegionE,428.245,131.755
1276,RegionF,357.692667,182.30733300000003
1277,RegionA,378.78,41.22000000000003
1277,RegionB,363.104,46.896000000000015
1277,RegionC,379.7,25.30000000000001
1277,RegionD,337.222667,382.777333
1277,RegionE,414.836667,145.16333300000002
1277,RegionF,389.982,150.01799999999997
1278,RegionA,380.364,39.636000000000024
1278,RegionB,361.304,48.696000000000026
1278,RegionC,375.26,29.74000000000001
1278,RegionD,295.085333,424.914667
1278,RegionE,416.933333,143.066667
1278,RegionF,419.196,120.80399999999997
1279,RegionA,371.339333,48.66066699999999
1279,RegionB,360.585,49.41500000000002
1279,RegionC,376.358333,28.641666999999984
1279,RegionD,313.754333,406.245667
1279,RegionE,397.282667,162.717333
1279,RegionF,445.441667,94.558333
1280,RegionA,362.199333,57.800666999999976
1280,RegionB,361.146,48.853999999999985
1280,RegionC,382.238,22.762
1280,RegionD,306.616667,413.383333
1280,RegionE,361.39,198.61
1280,RegionF,461.589667,78.41033299999998
1281,RegionA,362.642667,57.35733299999998
1281,RegionB,359.738667,50.26133299999998
1281,RegionC,383.458667,21.54133300000001
1281,RegionD,258.78,461.22
1281,RegionE,324.349333,235.650667
1281,RegionF,381.738667,158.26133299999998
1282,RegionA,356.113667,63.88633299999998
1282,RegionB,372.131333,37.868667000000016
1282,RegionC,381.440667,23.55933299999998
1282,RegionD,260.468667,459.531333
1282,RegionE,362.613333,197.386667
1282,RegionF,333.019333,206.98066699999998
1283,RegionA,337.797333,82.20266700000002
1283,RegionB,347.309333,62.69066700000002
1283,RegionC,377.867667,27.132333000000017
1283,RegionD,262.775,457.225
1283,RegionE,313.097333,246.902667
1283,RegionF,299.461,240.539
1284,RegionA,326.07,93.93
1284,RegionB,357.234,52.76600000000002
1284,RegionC,345.78,59.22000000000003
1284,RegionD,265.024,454.976
1284,RegionE,236.76,323.24
1284,RegionF,282.998333,257.001667
1285,RegionA,308.967333,111.032667
1285,RegionB,311.678,98.322
1285,RegionC,303.12,101.88
1285,RegionD,270.798667,449.201333
1285,RegionE,210.524,349.476
1285,RegionF,257.258,282.742
1286,RegionA,316.237333,103.76266700000002
1286,RegionB,304.141,105.85899999999998
1286,RegionC,307.793,97.207
1286,RegionD,223.614667,496.385333
1286,RegionE,191.469,368.531
1286,RegionF,251.485667,288.51433299999997
1287,RegionA,291.839333,128.160667
1287,RegionB,285.235667,124.76433300000002
1287,RegionC,260.875,144.125
1287,RegionD,205.111,514.889
1287,RegionE,149.183333,410.816667
1287,RegionF,216.314333,323.68566699999997
1288,RegionA,252.653333,167.346667
1288,RegionB,242.487667,167.512333
1288,RegionC,229.260333,175.739667
1288,RegionD,126.118,593.8820000000001
1288,RegionE,139.89,420.11
1288,RegionF,199.616667,340.383333
1289,RegionA,204.773333,215.226667
1289,RegionB,213.327333,196.672667
1289,RegionC,212.897667,192.102333
1289,RegionD,120.251333,599.748667
1289,RegionE,176.953333,383.046667
1289,RegionF,220.375,319.625
1290,RegionA,192.95,227.05
1290,RegionB,185.274667,224.725333
1290,RegionC,216.757333,188.242667
1290,RegionD,155.016667,564.983333
1290,RegionE,203.39,356.61
1290,RegionF,186.963333,353.03666699999997
1291,RegionA,218.382667,201.617333
1291,RegionB,179.433333,230.566667
1291,RegionC,203.595,201.405
1291,RegionD,151.924667,568.075333
1291,RegionE,216.994667,343.005333
1291,RegionF,168.981333,371.018667
1292,RegionA,243.505333,176.494667
1292,RegionB,219.194,190.806
1292,RegionC,247.013333,157.986667
1292,RegionD,194.221333,525.778667
1292,RegionE,224.5,335.5
1292,RegionF,200.403333,339.596667
1293,RegionA,254.496667,165.503333
1293,RegionB,249.686,160.314
1293,RegionC,222.174,182.826
1293,RegionD,209.53,510.47
1293,RegionE,218.899333,341.100667
1293,RegionF,181.000333,358.999667
1294,RegionA,270.095333,149.90466700000002
1294,RegionB,313.661667,96.33833299999998
1294,RegionC,253.784,151.216
1294,RegionD,186.6,533.4
1294,RegionE,292.092667,267.907333
1294,RegionF,239.312667,300.68733299999997
1295,RegionA,324.638,95.36200000000002
1295,RegionB,279.711667,130.28833300000002
1295,RegionC,300.822,104.178
1295,RegionD,161.716667,558.283333
1295,RegionE,266.35,293.65
1295,RegionF,321.594667,218.40533299999998
1296,RegionA,328.81,91.19
1296,RegionB,334.812667,75.18733300000002
1296,RegionC,367.434,37.565999999999974
1296,RegionD,246.17,473.83000000000004
1296,RegionE,264.91,295.09
1296,RegionF,340.06,199.94
1297,RegionA,387.512,32.488
1297,RegionB,339.550333,70.44966699999998
1297,RegionC,347.323667,57.676333
1297,RegionD,316.332667,403.667333
1297,RegionE,340.298667,219.70133299999998
1297,RegionF,353.675333,186.32466699999998
1298,RegionA,374.870667,45.129332999999974
1298,RegionB,347.378667,62.62133299999999
1298,RegionC,374.279333,30.72066699999999
1298,RegionD,306.68,413.32
1298,RegionE,402.178333,157.821667
1298,RegionF,316.747667,223.25233300000002
1299,RegionA,380.137,39.863
1299,RegionB,344.924,65.07600000000002
1299,RegionC,377.608,27.391999999999996
1299,RegionD,305.035333,414.964667
1299,RegionE,383.77,176.23000000000002
1299,RegionF,369.512,170.488
1300,RegionA,385.653333,34.346667000000025
1300,RegionB,347.016333,62.983667000000025
1300,RegionC,377.470667,27.52933300000001
1300,RegionD,369.315,350.685
1300,RegionE,331.532667,228.467333
1300,RegionF,390.262,149.738
1301,RegionA,399.347333,20.652667000000008
1301,RegionB,375.433333,34.566666999999995
1301,RegionC,377.247333,27.752666999999974
1301,RegionD,375.898333,344.101667
1301,RegionE,362.102667,197.897333
1301,RegionF,381.900667,158.099333
1302,RegionA,379.096,40.903999999999996
1302,RegionB,378.872667,31.12733300000002
1302,RegionC,379.917667,25.082333000000006
1302,RegionD,382.429333,337.570667
1302,RegionE,378.241667,181.758333
1302,RegionF,388.881333,151.11866700000002
1303,RegionA,358.790667,61.209333000000015
1303,RegionB,381.146,28.853999999999985
1303,RegionC,380.830667,24.169332999999995
1303,RegionD,371.043333,348.956667
1303,RegionE,335.814667,224.185333
1303,RegionF,394.617333,145.38266700000003
1304,RegionA,374.801333,45.198667
1304,RegionB,384.119,25.880999999999972
1304,RegionC,381.061333,23.93866700000001
1304,RegionD,379.350333,340.649667
1304,RegionE,336.006667,223.993333
1304,RegionF,375.720667,164.279333
1305,RegionA,360.388,59.61200000000002
1305,RegionB,383.712333,26.287667
1305,RegionC,380.609333,24.390667000000008
1305,RegionD,317.350333,402.649667
1305,RegionE,297.295333,262.704667
1305,RegionF,350.808,189.192
1306,RegionA,385.221333,34.778666999999984
1306,RegionB,377.366,32.634000000000015
1306,RegionC,382.89,22.110000000000014
1306,RegionD,360.139667,359.860333
1306,RegionE,316.110667,243.88933300000002
1306,RegionF,319.749333,220.25066700000002
1307,RegionA,370.478667,49.52133300000003
1307,RegionB,351.269667,58.73033299999997
1307,RegionC,369.228667,35.77133300000003
1307,RegionD,269.044667,450.955333
1307,RegionE,295.544667,264.455333
1307,RegionF,366.762667,173.23733299999998
1308,RegionA,347.668,72.332
1308,RegionB,319.759,90.24099999999999
1308,RegionC,340.887333,64.11266699999999
1308,RegionD,299.235,420.765
1308,RegionE,281.475333,278.524667
1308,RegionF,291.375,248.625
1309,RegionA,303.893333,116.10666700000002
1309,RegionB,304.754333,105.24566700000003
1309,RegionC,307.438667,97.56133299999999
1309,RegionD,278.900333,441.099667
1309,RegionE,233.625,326.375
1309,RegionF,270.255333,269.744667
1310,RegionA,283.901667,136.09833300000003
1310,RegionB,304.434,105.56599999999997
1310,RegionC,301.493333,103.506667
1310,RegionD,301.668667,418.331333
1310,RegionE,193.384333,366.61566700000003
1310,RegionF,261.105333,278.894667
1311,RegionA,238.638333,181.361667
1311,RegionB,275.611333,134.388667
1311,RegionC,287.390333,117.609667
1311,RegionD,231.433,488.567
1311,RegionE,150.586,409.414
1311,RegionF,196.861667,343.138333
1312,RegionA,221.106,198.894
1312,RegionB,224.610667,185.389333
1312,RegionC,239.56,165.44
1312,RegionD,162.996,557.004
1312,RegionE,138.146,421.85400000000004
1312,RegionF,129.285333,410.71466699999996
1313,RegionA,208.702,211.298
1313,RegionB,210.507,199.493
1313,RegionC,229.01,175.99
1313,RegionD,96.746333,623.253667
1313,RegionE,140.395333,419.604667
1313,RegionF,144.438667,395.561333
1314,RegionA,208.823,211.177
1314,RegionB,206.834333,203.165667
1314,RegionC,224.967667,180.032333
1314,RegionD,74.523333,645.476667
1314,RegionE,105.405333,454.594667
1314,RegionF,162.409333,377.590667
1315,RegionA,210.007,209.993
1315,RegionB,228.83,181.17
1315,RegionC,206.366667,198.633333
1315,RegionD,70.302,649.698
1315,RegionE,141.228667,418.771333
1315,RegionF,169.767,370.233
1316,RegionA,223.66,196.34
1316,RegionB,232.606,177.394
1316,RegionC,220.306,184.694
1316,RegionD,60.089667,659.910333
1316,RegionE,187.283333,372.71666700000003
1316,RegionF,189.075333,350.924667
1317,RegionA,241.364,178.636
1317,RegionB,278.146667,131.85333300000002
1317,RegionC,278.915333,126.08466700000002
1317,RegionD,107.879,612.121
1317,RegionE,169.338,390.66200000000003
1317,RegionF,164.818667,375.181333
1318,RegionA,259.893333,160.10666700000002
1318,RegionB,284.884,125.11599999999999
1318,RegionC,276.876667,128.123333
1318,RegionD,188.633333,531.366667
1318,RegionE,187.046,372.954
1318,RegionF,199.345333,340.654667
1319,RegionA,296.236667,123.76333299999999
1319,RegionB,279.446667,130.553333
1319,RegionC,276.068,128.93200000000002
1319,RegionD,230.032667,489.967333
1319,RegionE,232.022,327.978
1319,RegionF,230.208,309.79200000000003
1320,RegionA,311.632667,108.36733299999997
1320,RegionB,327.744667,82.25533300000001
1320,RegionC,323.928667,81.07133299999998
1320,RegionD,262.548333,457.451667
1320,RegionE,214.141333,345.85866699999997
1320,RegionF,290.69,249.31
1321,RegionA,362.71,57.29000000000002
1321,RegionB,362.798,47.202
1321,RegionC,366.86,38.139999999999986
1321,RegionD,293.9,426.1
1321,RegionE,273.595333,286.404667
1321,RegionF,295.398,244.60199999999998
1322,RegionA,378.971,41.028999999999996
1322,RegionB,381.844,28.156000000000006
1322,RegionC,365.88,39.120000000000005
1322,RegionD,315.481333,404.518667
1322,RegionE,299.706333,260.293667
1322,RegionF,283.328667,256.671333
1323,RegionA,386.6,33.39999999999998
1323,RegionB,374.118667,35.881332999999984
1323,RegionC,361.977333,43.02266700000001
1323,RegionD,380.486333,339.513667
1323,RegionE,360.304333,199.69566700000001
1323,RegionF,388.953667,151.046333
1324,RegionA,382.671,37.32900000000001
1324,RegionB,368.302,41.69799999999998
1324,RegionC,351.258,53.74200000000002
1324,RegionD,288.433333,431.566667
1324,RegionE,407.636667,152.363333
1324,RegionF,405.374667,134.625333
1325,RegionA,382.216,37.78399999999999
1325,RegionB,375.922,34.077999999999975
1325,RegionC,350.952333,54.04766699999999
1325,RegionD,398.888,321.112
1325,RegionE,426.285333,133.71466700000002
1325,RegionF,386.421667,153.578333
1326,RegionA,376.403333,43.596667000000025
1326,RegionB,377.12,32.879999999999995
1326,RegionC,365.839333,39.16066699999999
1326,RegionD,364.027,355.973
1326,RegionE,467.756667,92.243333
1326,RegionF,414.094,125.906
1327,RegionA,374.697333,45.302666999999985
1327,RegionB,371.82,38.18000000000001
1327,RegionC,374.982667,30.017333000000008
1327,RegionD,398.787333,321.212667
1327,RegionE,401.47,158.52999999999997
1327,RegionF,408.773333,131.22666700000002
1328,RegionA,384.516667,35.483333000000016
1328,RegionB,366.68,43.31999999999999
1328,RegionC,376.499667,28.500333000000012
1328,RegionD,375.366333,344.633667
1328,RegionE,423.153333,136.84666700000002
1328,RegionF,374.074,165.926
1329,RegionA,353.29,66.70999999999998
1329,RegionB,366.013333,43.98666700000001
1329,RegionC,379.753,25.247000000000014
1329,RegionD,348.765667,371.234333
1329,RegionE,404.215333,155.784667
1329,RegionF,333.235,206.765
1330,RegionA,363.912,56.08800000000002
1330,RegionB,366.589667,43.41033299999998
1330,RegionC,382.000333,22.999666999999988
1330,RegionD,351.113333,368.886667
1330,RegionE,384.034,175.966
1330,RegionF,366.694667,173.30533300000002
1331,RegionA,327.829,92.17099999999999
1331,RegionB,368.277333,41.722667
1331,RegionC,366.42,38.579999999999984
1331,RegionD,282.338667,437.661333
1331,RegionE,307.946,252.05399999999997
1331,RegionF,349.872667,190.12733300000002
1332,RegionA,320.385333,99.614667
1332,RegionB,284.933,125.06700000000001
1332,RegionC,292.377,112.62299999999999
1332,RegionD,267.11,452.89
1332,RegionE,317.786667,242.21333299999998
1332,RegionF,294.03,245.97000000000003
1333,RegionA,305.062,114.93799999999999
1333,RegionB,274.665667,135.33433300000002
1333,RegionC,296.05,108.94999999999999
1333,RegionD,284.728,435.272
1333,RegionE,293.698,266.302
1333,RegionF,282.178667,257.821333
1334,RegionA,288.321333,131.67866700000002
1334,RegionB,247.767667,162.232333
1334,RegionC,237.955333,167.044667
1334,RegionD,258.414667,461.585333
1334,RegionE,228.363,331.637
1334,RegionF,264.074,275.926
1335,RegionA,277.44,142.56
1335,RegionB,235.872667,174.127333
1335,RegionC,238.868667,166.131333
1335,RegionD,230.872,489.128
1335,RegionE,182.149333,377.850667
1335,RegionF,231.002333,308.997667
1336,RegionA,242.581667,177.418333
1336,RegionB,206.813333,203.186667
1336,RegionC,204.651333,200.348667
1336,RegionD,231.736667,488.263333
1336,RegionE,175.562667,384.43733299999997
1336,RegionF,208.877667,331.122333
1337,RegionA,202.388667,217.611333
1337,RegionB,196.450333,213.549667
1337,RegionC,184.022667,220.977333
1337,RegionD,212.866667,507.133333
1337,RegionE,136.365333,423.63466700000004
1337,RegionF,219.04,320.96000000000004
1338,RegionA,226.818667,193.181333
1338,RegionB,212.601,197.399
1338,RegionC,197.665333,207.334667
1338,RegionD,178.418333,541.581667
1338,RegionE,175.328667,384.671333
1338,RegionF,155.919333,384.080667
1339,RegionA,220.287333,199.712667
1339,RegionB,194.042,215.958
1339,RegionC,198.216,206.784
1339,RegionD,172.323333,547.676667
1339,RegionE,196.498333,363.501667
1339,RegionF,187.852667,352.147333
1340,RegionA,228.47,191.53
1340,RegionB,219.232667,190.767333
1340,RegionC,205.65,199.35
1340,RegionD,122.193333,597.8066670000001
1340,RegionE,201.588,358.41200000000003
1340,RegionF,195.008,344.99199999999996
1341,RegionA,233.502667,186.497333
1341,RegionB,249.294667,160.705333
1341,RegionC,248.826,156.174
1341,RegionD,145.974667,574.025333
1341,RegionE,168.609,391.39099999999996
1341,RegionF,201.074667,338.925333
1342,RegionA,271.138,148.86200000000002
1342,RegionB,288.124333,121.87566700000002
1342,RegionC,259.241,145.75900000000001
1342,RegionD,184.918,535.082
1342,RegionE,268.946667,291.053333
1342,RegionF,195.098,344.902
1343,RegionA,304.956333,115.04366700000003
1343,RegionB,328.873333,81.126667
1343,RegionC,299.068667,105.931333
1343,RegionD,237.035333,482.96466699999996
1343,RegionE,266.493333,293.506667
1343,RegionF,235.257333,304.742667
1344,RegionA,331.499667,88.50033300000001
1344,RegionB,333.058,76.94200000000001
1344,RegionC,336.678,68.322
1344,RegionD,257.096667,462.903333
1344,RegionE,283.901333,276.098667
1344,RegionF,286.203333,253.796667
1345,RegionA,379.8,40.19999999999999
1345,RegionB,326.055,83.945
1345,RegionC,369.310667,35.689332999999976
1345,RegionD,306.875,413.125
1345,RegionE,292.764667,267.235333
1345,RegionF,277.054667,262.945333
1346,RegionA,397.598667,22.401333000000022
1346,RegionB,335.504667,74.49533300000002
1346,RegionC,385.92,19.079999999999984
1346,RegionD,317.599,402.401
1346,RegionE,332.132,227.868
1346,RegionF,305.262667,234.73733299999998
1347,RegionA,397.376,22.624000000000024
1347,RegionB,351.805333,58.19466699999998
1347,RegionC,385.52,19.480000000000018
1347,RegionD,349.988,370.012
1347,RegionE,333.284,226.716
1347,RegionF,304.030667,235.969333
1348,RegionA,397.028,22.97199999999998
1348,RegionB,355.813333,54.186667
1348,RegionC,384.670667,20.32933300000002
1348,RegionD,361.621667,358.378333
1348,RegionE,369.184667,190.815333
1348,RegionF,336.123333,203.876667
1349,RegionA,397.568333,22.431667000000004
1349,RegionB,352.314,57.68599999999998
1349,RegionC,385.411667,19.588332999999977
1349,RegionD,391.638333,328.361667
1349,RegionE,337.385,222.615
1349,RegionF,374.084667,165.91533299999998
1350,RegionA,397.896,22.103999999999985
1350,RegionB,364.116,45.884000000000015
1350,RegionC,371.333333,33.66666700000002
1350,RegionD,351.855,368.145
1350,RegionE,360.379333,199.62066700000003
1350,RegionF,376.096,163.904
1351,RegionA,395.716667,24.283333000000027
1351,RegionB,374.93,35.06999999999999
1351,RegionC,383.263333,21.73666700000001
1351,RegionD,346.718,373.282
1351,RegionE,390.780333,169.21966700000002
1351,RegionF,387.982333,152.01766700000002
1352,RegionA,387.759333,32.24066699999997
1352,RegionB,383.901,26.09899999999999
1352,RegionC,383.316,21.684000000000026
1352,RegionD,366.703333,353.296667
1352,RegionE,369.67,190.32999999999998
1352,RegionF,382.664667,157.335333
1353,RegionA,381.523333,38.47666700000002
1353,RegionB,374.606667,35.393332999999984
1353,RegionC,382.539333,22.460667
1353,RegionD,354.277333,365.722667
1353,RegionE,346.428667,213.57133299999998
1353,RegionF,377.164,162.836
1354,RegionA,382.851333,37.14866699999999
1354,RegionB,376.461,33.53899999999999
1354,RegionC,379.814667,25.185333000000014
1354,RegionD,278.578667,441.421333
1354,RegionE,329.18,230.82
1354,RegionF,364.638,175.36200000000002
1355,RegionA,367.144,52.855999999999995
1355,RegionB,365.974,44.02600000000001
1355,RegionC,358.914,46.08600000000001
1355,RegionD,281.941,438.059
1355,RegionE,299.936667,260.063333
1355,RegionF,319.95,220.05
1356,RegionA,323.191333,96.80866700000001
1356,RegionB,348.451,61.54899999999998
1356,RegionC,351.634,53.365999999999985
1356,RegionD,243.597333,476.402667
1356,RegionE,254.091667,305.90833299999997
1356,RegionF,301.528,238.47199999999998
1357,RegionA,323.469667,96.53033299999998
1357,RegionB,333.436,76.56400000000002
1357,RegionC,338.056,66.94400000000002
1357,RegionD,222.944,497.05600000000004
1357,RegionE,191.282,368.71799999999996
1357,RegionF,270.161333,269.838667
1358,RegionA,296.385333,123.614667
1358,RegionB,257.497,152.503
1358,RegionC,312.998,92.00200000000001
1358,RegionD,211.053333,508.946667
1358,RegionE,202.693667,357.306333
1358,RegionF,242.725333,297.274667
1359,RegionA,252.265333,167.734667
1359,RegionB,213.859,196.141
1359,RegionC,285.585667,119.414333
1359,RegionD,149.915,570.085
1359,RegionE,203.197,356.803
1359,RegionF,228.284,311.716
1360,RegionA,252.823667,167.176333
1360,RegionB,202.81,207.19
1360,RegionC,235.462,169.538
1360,RegionD,71.905667,648.094333
1360,RegionE,159.238667,400.76133300000004
1360,RegionF,181.216667,358.78333299999997
1361,RegionA,213.326667,206.673333
1361,RegionB,166.388333,243.611667
1361,RegionC,218.54,186.46
1361,RegionD,87.588,632.412
1361,RegionE,189.001333,370.998667
1361,RegionF,185.571333,354.428667
1362,RegionA,212.746,207.254
1362,RegionB,182.507333,227.492667
1362,RegionC,217.630667,187.369333
1362,RegionD,106.527,613.473
1362,RegionE,184.33,375.66999999999996
1362,RegionF,188.684,351.31600000000003
1363,RegionA,217.885333,202.114667
1363,RegionB,202.964,207.036
1363,RegionC,205.965333,199.034667
1363,RegionD,127.883,592.117
1363,RegionE,151.566,408.43399999999997
1363,RegionF,184.209333,355.790667
1364,RegionA,201.650667,218.349333
1364,RegionB,225.158,184.842
1364,RegionC,231.680667,173.319333
1364,RegionD,212.848667,507.151333
1364,RegionE,126.87,433.13
1364,RegionF,170.610667,369.38933299999997
1365,RegionA,231.17,188.83
1365,RegionB,236.166667,173.833333
1365,RegionC,252.822,152.178
1365,RegionD,186.482,533.518
1365,RegionE,179.39,380.61
1365,RegionF,140.922,399.078
1366,RegionA,271.657,148.34300000000002
1366,RegionB,267.518667,142.481333
1366,RegionC,251.499333,153.500667
1366,RegionD,217.239667,502.760333
1366,RegionE,251.413333,308.58666700000003
1366,RegionF,152.476667,387.523333
1367,RegionA,295.13,124.87
1367,RegionB,311.15,98.85000000000002
1367,RegionC,250.181667,154.818333
1367,RegionD,230.022,489.978
1367,RegionE,309.65,250.35000000000002
1367,RegionF,176.724,363.276
1368,RegionA,334.774667,85.22533299999998
1368,RegionB,318.325,91.67500000000001
1368,RegionC,354.71,50.29000000000002
1368,RegionD,306.12,413.88
1368,RegionE,313.38,246.62
1368,RegionF,241.44,298.56
1369,RegionA,367.223333,52.776666999999975
1369,RegionB,330.13,79.87
1369,RegionC,372.64,32.360000000000014
1369,RegionD,329.595333,390.404667
1369,RegionE,325.518667,234.481333
1369,RegionF,282.722,257.278
1370,RegionA,382.814667,37.185333000000014
1370,RegionB,333.069,76.93099999999998
1370,RegionC,385.111333,19.888666999999998
1370,RegionD,326.46,393.54
1370,RegionE,287.12,272.88
1370,RegionF,326.128667,213.871333
1371,RegionA,398.926667,21.07333299999999
1371,RegionB,315.92,94.07999999999998
1371,RegionC,382.781333,22.218666999999982
1371,RegionD,292.611333,427.388667
1371,RegionE,297.32,262.68
1371,RegionF,329.052667,210.94733300000001
1372,RegionA,386.003333,33.996667
1372,RegionB,327.432,82.56799999999998
1372,RegionC,380.208,24.791999999999973
1372,RegionD,345.988667,374.011333
1372,RegionE,325.066,234.93400000000003
1372,RegionF,403.879667,136.12033300000002
1373,RegionA,387.272,32.72800000000001
1373,RegionB,343.689333,66.31066700000002
1373,RegionC,380.96,24.04000000000002
1373,RegionD,330.808667,389.191333
1373,RegionE,351.586667,208.41333300000002
1373,RegionF,398.510333,141.489667
1374,RegionA,395.366,24.634000000000015
1374,RegionB,370.74,39.25999999999999
1374,RegionC,382.141333,22.858667000000025
1374,RegionD,330.026,389.974
1374,RegionE,323.449333,236.55066699999998
1374,RegionF,411.32,128.68
1375,RegionA,381.513333,38.48666700000001
1375,RegionB,378.061333,31.93866700000001
1375,RegionC,365.278333,39.721667000000025
1375,RegionD,320.07,399.93
1375,RegionE,350.635333,209.364667
1375,RegionF,363.776,176.224
1376,RegionA,380.346667,39.653332999999975
1376,RegionB,379.739,30.261000000000024
1376,RegionC,363.804667,41.195333000000005
1376,RegionD,321.038667,398.961333
1376,RegionE,346.406667,213.59333299999997
1376,RegionF,378.704,161.296
1377,RegionA,362.176667,57.82333299999999
1377,RegionB,358.727667,51.272333
1377,RegionC,373.870667,31.129332999999974
1377,RegionD,334.116667,385.883333
1377,RegionE,351.602667,208.397333
1377,RegionF,399.386333,140.61366700000002
1378,RegionA,361.504,58.49599999999998
1378,RegionB,334.911667,75.08833299999998
1378,RegionC,355.989333,49.01066700000001
1378,RegionD,336.326667,383.673333
1378,RegionE,314.711667,245.28833300000002
1378,RegionF,347.52,192.48000000000002
1379,RegionA,365.524,54.476
1379,RegionB,316.051667,93.94833299999999
1379,RegionC,346.855333,58.14466700000003
1379,RegionD,309.699333,410.300667
1379,RegionE,275.621333,284.378667
1379,RegionF,304.606,235.394
1380,RegionA,334.890667,85.10933299999999
1380,RegionB,305.397333,104.602667
1380,RegionC,335.441667,69.558333
1380,RegionD,257.596,462.404
1380,RegionE,284.795333,275.204667
1380,RegionF,258.690667,281.309333
1381,RegionA,312.470667,107.52933300000001
1381,RegionB,296.193,113.80700000000002
1381,RegionC,299.13,105.87
1381,RegionD,281.164,438.836
1381,RegionE,273.052,286.948
1381,RegionF,289.657333,250.342667
1382,RegionA,285.292333,134.70766700000001
1382,RegionB,293.085667,116.914333
1382,RegionC,315.775333,89.22466700000001
1382,RegionD,231.66,488.34000000000003
1382,RegionE,284.545333,275.454667
1382,RegionF,266.259333,273.740667
1383,RegionA,218.998333,201.001667
1383,RegionB,258.055333,151.94466699999998
1383,RegionC,256.328,148.67200000000003
1383,RegionD,203.203,516.797
1383,RegionE,223.437,336.563
1383,RegionF,207.996,332.004
1384,RegionA,217.834667,202.165333
1384,RegionB,199.535333,210.464667
1384,RegionC,228.193333,176.806667
1384,RegionD,154.386667,565.613333
1384,RegionE,171.052,388.948
1384,RegionF,173.353667,366.646333
1385,RegionA,203.94,216.06
1385,RegionB,200.8,209.2
1385,RegionC,205.608667,199.391333
1385,RegionD,104.009333,615.990667
1385,RegionE,193.118,366.882
1385,RegionF,171.783333,368.21666700000003
1386,RegionA,185.473333,234.526667
1386,RegionB,218.352333,191.647667
1386,RegionC,203.661667,201.338333
1386,RegionD,132.216667,587.783333
1386,RegionE,175.439667,384.560333
1386,RegionF,132.583333,407.41666699999996
1387,RegionA,200.819333,219.180667
1387,RegionB,216.375333,193.624667
1387,RegionC,212.13,192.87
1387,RegionD,106.719,613.281
1387,RegionE,191.596,368.404
1387,RegionF,147.282667,392.717333
1388,RegionA,207.939,212.061
1388,RegionB,231.903333,178.096667
1388,RegionC,209.044,195.956
1388,RegionD,152.891333,567.108667
1388,RegionE,183.680667,376.31933300000003
1388,RegionF,166.362,373.63800000000003
1389,RegionA,247.812,172.188
1389,RegionB,272.813333,137.186667
1389,RegionC,259.631,145.36900000000003
1389,RegionD,173.895333,546.1046670000001
1389,RegionE,225.037333,334.962667
1389,RegionF,194.689667,345.310333
1390,RegionA,257.826667,162.173333
1390,RegionB,272.334,137.666
1390,RegionC,252.23,152.77
1390,RegionD,194.332,525.668
1390,RegionE,266.800667,293.199333
1390,RegionF,235.727333,304.272667
1391,RegionA,246.126667,173.873333
1391,RegionB,291.69,118.31
1391,RegionC,295.076667,109.92333300000001
1391,RegionD,239.369,480.631
1391,RegionE,295.961333,264.038667
1391,RegionF,242.055333,297.944667
1392,RegionA,316.6,103.39999999999998
1392,RegionB,344.597,65.40300000000002
1392,RegionC,330.698,74.30200000000002
1392,RegionD,296.009333,423.990667
1392,RegionE,301.866667,258.133333
1392,RegionF,259.762,280.238
1393,RegionA,343.064,76.93599999999998
1393,RegionB,366.051667,43.94833299999999
1393,RegionC,357.64,47.360000000000014
1393,RegionD,314.445,405.555
1393,RegionE,304.634,255.36599999999999
1393,RegionF,288.996667,251.003333
1394,RegionA,383.630333,36.36966699999999
1394,RegionB,382.934333,27.06566700000002
1394,RegionC,366.716,38.28399999999999
1394,RegionD,322.103,397.897
1394,RegionE,364.01,195.99
1394,RegionF,343.227333,196.772667
1395,RegionA,387.141,32.85899999999998
1395,RegionB,384.438,25.562000000000012
1395,RegionC,370.918667,34.08133299999997
1395,RegionD,357.454,362.546
1395,RegionE,362.124,197.87599999999998
1395,RegionF,360.278,179.72199999999998
1396,RegionA,391.782,28.218000000000018
1396,RegionB,386.368,23.632000000000005
1396,RegionC,385.084,19.915999999999997
1396,RegionD,429.096,290.904
1396,RegionE,327.788,232.212
1396,RegionF,377.674,162.32600000000002
1397,RegionA,374.174667,45.825333
1397,RegionB,388.794,21.206000000000017
1397,RegionC,383.569333,21.430667000000028
1397,RegionD,363.835333,356.164667
1397,RegionE,365.912,194.08800000000002
1397,RegionF,466.798667,73.20133299999998
1398,RegionA,371.764,48.23599999999999
1398,RegionB,389.75,20.25
1398,RegionC,384.022333,20.977666999999997
1398,RegionD,359.812333,360.187667
1398,RegionE,367.24,192.76
1398,RegionF,451.918667,88.08133299999997
1399,RegionA,375.766,44.23399999999998
1399,RegionB,389.54,20.45999999999998
1399,RegionC,384.293667,20.706332999999972
1399,RegionD,287.169333,432.830667
1399,RegionE,363.688,196.312
1399,RegionF,417.13,122.87
1400,RegionA,387.881333,32.118667000000016
1400,RegionB,388.533333,21.466666999999973
1400,RegionC,383.269333,21.730666999999983
1400,RegionD,330.256667,389.743333
1400,RegionE,399.114667,160.885333
1400,RegionF,389.752333,150.24766699999998
1401,RegionA,376.853333,43.14666699999998
1401,RegionB,386.506667,23.493333000000007
1401,RegionC,382.477,22.523000000000025
1401,RegionD,324.465333,395.534667
1401,RegionE,349.066667,210.933333
1401,RegionF,348.284,191.716
1402,RegionA,378.060333,41.939666999999986
1402,RegionB,389.06,20.939999999999998
1402,RegionC,369.472,35.52800000000002
1402,RegionD,324.04,395.96
1402,RegionE,319.500333,240.499667
1402,RegionF,341.234333,198.765667
1403,RegionA,329.607667,90.39233300000001
1403,RegionB,338.498,71.50200000000001
1403,RegionC,363.932,41.067999999999984
1403,RegionD,257.639333,462.360667
1403,RegionE,323.608667,236.39133299999997
1403,RegionF,341.486,198.514
1404,RegionA,330.628,89.37200000000001
1404,RegionB,333.443,76.55700000000002
1404,RegionC,341.615,63.38499999999999
1404,RegionD,274.889667,445.110333
1404,RegionE,344.920667,215.07933300000002
1404,RegionF,296.631667,243.368333
1405,RegionA,291.225333,128.77466700000002
1405,RegionB,316.738,93.262
1405,RegionC,317.023,87.97699999999998
1405,RegionD,235.638667,484.361333
1405,RegionE,327.276,232.724
1405,RegionF,268.044,271.956
1406,RegionA,289.647667,130.352333
1406,RegionB,303.590333,106.40966700000001
1406,RegionC,307.062333,97.93766699999998
1406,RegionD,201.613,518.387
1406,RegionE,287.520333,272.479667
1406,RegionF,215.846333,324.15366700000004
1407,RegionA,272.291667,147.70833299999998
1407,RegionB,286.031333,123.96866699999998
1407,RegionC,280.228667,124.77133300000003
1407,RegionD,184.466333,535.533667
1407,RegionE,278.535,281.465
1407,RegionF,177.613667,362.38633300000004
1408,RegionA,234.835667,185.164333
1408,RegionB,223.836,186.164
1408,RegionC,234.201,170.799
1408,RegionD,197.699333,522.300667
1408,RegionE,239.854667,320.145333
1408,RegionF,174.566,365.43399999999997
1409,RegionA,202.028667,217.971333
1409,RegionB,198.412,211.588
1409,RegionC,214.164,190.836
1409,RegionD,176.345,543.655
1409,RegionE,228.334,331.666
1409,RegionF,152.322,387.678
1410,RegionA,228.288667,191.711333
1410,RegionB,178.033,231.967
1410,RegionC,189.056,215.944
1410,RegionD,160.870667,559.129333
1410,RegionE,227.603,332.397
1410,RegionF,171.93,368.07
1411,RegionA,221.59,198.41
1411,RegionB,204.583667,205.416333
1411,RegionC,220.690667,184.309333
1411,RegionD,168.459,551.5409999999999
1411,RegionE,208.103333,351.896667
1411,RegionF,191.67,348.33000000000004
1412,RegionA,245.932,174.068
1412,RegionB,214.828333,195.171667
1412,RegionC,233.174667,171.825333
1412,RegionD,143.69,576.31
1412,RegionE,187.303,372.697
1412,RegionF,195.167333,344.832667
1413,RegionA,249.376667,170.623333
1413,RegionB,242.015667,167.984333
1413,RegionC,260.244,144.75599999999997
1413,RegionD,188.155333,531.844667
1413,RegionE,201.266,358.73400000000004
1413,RegionF,185.588,354.41200000000003
1414,RegionA,251.753333,168.246667
1414,RegionB,248.83,161.17
1414,RegionC,295.880667,109.11933299999998
1414,RegionD,203.69,516.31
1414,RegionE,229.100667,330.899333
1414,RegionF,231.014,308.986
1415,RegionA,305.35,114.64999999999998
1415,RegionB,276.814,133.18599999999998
1415,RegionC,311.873667,93.12633299999999
1415,RegionD,225.829,494.171
1415,RegionE,298.946667,261.053333
1415,RegionF,250.51,289.49
1416,RegionA,285.717333,134.282667
1416,RegionB,313.502,96.49799999999999
1416,RegionC,336.509333,68.49066699999997
1416,RegionD,305.843333,414.156667
1416,RegionE,360.539333,199.460667
1416,RegionF,271.685,268.315
1417,RegionA,343.177,76.82299999999998
1417,RegionB,354.972,55.02800000000002
1417,RegionC,385.912,19.088000000000022
1417,RegionD,316.370667,403.629333
1417,RegionE,339.675,220.325
1417,RegionF,304.271667,235.72833300000002
1418,RegionA,360.630667,59.36933299999998
1418,RegionB,357.859333,52.14066700000001
1418,RegionC,360.888,44.11200000000002
1418,RegionD,345.999333,374.000667
1418,RegionE,364.105333,195.89466700000003
1418,RegionF,307.118,232.882
1419,RegionA,361.428,58.572
1419,RegionB,363.524,46.476
1419,RegionC,362.818,42.182000000000016
1419,RegionD,377.576,342.424
1419,RegionE,359.93,200.07
1419,RegionF,361.113333,178.886667
1420,RegionA,349.365333,70.63466699999998
1420,RegionB,373.934667,36.06533300000001
1420,RegionC,361.260667,43.73933299999999
1420,RegionD,403.942,316.058
1420,RegionE,424.156667,135.84333299999997
1420,RegionF,368.55,171.45
1421,RegionA,363.249333,56.75066700000002
1421,RegionB,386.188,23.812000000000012
1421,RegionC,366.467333,38.532667000000004
1421,RegionD,376.442667,343.557333
1421,RegionE,390.48,169.51999999999998
1421,RegionF,398.772,141.228
1422,RegionA,380.034333,39.965666999999996
1422,RegionB,361.929333,48.070667000000014
1422,RegionC,367.798,37.202
1422,RegionD,393.347333,326.652667
1422,RegionE,422.1,137.89999999999998
1422,RegionF,409.819,130.18099999999998
1423,RegionA,365.981667,54.018332999999984
1423,RegionB,364.058333,45.941666999999995
1423,RegionC,380.270667,24.729332999999997
1423,RegionD,380.893,339.107
1423,RegionE,448.25,111.75
1423,RegionF,405.952667,134.04733299999998
1424,RegionA,368.364667,51.635333
1424,RegionB,362.442667,47.55733300000003
1424,RegionC,378.824,26.175999999999988
1424,RegionD,340.603667,379.396333
1424,RegionE,428.981,131.019
1424,RegionF,410.742,129.25799999999998
1425,RegionA,374.134,45.865999999999985
1425,RegionB,355.054,54.946000000000026
1425,RegionC,375.106667,29.893332999999984
1425,RegionD,335.182667,384.817333
1425,RegionE,376.008,183.99200000000002
1425,RegionF,411.573333,128.426667
1426,RegionA,366.548667,53.45133299999998
1426,RegionB,370.325333,39.674667
1426,RegionC,382.027333,22.972667
1426,RegionD,322.291333,397.708667
1426,RegionE,334.779333,225.220667
1426,RegionF,346.706667,193.29333300000002
1427,RegionA,355.821333,64.17866700000002
1427,RegionB,349.169,60.83100000000002
1427,RegionC,360.465333,44.53466700000001
1427,RegionD,272.254,447.746
1427,RegionE,311.292667,248.707333
1427,RegionF,290.111667,249.888333
1428,RegionA,353.440667,66.55933299999998
1428,RegionB,316.584,93.416
1428,RegionC,340.414,64.58600000000001
1428,RegionD,249.522,470.478
1428,RegionE,262.25,297.75
1428,RegionF,243.799333,296.200667
1429,RegionA,303.067333,116.93266699999998
1429,RegionB,317.572667,92.42733299999998
1429,RegionC,328.749,76.25099999999998
1429,RegionD,251.376333,468.623667
1429,RegionE,270.53,289.47
1429,RegionF,244.679333,295.32066699999996
1430,RegionA,296.937667,123.06233300000002
1430,RegionB,312.808,97.19200000000001
1430,RegionC,315.902,89.09800000000001
1430,RegionD,236.651667,483.348333
1430,RegionE,261.113,298.887
1430,RegionF,257.342333,282.657667
1431,RegionA,266.994667,153.005333
1431,RegionB,274.847,135.15300000000002
1431,RegionC,292.23,112.76999999999998
1431,RegionD,180.423667,539.576333
1431,RegionE,228.344,331.656
1431,RegionF,223.76,316.24
1432,RegionA,250.890333,169.109667
1432,RegionB,237.559333,172.440667
1432,RegionC,272.682667,132.31733300000002
1432,RegionD,176.493333,543.506667
1432,RegionE,149.176667,410.823333
1432,RegionF,190.291333,349.708667
1433,RegionA,200.349333,219.650667
1433,RegionB,235.545,174.455
1433,RegionC,241.734667,163.265333
1433,RegionD,114.867667,605.132333
1433,RegionE,137.0,423.0
1433,RegionF,183.672,356.328
1434,RegionA,196.843333,223.156667
1434,RegionB,218.333667,191.666333
1434,RegionC,222.331333,182.668667
1434,RegionD,92.138667,627.8613330000001
1434,RegionE,135.267333,424.732667
1434,RegionF,177.895333,362.104667
1435,RegionA,216.599333,203.400667
1435,RegionB,222.587333,187.412667
1435,RegionC,254.07,150.93
1435,RegionD,99.786667,620.213333
1435,RegionE,227.196667,332.803333
1435,RegionF,178.352,361.648
1436,RegionA,238.68,181.32
1436,RegionB,264.929333,145.07066700000001
1436,RegionC,247.493333,157.506667
1436,RegionD,144.94,575.06
1436,RegionE,215.44,344.56
1436,RegionF,173.563333,366.436667
1437,RegionA,265.828333,154.171667
1437,RegionB,281.59,128.41000000000003
1437,RegionC,256.768667,148.231333
1437,RegionD,217.892667,502.10733300000004
1437,RegionE,201.791333,358.208667
1437,RegionF,182.496333,357.503667
1438,RegionA,261.714667,158.28533299999998
1438,RegionB,258.063333,151.936667
1438,RegionC,250.174,154.826
1438,RegionD,223.526667,496.473333
1438,RegionE,229.65,330.35
1438,RegionF,224.338,315.66200000000003
1439,RegionA,288.223667,131.77633300000002
1439,RegionB,293.412,116.58800000000002
1439,RegionC,291.390667,113.60933299999999
1439,RegionD,300.637333,419.362667
1439,RegionE,211.808333,348.191667
1439,RegionF,278.76,261.24
1440,RegionA,332.013667,87.986333
1440,RegionB,362.175667,47.824333000000024
1440,RegionC,299.851333,105.14866699999999
1440,RegionD,332.886667,387.113333
1440,RegionE,245.812,314.188
1440,RegionF,304.077333,235.922667
1441,RegionA,357.408,62.591999999999985
1441,RegionB,359.83,50.170000000000016
1441,RegionC,329.863667,75.13633299999998
1441,RegionD,328.1,391.9
1441,RegionE,255.556667,304.443333
1441,RegionF,346.408333,193.59166699999997
1442,RegionA,357.968,62.03199999999998
1442,RegionB,383.53,26.470000000000027
1442,RegionC,345.315,59.685
1442,RegionD,338.693333,381.306667
1442,RegionE,317.751333,242.248667
1442,RegionF,350.202667,189.79733299999998
1443,RegionA,370.514667,49.485333000000026
1443,RegionB,385.66,24.339999999999975
1443,RegionC,344.479333,60.520667
1443,RegionD,304.303333,415.696667
1443,RegionE,366.123333,193.876667
1443,RegionF,397.678333,142.321667
1444,RegionA,383.420667,36.57933300000002
1444,RegionB,381.243,28.757000000000005
1444,RegionC,348.478667,56.52133300000003
1444,RegionD,306.076,413.924
1444,RegionE,364.218667,195.78133300000002
1444,RegionF,399.473333,140.52666699999997
1445,RegionA,364.792,55.20800000000003
1445,RegionB,371.176,38.82400000000001
1445,RegionC,349.208,55.79199999999997
1445,RegionD,320.556667,399.443333
1445,RegionE,399.265,160.735
1445,RegionF,379.781333,160.21866699999998
1446,RegionA,361.763333,58.23666700000001
1446,RegionB,380.896667,29.10333300000002
1446,RegionC,361.162333,43.83766700000001
1446,RegionD,334.332,385.668
1446,RegionE,408.065333,151.934667
1446,RegionF,422.126667,117.873333
1447,RegionA,370.202667,49.79733299999998
1447,RegionB,385.507,24.492999999999995
1447,RegionC,372.094,32.906000000000006
1447,RegionD,323.444667,396.555333
1447,RegionE,426.364,133.63600000000002
1447,RegionF,457.492,82.50799999999998
1448,RegionA,374.272333,45.727667
1448,RegionB,386.556667,23.443332999999996
1448,RegionC,375.108,29.891999999999996
1448,RegionD,328.097333,391.902667
1448,RegionE,436.628667,123.37133299999999
1448,RegionF,448.83,91.17000000000002
1449,RegionA,387.589,32.411
1449,RegionB,380.068,29.932000000000016
1449,RegionC,362.613667,42.38633299999998
1449,RegionD,320.850667,399.149333
1449,RegionE,382.95,177.05
1449,RegionF,397.56,142.44
1450,RegionA,375.151333,44.84866699999998
1450,RegionB,379.607,30.392999999999972
1450,RegionC,339.481,65.519
1450,RegionD,292.631667,427.368333
1450,RegionE,330.042,229.95800000000003
1450,RegionF,374.317333,165.68266699999998
1451,RegionA,372.107333,47.89266700000002
1451,RegionB,350.345,59.65499999999997
1451,RegionC,343.973333,61.026666999999975
1451,RegionD,301.66,418.34
1451,RegionE,308.374,251.62599999999998
1451,RegionF,318.133333,221.866667
1452,RegionA,300.530667,119.469333
1452,RegionB,353.12,56.879999999999995
1452,RegionC,342.93,62.06999999999999
1452,RegionD,241.959667,478.04033300000003
1452,RegionE,297.893333,262.106667
1452,RegionF,324.654,215.346
1453,RegionA,292.460667,127.539333
1453,RegionB,309.016667,100.98333300000002
1453,RegionC,320.490667,84.50933300000003
1453,RegionD,219.354,500.64599999999996
1453,RegionE,278.012333,281.987667
1453,RegionF,308.142,231.858
1454,RegionA,271.23,148.76999999999998
1454,RegionB,291.278333,118.72166700000002
1454,RegionC,313.700333,91.299667
1454,RegionD,237.398333,482.601667
1454,RegionE,236.674,323.326
1454,RegionF,269.072333,270.927667
1455,RegionA,251.172,168.828
1455,RegionB,258.595667,151.404333
1455,RegionC,283.436667,121.563333
1455,RegionD,203.434333,516.565667
1455,RegionE,215.926,344.074
1455,RegionF,278.0,262.0
1456,RegionA,219.398333,200.601667
1456,RegionB,223.196333,186.803667
1456,RegionC,245.16,159.84
1456,RegionD,135.855333,584.144667
1456,RegionE,197.81,362.19
1456,RegionF,210.59,329.40999999999997
1457,RegionA,215.455333,204.544667
1457,RegionB,230.494667,179.505333
1457,RegionC,216.723333,188.276667
1457,RegionD,79.900667,640.099333
1457,RegionE,156.723333,403.276667
1457,RegionF,213.790667,326.209333
1458,RegionA,202.515,217.485
1458,RegionB,183.594,226.406
1458,RegionC,199.628667,205.371333
1458,RegionD,121.968,598.032
1458,RegionE,133.422667,426.577333
1458,RegionF,203.17,336.83000000000004
1459,RegionA,200.186333,219.813667
1459,RegionB,186.618,223.382
1459,RegionC,214.58,190.42
1459,RegionD,142.901333,577.098667
1459,RegionE,187.79,372.21000000000004
1459,RegionF,211.488667,328.51133300000004
1460,RegionA,186.211667,233.788333
1460,RegionB,197.825333,212.174667
1460,RegionC,193.461333,211.538667
1460,RegionD,171.518667,548.481333
1460,RegionE,189.819333,370.18066699999997
1460,RegionF,243.21,296.78999999999996
1461,RegionA,238.998,181.002
1461,RegionB,225.75,184.25
1461,RegionC,232.341667,172.658333
1461,RegionD,234.479667,485.520333
1461,RegionE,193.265,366.735
1461,RegionF,237.26,302.74
1462,RegionA,226.997333,193.002667
1462,RegionB,278.544667,131.455333
1462,RegionC,261.903333,143.09666700000002
1462,RegionD,274.184,445.816
1462,RegionE,214.418667,345.581333
1462,RegionF,226.550667,313.449333
1463,RegionA,254.301,165.699
1463,RegionB,273.677333,136.32266700000002
1463,RegionC,304.424,100.57600000000002
1463,RegionD,266.926,453.074
1463,RegionE,279.386667,280.613333
1463,RegionF,227.604,312.39599999999996
1464,RegionA,320.493333,99.506667
1464,RegionB,357.504667,52.49533300000002
1464,RegionC,365.858667,39.141332999999975
1464,RegionD,286.425,433.575
1464,RegionE,324.498333,235.501667
1464,RegionF,294.553333,245.446667
1465,RegionA,372.845,47.15499999999997
1465,RegionB,360.069667,49.93033300000002
1465,RegionC,380.43,24.569999999999993
1465,RegionD,350.045,369.955
1465,RegionE,315.745333,244.25466699999998
1465,RegionF,321.256667,218.743333
1466,RegionA,373.382667,46.617332999999974
1466,RegionB,359.256667,50.74333300000001
1466,RegionC,369.149333,35.85066699999999
1466,RegionD,349.183333,370.816667
1466,RegionE,359.594667,200.40533299999998
1466,RegionF,366.037333,173.962667
1467,RegionA,363.242667,56.75733300000002
1467,RegionB,362.621333,47.37866700000001
1467,RegionC,374.536,30.464
1467,RegionD,332.313333,387.686667
1467,RegionE,390.593333,169.40666700000003
1467,RegionF,376.694,163.30599999999998
1468,RegionA,345.719,74.281
1468,RegionB,348.598,61.40199999999999
1468,RegionC,378.715,26.285000000000025
1468,RegionD,291.336,428.664
1468,RegionE,337.576,222.42399999999998
1468,RegionF,429.882667,110.11733299999997
1469,RegionA,367.97,52.02999999999997
1469,RegionB,369.705333,40.294667000000004
1469,RegionC,381.789333,23.210667
1469,RegionD,321.988,398.012
1469,RegionE,376.774,183.226
1469,RegionF,432.520667,107.479333
1470,RegionA,370.710667,49.289333
1470,RegionB,371.523,38.476999999999975
1470,RegionC,386.703333,18.296667000000014
1470,RegionD,331.366,388.634
1470,RegionE,345.835333,214.164667
1470,RegionF,397.042667,142.957333
1471,RegionA,369.442,50.55799999999999
1471,RegionB,370.766,39.23399999999998
1471,RegionC,383.4,21.600000000000023
1471,RegionD,366.533667,353.466333
1471,RegionE,366.24,193.76
1471,RegionF,391.28,148.72000000000003
1472,RegionA,382.292667,37.707333000000006
1472,RegionB,384.123,25.87700000000001
1472,RegionC,382.498667,22.50133299999999
1472,RegionD,341.457333,378.542667
1472,RegionE,319.976,240.024
1472,RegionF,377.09,162.91000000000003
1473,RegionA,380.661333,39.33866699999999
1473,RegionB,380.3,29.69999999999999
1473,RegionC,381.816667,23.183333000000005
1473,RegionD,364.989,355.011
1473,RegionE,299.33,260.67
1473,RegionF,373.344,166.656
1474,RegionA,367.248,52.75200000000001
1474,RegionB,379.545333,30.454666999999972
1474,RegionC,382.226667,22.77333299999998
1474,RegionD,332.156333,387.843667
1474,RegionE,310.14,249.86
1474,RegionF,301.720667,238.279333
1475,RegionA,369.646667,50.35333300000002
1475,RegionB,368.479333,41.520667
1475,RegionC,371.06,33.94
1475,RegionD,258.277333,461.722667
1475,RegionE,289.721333,270.278667
1475,RegionF,292.148333,247.85166700000002
1476,RegionA,367.34,52.660000000000025
1476,RegionB,350.314,59.68599999999998
1476,RegionC,319.56,85.44
1476,RegionD,231.130667,488.869333
1476,RegionE,286.003333,273.996667
1476,RegionF,294.983333,245.01666699999998
1477,RegionA,291.89,128.11
1477,RegionB,294.665333,115.33466700000002
1477,RegionC,313.736,91.26400000000001
1477,RegionD,213.69,506.31
1477,RegionE,259.194,300.806
1477,RegionF,310.772,229.228
1478,RegionA,295.088,124.91199999999998
1478,RegionB,291.249,118.75099999999998
1478,RegionC,284.254,120.74599999999998
1478,RegionD,213.716,506.284
1478,RegionE,236.483333,323.516667
1478,RegionF,277.291333,262.708667
1479,RegionA,231.466667,188.533333
1479,RegionB,259.018667,150.981333
1479,RegionC,263.242667,141.75733300000002
1479,RegionD,172.095333,547.904667
1479,RegionE,194.152333,365.847667
1479,RegionF,256.248,283.752
1480,RegionA,215.450667,204.549333
1480,RegionB,194.370667,215.629333
1480,RegionC,252.97,152.03
1480,RegionD,170.080667,549.919333
1480,RegionE,183.566667,376.433333
1480,RegionF,222.172667,317.827333
1481,RegionA,200.542,219.458
1481,RegionB,197.939,212.061
1481,RegionC,207.576667,197.423333
1481,RegionD,141.882667,578.117333
1481,RegionE,213.968667,346.031333
1481,RegionF,180.423333,359.576667
1482,RegionA,196.170667,223.829333
1482,RegionB,206.597,203.403
1482,RegionC,200.792333,204.207667
1482,RegionD,162.147,557.8530000000001
1482,RegionE,207.666667,352.33333300000004
1482,RegionF,143.26,396.74
1483,RegionA,192.862667,227.137333
1483,RegionB,220.97,189.03
1483,RegionC,197.485,207.515
1483,RegionD,131.936,588.064
1483,RegionE,227.949,332.051
1483,RegionF,135.17,404.83000000000004
1484,RegionA,231.545333,188.454667
1484,RegionB,247.180667,162.819333
1484,RegionC,251.231,153.769
1484,RegionD,105.811667,614.1883330000001
1484,RegionE,219.125,340.875
1484,RegionF,168.242333,371.75766699999997
1485,RegionA,257.936333,162.063667
1485,RegionB,273.393333,136.60666700000002
1485,RegionC,259.295,145.70499999999998
1485,RegionD,117.309,602.691
1485,RegionE,209.093333,350.90666699999997
1485,RegionF,204.443333,335.556667
1486,RegionA,269.939333,150.06066700000002
1486,RegionB,271.344,138.656
1486,RegionC,253.197333,151.802667
1486,RegionD,192.878667,527.121333
1486,RegionE,233.27,326.73
1486,RegionF,252.984,287.01599999999996
1487,RegionA,315.624,104.37599999999998
1487,RegionB,302.047333,107.95266700000002
1487,RegionC,276.980667,128.01933300000002
1487,RegionD,223.534667,496.465333
1487,RegionE,246.915333,313.08466699999997
1487,RegionF,263.49,276.51
1488,RegionA,348.382667,71.61733299999997
1488,RegionB,345.618,64.382
1488,RegionC,314.156667,90.84333299999997
1488,RegionD,217.956,502.044
1488,RegionE,334.172,225.82799999999997
1488,RegionF,263.012,276.988
1489,RegionA,368.858,51.141999999999996
1489,RegionB,382.309667,27.69033300000001
1489,RegionC,360.888,44.11200000000002
1489,RegionD,230.106,489.894
1489,RegionE,336.08,223.92000000000002
1489,RegionF,311.401333,228.59866699999998
1490,RegionA,375.332,44.668000000000006
1490,RegionB,368.607333,41.39266700000002
1490,RegionC,367.438667,37.56133299999999
1490,RegionD,305.392667,414.607333
1490,RegionE,313.843333,246.15666700000003
1490,RegionF,345.753333,194.246667
1491,RegionA,384.774,35.226
1491,RegionB,368.984,41.01600000000002
1491,RegionC,378.858667,26.141332999999975
1491,RegionD,341.355333,378.644667
1491,RegionE,382.642,177.358
1491,RegionF,404.547667,135.452333
1492,RegionA,383.704,36.29599999999999
1492,RegionB,378.351,31.649
1492,RegionC,356.054667,48.945333000000005
1492,RegionD,308.666,411.334
1492,RegionE,405.428,154.572
1492,RegionF,377.551667,162.448333
1493,RegionA,387.092,32.908000000000015
1493,RegionB,382.321333,27.67866700000002
1493,RegionC,354.705667,50.294332999999995
1493,RegionD,306.629,413.371
1493,RegionE,393.152,166.848
1493,RegionF,402.784667,137.215333
1494,RegionA,389.175,30.82499999999999
1494,RegionB,382.392,27.608000000000004
1494,RegionC,367.686333,37.31366700000001
1494,RegionD,318.198667,401.801333
1494,RegionE,416.686667,143.313333
1494,RegionF,377.486667,162.513333
1495,RegionA,386.986667,33.01333299999999
1495,RegionB,381.858333,28.141666999999984
1495,RegionC,375.930667,29.069332999999972
1495,RegionD,352.798667,367.201333
1495,RegionE,425.849333,134.150667
1495,RegionF,381.926667,158.073333
1496,RegionA,382.134667,37.86533300000002
1496,RegionB,384.951667,25.048333000000014
1496,RegionC,373.939333,31.060667000000024
1496,RegionD,348.035333,371.964667
1496,RegionE,344.554,215.44600000000003
1496,RegionF,369.738333,170.261667
1497,RegionA,386.259333,33.74066699999997
1497,RegionB,367.172,42.827999999999975
1497,RegionC,381.803333,23.19666699999999
1497,RegionD,292.754333,427.245667
1497,RegionE,335.211,224.789
1497,RegionF,367.920667,172.07933300000002
1498,RegionA,378.402667,41.59733299999999
1498,RegionB,371.148667,38.85133300000001
1498,RegionC,384.677333,20.322667000000024
1498,RegionD,275.784,444.216
1498,RegionE,318.617333,241.38266700000003
1498,RegionF,312.78,227.22000000000003
1499,RegionA,354.927333,65.07266700000002
1499,RegionB,353.652,56.34800000000001
1499,RegionC,344.282,60.71800000000002
1499,RegionD,278.962,441.038
1499,RegionE,331.100667,228.899333
1499,RegionF,340.798,199.202
1500,RegionA,322.248,97.75200000000001
1500,RegionB,342.332,67.668
1500,RegionC,303.31,101.69
1500,RegionD,224.339667,495.66033300000004
1500,RegionE,265.02,294.98
1500,RegionF,317.052667,222.94733300000001
1501,RegionA,320.639667,99.36033300000003
1501,RegionB,327.452667,82.54733299999998
1501,RegionC,300.681333,104.318667
1501,RegionD,268.954333,451.045667
1501,RegionE,262.694,297.306
1501,RegionF,301.094,238.906
1502,RegionA,298.368667,121.63133299999998
1502,RegionB,291.148333,118.85166700000002
1502,RegionC,289.002667,115.99733300000003
1502,RegionD,245.568,474.432
1502,RegionE,241.377333,318.622667
1502,RegionF,247.143,292.85699999999997
1503,RegionA,281.475,138.52499999999998
1503,RegionB,276.492,133.50799999999998
1503,RegionC,254.186,150.814
1503,RegionD,226.195,493.805
1503,RegionE,208.464667,351.53533300000004
1503,RegionF,235.131,304.869
1504,RegionA,238.512667,181.487333
1504,RegionB,230.277,179.723
1504,RegionC,221.327333,183.672667
1504,RegionD,161.413333,558.586667
1504,RegionE,183.714333,376.285667
1504,RegionF,201.248,338.752
1505,RegionA,224.284,195.716
1505,RegionB,206.726,203.274
1505,RegionC,200.733333,204.266667
1505,RegionD,114.450667,605.549333
1505,RegionE,169.537333,390.462667
1505,RegionF,166.256667,373.743333
1506,RegionA,233.524,186.476
1506,RegionB,173.614667,236.385333
1506,RegionC,234.61,170.39
1506,RegionD,144.256667,575.743333
1506,RegionE,207.972,352.028
1506,RegionF,155.22,384.78
1507,RegionA,202.314,217.686
1507,RegionB,215.46,194.54
1507,RegionC,218.552,186.448
1507,RegionD,116.551667,603.448333
1507,RegionE,216.667667,343.332333
1507,RegionF,174.162,365.83799999999997
1508,RegionA,216.500333,203.499667
1508,RegionB,224.238,185.762
1508,RegionC,246.195333,158.804667
1508,RegionD,71.172333,648.827667
1508,RegionE,216.422667,343.577333
1508,RegionF,155.152,384.848
1509,RegionA,249.391333,170.608667
1509,RegionB,247.872333,162.127667
1509,RegionC,229.318,175.682
1509,RegionD,115.370667,604.629333
1509,RegionE,224.396,335.60400000000004
1509,RegionF,254.356,285.644
1510,RegionA,270.882667,149.11733299999997
1510,RegionB,265.12,144.88
1510,RegionC,263.284,141.716
1510,RegionD,109.551333,610.448667
1510,RegionE,268.003333,291.996667
1510,RegionF,248.072667,291.927333
1511,RegionA,273.140667,146.859333
1511,RegionB,279.319667,130.68033300000002
1511,RegionC,302.144667,102.85533299999997
1511,RegionD,118.796,601.204
1511,RegionE,238.629,321.371
1511,RegionF,257.878,282.122
1512,RegionA,304.754,115.24599999999998
1512,RegionB,328.848,81.15199999999999
1512,RegionC,350.008333,54.99166700000001
1512,RegionD,210.652667,509.347333
1512,RegionE,269.528,290.472
1512,RegionF,266.630667,273.369333
1513,RegionA,350.988667,69.01133299999998
1513,RegionB,328.126,81.87400000000002
1513,RegionC,383.97,21.029999999999973
1513,RegionD,289.702,430.298
1513,RegionE,313.764333,246.23566699999998
1513,RegionF,292.207333,247.792667
1514,RegionA,381.876,38.124000000000024
1514,RegionB,369.208333,40.79166700000002
1514,RegionC,381.66,23.339999999999975
1514,RegionD,300.654667,419.345333
1514,RegionE,356.418,203.582
1514,RegionF,345.026667,194.97333300000003
1515,RegionA,381.614667,38.385333
1515,RegionB,368.311667,41.688333
1515,RegionC,382.57,22.430000000000007
1515,RegionD,304.690333,415.309667
1515,RegionE,364.906667,195.09333299999997
1515,RegionF,339.766667,200.23333300000002
1516,RegionA,379.881,40.11900000000003
1516,RegionB,374.122667,35.87733300000002
1516,RegionC,383.221333,21.778666999999984
1516,RegionD,362.487333,357.512667
1516,RegionE,377.765667,182.234333
1516,RegionF,364.586667,175.41333300000002
1517,RegionA,377.453333,42.546667000000014
1517,RegionB,373.64,36.360000000000014
1517,RegionC,366.824667,38.17533300000002
1517,RegionD,427.769,292.231
1517,RegionE,392.615333,167.38466699999998
1517,RegionF,390.349333,149.650667
1518,RegionA,380.308667,39.691332999999986
1518,RegionB,365.153333,44.846667000000025
1518,RegionC,355.726667,49.27333299999998
1518,RegionD,399.850667,320.149333
1518,RegionE,429.94,130.06
1518,RegionF,417.393333,122.60666700000002
1519,RegionA,377.074667,42.92533300000002
1519,RegionB,372.785333,37.21466700000002
1519,RegionC,364.012333,40.98766699999999
1519,RegionD,402.535,317.465
1519,RegionE,429.010667,130.989333
1519,RegionF,367.856667,172.14333299999998
1520,RegionA,393.808,26.192000000000007
1520,RegionB,374.284,35.71600000000001
1520,RegionC,343.384667,61.61533300000002
1520,RegionD,373.7,346.3
1520,RegionE,394.601333,165.398667
1520,RegionF,376.621333,163.378667
1521,RegionA,393.800667,26.199333000000024
1521,RegionB,385.533333,24.466666999999973
1521,RegionC,348.662667,56.337333
1521,RegionD,374.524,345.476
1521,RegionE,402.711667,157.28833300000002
1521,RegionF,344.236667,195.763333
1522,RegionA,383.204,36.79599999999999
1522,RegionB,386.002,23.99799999999999
1522,RegionC,378.909667,26.090332999999987
1522,RegionD,318.323,401.677
1522,RegionE,343.213333,216.78666700000002
1522,RegionF,288.343333,251.65666700000003
1523,RegionA,373.201333,46.79866700000002
1523,RegionB,380.51,29.49000000000001
1523,RegionC,362.363333,42.63666699999999
1523,RegionD,286.384667,433.615333
1523,RegionE,319.543333,240.45666699999998
1523,RegionF,296.993333,243.006667
1524,RegionA,360.324333,59.675666999999976
1524,RegionB,339.428667,70.57133299999998
1524,RegionC,327.197333,77.80266699999999
1524,RegionD,289.644,430.356
1524,RegionE,292.503667,267.496333
1524,RegionF,267.062,272.938
1525,RegionA,331.635667,88.36433299999999
1525,RegionB,330.653,79.34699999999998
1525,RegionC,320.499333,84.50066700000002
1525,RegionD,257.952667,462.047333
1525,RegionE,326.129333,233.87066700000003
1525,RegionF,268.414667,271.585333
1526,RegionA,296.068,123.93200000000002
1526,RegionB,297.111,112.88900000000001
1526,RegionC,301.863,103.137
1526,RegionD,214.135667,505.864333
1526,RegionE,303.29,256.71
1526,RegionF,248.534,291.466
1527,RegionA,271.996333,148.003667
1527,RegionB,259.700667,150.299333
1527,RegionC,253.298,151.702
1527,RegionD,184.132,535.8679999999999
1527,RegionE,268.355333,291.644667
1527,RegionF,240.745333,299.25466700000004
1528,RegionA,244.802,175.198
1528,RegionB,255.090333,154.909667
1528,RegionC,216.078333,188.921667
1528,RegionD,100.636,619.364
1528,RegionE,216.957333,343.042667
1528,RegionF,175.315333,364.684667
1529,RegionA,213.57,206.43
1529,RegionB,204.970667,205.029333
1529,RegionC,199.467,205.533
1529,RegionD,88.732333,631.267667
1529,RegionE,207.46,352.53999999999996
1529,RegionF,177.362,362.63800000000003
1530,RegionA,224.901,195.099
1530,RegionB,221.076667,188.923333
1530,RegionC,167.902,237.098
1530,RegionD,93.860667,626.139333
1530,RegionE,181.618333,378.381667
1530,RegionF,170.47,369.53
1531,RegionA,204.010667,215.989333
1531,RegionB,220.511,189.489
1531,RegionC,193.400667,211.599333
1531,RegionD,75.955333,644.044667
1531,RegionE,166.778,393.222
1531,RegionF,186.129333,353.870667
1532,RegionA,234.543,185.457
1532,RegionB,265.143333,144.85666700000002
1532,RegionC,212.054333,192.945667
1532,RegionD,111.812667,608.187333
1532,RegionE,100.603333,459.396667
1532,RegionF,199.134667,340.86533299999996
1533,RegionA,239.576667,180.423333
1533,RegionB,245.523,164.477
1533,RegionC,256.79,148.20999999999998
1533,RegionD,122.059,597.941
1533,RegionE,160.74,399.26
1533,RegionF,238.015,301.985
1534,RegionA,278.875333,141.124667
1534,RegionB,299.924,110.07600000000002
1534,RegionC,282.455,122.54500000000002
1534,RegionD,208.445,511.555
1534,RegionE,197.918667,362.081333
1534,RegionF,240.932,299.068
1535,RegionA,304.004667,115.99533300000002
1535,RegionB,302.141333,107.85866700000003
1535,RegionC,300.793667,104.20633299999997
1535,RegionD,227.682667,492.31733299999996
1535,RegionE,231.102,328.898
1535,RegionF,308.527,231.473
1536,RegionA,385.412,34.58800000000002
1536,RegionB,304.164667,105.83533299999999
1536,RegionC,323.947333,81.05266699999999
1536,RegionD,286.925333,433.074667
1536,RegionE,275.640667,284.359333
1536,RegionF,264.526667,275.473333
1537,RegionA,342.199333,77.80066699999998
1537,RegionB,371.636,38.363999999999976
1537,RegionC,340.395667,64.604333
1537,RegionD,276.696667,443.303333
1537,RegionE,263.769333,296.230667
1537,RegionF,315.651,224.349
1538,RegionA,381.831333,38.16866700000003
1538,RegionB,375.878667,34.12133299999999
1538,RegionC,366.789333,38.210667
1538,RegionD,349.327667,370.672333
1538,RegionE,333.920667,226.07933300000002
1538,RegionF,337.321333,202.67866700000002
1539,RegionA,380.495,39.504999999999995
1539,RegionB,377.211667,32.78833300000002
1539,RegionC,363.157333,41.842667000000006
1539,RegionD,349.32,370.68
1539,RegionE,397.092,162.90800000000002
1539,RegionF,371.939333,168.06066700000002
1540,RegionA,381.225667,38.77433300000001
1540,RegionB,364.458667,45.54133300000001
1540,RegionC,362.780667,42.219333000000006
1540,RegionD,346.104667,373.895333
1540,RegionE,376.135333,183.864667
1540,RegionF,389.453333,150.546667
1541,RegionA,361.672,58.327999999999975
1541,RegionB,353.161333,56.83866699999999
1541,RegionC,366.42,38.579999999999984
1541,RegionD,329.028667,390.971333
1541,RegionE,376.524,183.476
1541,RegionF,381.488667,158.51133299999998
1542,RegionA,370.858,49.141999999999996
1542,RegionB,336.067333,73.93266699999998
1542,RegionC,382.576,22.423999999999978
1542,RegionD,362.120667,357.879333
1542,RegionE,389.266667,170.73333300000002
1542,RegionF,399.562,140.438
1543,RegionA,369.746667,50.253333
1543,RegionB,343.297333,66.70266700000002
1543,RegionC,374.754333,30.245667000000026
1543,RegionD,318.185333,401.814667
1543,RegionE,410.720667,149.279333
1543,RegionF,403.881333,136.11866700000002
1544,RegionA,368.656667,51.34333299999997
1544,RegionB,337.972,72.02800000000002
1544,RegionC,378.293,26.706999999999994
1544,RegionD,299.995333,420.004667
1544,RegionE,381.218333,178.78166700000003
1544,RegionF,386.558667,153.441333
1545,RegionA,384.281,35.718999999999994
1545,RegionB,337.944667,72.05533300000002
1545,RegionC,384.706667,20.29333300000002
1545,RegionD,332.574,387.426
1545,RegionE,400.606667,159.39333299999998
1545,RegionF,371.186,168.81400000000002
1546,RegionA,384.366,35.634000000000015
1546,RegionB,343.052333,66.94766700000002
1546,RegionC,384.626667,20.373333000000002
1546,RegionD,279.612,440.388
1546,RegionE,327.006,232.99400000000003
1546,RegionF,322.293333,217.70666699999998
1547,RegionA,377.449,42.55099999999999
1547,RegionB,347.350333,62.64966700000002
1547,RegionC,338.122667,66.87733300000002
1547,RegionD,234.564667,485.435333
1547,RegionE,336.238,223.762
1547,RegionF,282.099333,257.900667
1548,RegionA,322.780333,97.21966700000002
1548,RegionB,354.814,55.18599999999998
1548,RegionC,349.615667,55.38433300000003
1548,RegionD,215.81,504.19
1548,RegionE,296.007333,263.992667
1548,RegionF,268.448667,271.551333
1549,RegionA,305.638667,114.361333
1549,RegionB,336.444667,73.55533300000002
1549,RegionC,311.925333,93.07466699999998
1549,RegionD,190.865333,529.134667
1549,RegionE,320.464,239.536
1549,RegionF,262.181333,277.818667
1550,RegionA,291.410667,128.589333
1550,RegionB,306.586,103.41399999999999
1550,RegionC,303.973,101.02699999999999
1550,RegionD,176.663333,543.336667
1550,RegionE,270.445667,289.554333
1550,RegionF,217.684333,322.31566699999996
1551,RegionA,256.332667,163.66733299999999
1551,RegionB,285.896333,124.10366699999997
1551,RegionC,274.871,130.12900000000002
1551,RegionD,170.889333,549.110667
1551,RegionE,249.228667,310.771333
1551,RegionF,194.562667,345.43733299999997
1552,RegionA,240.538667,179.461333
1552,RegionB,250.990667,159.009333
1552,RegionC,242.88,162.12
1552,RegionD,175.656667,544.343333
1552,RegionE,204.549333,355.450667
1552,RegionF,189.292333,350.707667
1553,RegionA,197.754,222.246
1553,RegionB,226.860667,183.139333
1553,RegionC,206.055333,198.944667
1553,RegionD,168.802,551.198
1553,RegionE,165.8,394.2
1553,RegionF,155.130667,384.869333
1554,RegionA,191.015333,228.984667
1554,RegionB,211.051333,198.948667
1554,RegionC,231.036667,173.963333
1554,RegionD,167.374,552.626
1554,RegionE,162.066,397.93399999999997
1554,RegionF,147.05,392.95
1555,RegionA,212.174,207.826
1555,RegionB,235.297,174.703
1555,RegionC,230.594333,174.405667
1555,RegionD,157.965,562.035
1555,RegionE,144.878,415.122
1555,RegionF,136.841667,403.15833299999997
1556,RegionA,244.439333,175.560667
1556,RegionB,237.183333,172.816667
1556,RegionC,252.702667,152.297333
1556,RegionD,118.290667,601.709333
1556,RegionE,207.336667,352.66333299999997
1556,RegionF,143.539,396.461
1557,RegionA,277.293333,142.70666699999998
1557,RegionB,224.849333,185.150667
1557,RegionC,255.656667,149.343333
1557,RegionD,108.963,611.037
1557,RegionE,177.268,382.73199999999997
1557,RegionF,212.969667,327.03033300000004
1558,RegionA,257.483,162.517
1558,RegionB,228.072667,181.927333
1558,RegionC,295.012,109.988
1558,RegionD,175.296,544.704
1558,RegionE,191.55,368.45
1558,RegionF,197.525667,342.474333
1559,RegionA,316.258,103.74200000000002
1559,RegionB,289.14,120.86000000000001
1559,RegionC,282.537333,122.46266700000001
1559,RegionD,236.627667,483.372333
1559,RegionE,230.953333,329.046667
1559,RegionF,208.11,331.89
1560,RegionA,320.617333,99.38266700000003
1560,RegionB,314.833333,95.16666700000002
1560,RegionC,304.040667,100.95933300000002
1560,RegionD,254.208,465.79200000000003
1560,RegionE,244.514667,315.48533299999997
1560,RegionF,233.85,306.15
1561,RegionA,369.144667,50.85533299999997
1561,RegionB,348.594,61.406000000000006
1561,RegionC,296.201333,108.79866700000002
1561,RegionD,230.774333,489.225667
1561,RegionE,271.682667,288.317333
1561,RegionF,318.789333,221.210667
1562,RegionA,394.668,25.331999999999994
1562,RegionB,358.304,51.696000000000026
1562,RegionC,339.789333,65.210667
1562,RegionD,256.302667,463.697333
1562,RegionE,312.333333,247.66666700000002
1562,RegionF,319.823333,220.176667
1563,RegionA,396.871667,23.128332999999998
1563,RegionB,343.131,66.86900000000003
1563,RegionC,340.295333,64.70466699999997
1563,RegionD,325.784667,394.215333
1563,RegionE,342.891333,217.10866700000003
1563,RegionF,353.958667,186.041333
1564,RegionA,391.704,28.295999999999992
1564,RegionB,356.933667,53.066332999999986
1564,RegionC,345.558667,59.441332999999986
1564,RegionD,337.729333,382.270667
1564,RegionE,364.173333,195.826667
1564,RegionF,409.993333,130.006667
1565,RegionA,384.063667,35.93633299999999
1565,RegionB,346.537333,63.46266700000001
1565,RegionC,353.562667,51.437333000000024
1565,RegionD,438.424,281.576
1565,RegionE,337.016667,222.98333300000002
1565,RegionF,445.986,94.01400000000001
1566,RegionA,373.833333,46.16666700000002
1566,RegionB,341.265,68.73500000000001
1566,RegionC,375.714667,29.28533299999998
1566,RegionD,429.95,290.05
1566,RegionE,378.728667,181.27133300000003
1566,RegionF,440.319333,99.68066700000003
1567,RegionA,366.34,53.660000000000025
1567,RegionB,348.042667,61.957333000000006
1567,RegionC,382.542667,22.457333000000006
1567,RegionD,441.458333,278.541667
1567,RegionE,391.656,168.344
1567,RegionF,415.397667,124.60233299999999
1568,RegionA,347.396667,72.60333300000002
1568,RegionB,364.184333,45.81566700000002
1568,RegionC,377.82,27.180000000000007
1568,RegionD,385.93,334.07
1568,RegionE,392.807333,167.19266699999997
1568,RegionF,399.133333,140.866667
1569,RegionA,351.51,68.49000000000001
1569,RegionB,373.268667,36.73133300000001
1569,RegionC,375.447333,29.552666999999985
1569,RegionD,379.814,340.186
1569,RegionE,377.204,182.796
1569,RegionF,386.883333,153.116667
1570,RegionA,360.641333,59.358667000000025
1570,RegionB,388.0,22.0
1570,RegionC,351.9,53.10000000000002
1570,RegionD,333.723333,386.276667
1570,RegionE,383.175333,176.82466699999998
1570,RegionF,332.386667,207.613333
1571,RegionA,338.052,81.94799999999998
1571,RegionB,385.194667,24.80533300000002
1571,RegionC,345.863,59.137
1571,RegionD,323.511,396.489
1571,RegionE,350.356667,209.64333299999998
1571,RegionF,300.112,239.88799999999998
1572,RegionA,329.043333,90.95666699999998
1572,RegionB,328.962,81.03800000000001
1572,RegionC,297.104333,107.895667
1572,RegionD,287.466,432.534
1572,RegionE,293.87,266.13
1572,RegionF,298.642667,241.35733299999998
1573,RegionA,304.033333,115.96666699999997
1573,RegionB,318.429667,91.570333
1573,RegionC,307.33,97.67000000000002
1573,RegionD,243.608667,476.39133300000003
1573,RegionE,289.905333,270.094667
1573,RegionF,298.711333,241.28866699999998
1574,RegionA,306.956667,113.04333300000002
1574,RegionB,293.217333,116.782667
1574,RegionC,249.306667,155.693333
1574,RegionD,167.525,552.475
1574,RegionE,175.549333,384.450667
1574,RegionF,304.127,235.873
1575,RegionA,269.108333,150.89166699999998
1575,RegionB,279.326,130.67399999999998
1575,RegionC,223.678667,181.321333
1575,RegionD,171.743667,548.256333
1575,RegionE,183.72,376.28
1575,RegionF,253.573333,286.426667
1576,RegionA,235.011667,184.988333
1576,RegionB,237.131,172.869
1576,RegionC,220.950667,184.049333
1576,RegionD,150.176333,569.823667
1576,RegionE,116.166,443.834
1576,RegionF,214.234,325.76599999999996
1577,RegionA,212.64,207.36
1577,RegionB,210.738667,199.261333
1577,RegionC,207.422,197.578
1577,RegionD,159.217667,560.782333
1577,RegionE,139.755,420.245
1577,RegionF,159.693333,380.306667
1578,RegionA,217.423333,202.576667
1578,RegionB,211.038667,198.961333
1578,RegionC,213.971333,191.028667
1578,RegionD,144.282333,575.717667
1578,RegionE,136.885333,423.114667
1578,RegionF,114.39,425.61
1579,RegionA,223.318667,196.681333
1579,RegionB,215.031,194.969
1579,RegionC,203.502,201.498
1579,RegionD,172.721667,547.278333
1579,RegionE,143.523333,416.476667
1579,RegionF,146.977333,393.022667
1580,RegionA,241.527,178.473
1580,RegionB,247.989667,162.010333
1580,RegionC,198.746667,206.253333
1580,RegionD,168.218,551.782
1580,RegionE,219.791333,340.208667
1580,RegionF,180.251667,359.748333
1581,RegionA,254.442,165.558
1581,RegionB,240.831333,169.168667
1581,RegionC,202.31,202.69
1581,RegionD,183.998667,536.0013329999999
1581,RegionE,241.628,318.372
1581,RegionF,152.796667,387.203333
1582,RegionA,284.048667,135.95133299999998
1582,RegionB,292.384667,117.61533300000002
1582,RegionC,204.948,200.052
1582,RegionD,222.354,497.64599999999996
1582,RegionE,227.656667,332.34333300000003
1582,RegionF,223.035,316.96500000000003
1583,RegionA,301.764333,118.23566699999998
1583,RegionB,343.239667,66.760333
1583,RegionC,278.143333,126.85666700000002
1583,RegionD,256.4,463.6
1583,RegionE,239.749333,320.250667
1583,RegionF,251.426667,288.573333
1584,RegionA,342.453333,77.54666700000001
1584,RegionB,352.838,57.16199999999998
1584,RegionC,309.847333,95.15266700000001
1584,RegionD,287.869667,432.130333
1584,RegionE,275.35,284.65
1584,RegionF,257.027667,282.972333
1585,RegionA,384.040667,35.959333000000015
1585,RegionB,383.664,26.336000000000013
1585,RegionC,350.184333,54.81566700000002
1585,RegionD,308.747333,411.252667
1585,RegionE,329.811333,230.188667
1585,RegionF,258.033333,281.966667
1586,RegionA,397.853333,22.14666699999998
1586,RegionB,370.045333,39.95466699999997
1586,RegionC,350.908,54.091999999999985
1586,RegionD,306.014,413.986
1586,RegionE,356.505333,203.494667
1586,RegionF,299.284,240.716
1587,RegionA,395.722667,24.277333
1587,RegionB,360.201667,49.798333000000014
1587,RegionC,354.207667,50.792332999999985
1587,RegionD,338.221333,381.778667
1587,RegionE,363.04,196.95999999999998
1587,RegionF,300.48,239.51999999999998
1588,RegionA,396.36,23.639999999999986
1588,RegionB,340.756,69.24400000000003
1588,RegionC,375.516667,29.483333000000016
1588,RegionD,405.808333,314.191667
1588,RegionE,410.953333,149.046667
1588,RegionF,338.930667,201.06933299999997
1589,RegionA,396.202667,23.79733299999998
1589,RegionB,345.960667,64.039333
1589,RegionC,379.014667,25.985333000000026
1589,RegionD,414.228667,305.771333
1589,RegionE,426.88,133.12
1589,RegionF,381.007333,158.99266699999998
1590,RegionA,395.279,24.721000000000004
1590,RegionB,365.092333,44.907667000000004
1590,RegionC,375.720667,29.27933300000001
1590,RegionD,366.028667,353.971333
1590,RegionE,391.265333,168.734667
1590,RegionF,393.59,146.41000000000003
1591,RegionA,385.004,34.99599999999998
1591,RegionB,381.754667,28.245333000000016
1591,RegionC,361.705,43.295000000000016
1591,RegionD,330.676333,389.323667
1591,RegionE,402.823667,157.176333
1591,RegionF,419.536,120.464
1592,RegionA,384.78,35.22000000000003
1592,RegionB,380.798667,29.201332999999977
1592,RegionC,345.401667,59.598333000000025
1592,RegionD,331.950667,388.049333
1592,RegionE,396.050667,163.94933300000002
1592,RegionF,397.08,142.92000000000002
1593,RegionA,383.133,36.86700000000002
1593,RegionB,380.98,29.019999999999982
1593,RegionC,344.893333,60.106667000000016
1593,RegionD,307.069333,412.930667
1593,RegionE,348.285,211.71499999999997
1593,RegionF,354.576667,185.423333
1594,RegionA,370.111,49.88900000000001
1594,RegionB,375.406,34.593999999999994
1594,RegionC,349.424,55.57600000000002
1594,RegionD,272.876,447.124
1594,RegionE,315.521333,244.47866699999997
1594,RegionF,227.556333,312.443667
1595,RegionA,306.655333,113.34466700000002
1595,RegionB,353.150667,56.849333
1595,RegionC,343.6,61.39999999999998
1595,RegionD,240.518,479.48199999999997
1595,RegionE,351.262,208.738
1595,RegionF,256.57,283.43
1596,RegionA,294.828333,125.17166700000001
1596,RegionB,329.188333,80.811667
1596,RegionC,366.416,38.584
1596,RegionD,177.742,542.258
1596,RegionE,289.543333,270.456667
1596,RegionF,205.92,334.08000000000004
1597,RegionA,267.554333,152.44566700000001
1597,RegionB,315.557,94.44299999999998
1597,RegionC,332.641333,72.35866700000003
1597,RegionD,127.437667,592.562333
1597,RegionE,265.600333,294.399667
1597,RegionF,208.398667,331.601333
1598,RegionA,265.538,154.462
1598,RegionB,300.568333,109.431667
1598,RegionC,286.941667,118.058333
1598,RegionD,107.722333,612.277667
1598,RegionE,250.075,309.925
1598,RegionF,237.952333,302.047667
1599,RegionA,222.858,197.142
1599,RegionB,237.534333,172.465667
1599,RegionC,255.576667,149.423333
1599,RegionD,95.372333,624.627667
1599,RegionE,205.201,354.799
1599,RegionF,164.561333,375.438667
1600,RegionA,199.826,220.174
1600,RegionB,216.209,193.791
1600,RegionC,221.871,183.129
1600,RegionD,84.595667,635.404333
1600,RegionE,185.433333,374.566667
1600,RegionF,138.944,401.05600000000004
1601,RegionA,180.372667,239.627333
1601,RegionB,233.823333,176.176667
1601,RegionC,218.031333,186.968667
1601,RegionD,65.451667,654.548333
1601,RegionE,211.601667,348.398333
1601,RegionF,130.232,409.76800000000003
1602,RegionA,186.98,233.02
1602,RegionB,223.033333,186.966667
1602,RegionC,226.994,178.006
1602,RegionD,130.200333,589.799667
1602,RegionE,172.417333,387.582667
1602,RegionF,82.272667,457.727333
1603,RegionA,162.664667,257.335333
1603,RegionB,223.43,186.57
1603,RegionC,218.34,186.66
1603,RegionD,151.757667,568.242333
1603,RegionE,169.27,390.73
1603,RegionF,201.397333,338.602667
1604,RegionA,238.141333,181.858667
1604,RegionB,250.09,159.91
1604,RegionC,219.933667,185.066333
1604,RegionD,191.384,528.616
1604,RegionE,156.673333,403.326667
1604,RegionF,187.376667,352.623333
1605,RegionA,254.914,165.086
1605,RegionB,222.715333,187.284667
1605,RegionC,253.169667,151.830333
1605,RegionD,166.526667,553.473333
1605,RegionE,172.934,387.06600000000003
1605,RegionF,193.216667,346.78333299999997
1606,RegionA,292.834,127.166
1606,RegionB,309.812667,100.18733300000002
1606,RegionC,283.702667,121.29733299999998
1606,RegionD,173.252333,546.747667
1606,RegionE,232.352,327.648
1606,RegionF,212.32,327.68
1607,RegionA,281.382,138.618
1607,RegionB,312.063333,97.936667
1607,RegionC,321.372667,83.62733300000002
1607,RegionD,237.606333,482.393667
1607,RegionE,256.277333,303.722667
1607,RegionF,247.7,292.3
1608,RegionA,341.358333,78.64166699999998
1608,RegionB,323.19,86.81
1608,RegionC,346.332667,58.667332999999985
1608,RegionD,199.395333,520.6046670000001
1608,RegionE,312.723333,247.27666699999997
1608,RegionF,273.170667,266.829333
1609,RegionA,351.612667,68.38733300000001
1609,RegionB,350.199667,59.80033300000002
1609,RegionC,352.686,52.31400000000002
1609,RegionD,212.539667,507.460333
1609,RegionE,390.431333,169.568667
1609,RegionF,316.543,223.457
1610,RegionA,393.452,26.548000000000002
1610,RegionB,371.732,38.26799999999997
1610,RegionC,364.590667,40.409333000000004
1610,RegionD,287.373333,432.626667
1610,RegionE,337.126,222.87400000000002
1610,RegionF,318.03,221.97000000000003
1611,RegionA,385.341667,34.65833300000003
1611,RegionB,357.28,52.72000000000003
1611,RegionC,364.859333,40.14066700000001
1611,RegionD,325.257333,394.742667
1611,RegionE,352.983333,207.01666699999998
1611,RegionF,322.944,217.05599999999998
1612,RegionA,386.959333,33.040666999999985
1612,RegionB,346.702667,63.29733299999998
1612,RegionC,347.936,57.06400000000002
1612,RegionD,382.063333,337.936667
1612,RegionE,445.758333,114.241667
1612,RegionF,328.862,211.13799999999998
1613,RegionA,376.017667,43.98233299999998
1613,RegionB,378.200667,31.79933299999999
1613,RegionC,350.979,54.021000000000015
1613,RegionD,397.115333,322.884667
1613,RegionE,414.24,145.76
1613,RegionF,369.191333,170.808667
1614,RegionA,365.664,54.33600000000001
1614,RegionB,386.677333,23.322667000000024
1614,RegionC,368.88,36.120000000000005
1614,RegionD,373.41,346.59
1614,RegionE,408.69,151.31
1614,RegionF,349.347333,190.652667
1615,RegionA,364.613333,55.38666699999999
1615,RegionB,380.346667,29.653332999999975
1615,RegionC,382.670667,22.32933300000002
1615,RegionD,367.99,352.01
1615,RegionE,396.160667,163.839333
1615,RegionF,351.666667,188.33333299999998
1616,RegionA,372.883667,47.116333
1616,RegionB,381.316,28.684000000000026
1616,RegionC,384.586667,20.413333000000023
1616,RegionD,339.45,380.55
1616,RegionE,387.599,172.401
1616,RegionF,377.071333,162.92866700000002
1617,RegionA,371.606667,48.393332999999984
1617,RegionB,386.1,23.899999999999977
1617,RegionC,376.096667,28.903332999999975
1617,RegionD,345.738333,374.261667
1617,RegionE,376.531667,183.46833299999997
1617,RegionF,363.018,176.98200000000003
1618,RegionA,377.588667,42.41133300000001
1618,RegionB,386.02,23.980000000000018
1618,RegionC,364.541333,40.45866699999999
1618,RegionD,374.961333,345.038667
1618,RegionE,301.45,258.55
1618,RegionF,338.046667,201.953333
1619,RegionA,363.646333,56.35366699999997
1619,RegionB,362.513,47.48700000000002
1619,RegionC,362.224,42.77600000000001
1619,RegionD,311.741333,408.258667
1619,RegionE,331.51,228.49
1619,RegionF,292.671667,247.328333
1620,RegionA,322.225,97.77499999999998
1620,RegionB,350.846,59.153999999999996
1620,RegionC,336.197333,68.80266699999999
1620,RegionD,284.412667,435.587333
1620,RegionE,262.485,297.515
1620,RegionF,247.714667,292.28533300000004
1621,RegionA,307.661333,112.33866699999999
1621,RegionB,309.882,100.118
1621,RegionC,306.610667,98.38933300000002
1621,RegionD,252.464333,467.535667
1621,RegionE,273.271333,286.728667
1621,RegionF,294.215333,245.784667
1622,RegionA,299.523667,120.47633300000001
1622,RegionB,305.951,104.04899999999998
1622,RegionC,283.269,121.731
1622,RegionD,235.488667,484.51133300000004
1622,RegionE,268.708,291.292
1622,RegionF,239.283667,300.71633299999996
1623,RegionA,269.601667,150.39833299999998
1623,RegionB,290.380333,119.61966699999999
1623,RegionC,242.433333,162.566667
1623,RegionD,214.301667,505.698333
1623,RegionE,238.582667,321.417333
1623,RegionF,216.98,323.02
1624,RegionA,241.13,178.87
1624,RegionB,239.151667,170.848333
1624,RegionC,252.653333,152.346667
1624,RegionD,172.242,547.758
1624,RegionE,225.87,334.13
1624,RegionF,136.957333,403.042667
1625,RegionA,256.067,163.933
1625,RegionB,229.105,180.895
1625,RegionC,229.27,175.73
1625,RegionD,146.038,573.962
1625,RegionE,210.42,349.58000000000004
1625,RegionF,148.842333,391.157667
1626,RegionA,233.13,186.87
1626,RegionB,214.691333,195.308667
1626,RegionC,217.585333,187.414667
1626,RegionD,154.775667,565.224333
1626,RegionE,191.67,368.33000000000004
1626,RegionF,168.56,371.44
1627,RegionA,193.533333,226.466667
1627,RegionB,197.071333,212.928667
1627,RegionC,219.836333,185.163667
1627,RegionD,182.973333,537.026667
1627,RegionE,227.208667,332.791333
1627,RegionF,176.156333,363.843667
1628,RegionA,236.207667,183.792333
1628,RegionB,206.560667,203.439333
1628,RegionC,252.006667,152.993333
1628,RegionD,137.793,582.207
1628,RegionE,157.004333,402.995667
1628,RegionF,202.048,337.952
1629,RegionA,247.994,172.006
1629,RegionB,220.648667,189.351333
1629,RegionC,232.338667,172.661333
1629,RegionD,132.309333,587.690667
1629,RegionE,198.883333,361.116667
1629,RegionF,164.891333,375.10866699999997
1630,RegionA,270.785667,149.214333
1630,RegionB,256.266,153.73399999999998
1630,RegionC,281.576,123.42399999999998
1630,RegionD,161.087333,558.912667
1630,RegionE,182.65,377.35
1630,RegionF,145.504667,394.49533299999996
1631,RegionA,279.806,140.19400000000002
1631,RegionB,268.126667,141.873333
1631,RegionC,288.161333,116.83866699999999
1631,RegionD,162.516667,557.483333
1631,RegionE,251.525667,308.474333
1631,RegionF,237.150667,302.849333
1632,RegionA,324.028667,95.97133300000002
1632,RegionB,345.657667,64.342333
1632,RegionC,347.836,57.16399999999999
1632,RegionD,141.066667,578.933333
1632,RegionE,333.138,226.86200000000002
1632,RegionF,227.559333,312.44066699999996
1633,RegionA,359.962667,60.03733299999999
1633,RegionB,330.986667,79.01333299999999
1633,RegionC,356.001333,48.99866700000001
1633,RegionD,246.805333,473.194667
1633,RegionE,355.291333,204.708667
1633,RegionF,303.173333,236.826667
1634,RegionA,384.555333,35.44466699999998
1634,RegionB,367.950667,42.04933299999999
1634,RegionC,362.861333,42.138667
1634,RegionD,269.089333,450.910667
1634,RegionE,336.915,223.08499999999998
1634,RegionF,291.875333,248.124667
1635,RegionA,345.712,74.28800000000001
1635,RegionB,376.116,33.884000000000015
1635,RegionC,365.298333,39.701666999999986
1635,RegionD,233.615333,486.38466700000004
1635,RegionE,354.06,205.94
1635,RegionF,325.495333,214.50466699999998
1636,RegionA,345.786667,74.21333299999998
1636,RegionB,371.941333,38.058667000000014
1636,RegionC,368.659333,36.340666999999996
1636,RegionD,313.631333,406.368667
1636,RegionE,398.1,161.89999999999998
1636,RegionF,399.075333,140.924667
1637,RegionA,339.726667,80.27333299999998
1637,RegionB,370.895,39.10500000000002
1637,RegionC,375.472,29.52800000000002
1637,RegionD,367.809,352.191
1637,RegionE,411.796667,148.203333
1637,RegionF,410.6,129.39999999999998
1638,RegionA,357.555333,62.44466699999998
1638,RegionB,371.070667,38.929332999999986
1638,RegionC,371.68,33.31999999999999
1638,RegionD,413.325,306.675
1638,RegionE,422.17,137.82999999999998
1638,RegionF,427.055333,112.94466699999998
1639,RegionA,360.934,59.065999999999974
1639,RegionB,384.66,25.339999999999975
1639,RegionC,371.451333,33.54866700000002
1639,RegionD,331.215,388.785
1639,RegionE,418.68,141.32
1639,RegionF,408.013333,131.986667
1640,RegionA,369.487333,50.51266700000002
1640,RegionB,366.718,43.28199999999998
1640,RegionC,380.548333,24.451666999999986
1640,RegionD,381.92,338.08
1640,RegionE,393.76,166.24
1640,RegionF,371.709333,168.29066699999998
1641,RegionA,377.954667,42.04533300000003
1641,RegionB,361.156667,48.84333299999997
1641,RegionC,382.083333,22.916667000000018
1641,RegionD,331.024,388.976
1641,RegionE,321.741333,238.258667
1641,RegionF,349.714667,190.28533299999998
1642,RegionA,351.906,68.094
1642,RegionB,362.417333,47.582667000000015
1642,RegionC,383.074667,21.925333000000023
1642,RegionD,320.677,399.323
1642,RegionE,290.885333,269.114667
1642,RegionF,369.165667,170.83433300000002
1643,RegionA,312.212667,107.78733299999999
1643,RegionB,352.07,57.93000000000001
1643,RegionC,381.904667,23.095332999999982
1643,RegionD,330.465333,389.534667
1643,RegionE,276.495667,283.504333
1643,RegionF,323.366667,216.633333
1644,RegionA,264.668333,155.33166699999998
1644,RegionB,320.838,89.16199999999998
1644,RegionC,346.036667,58.96333299999998
1644,RegionD,325.314667,394.685333
1644,RegionE,234.274667,325.725333
1644,RegionF,302.564,237.43599999999998
1645,RegionA,272.060667,147.93933299999998
1645,RegionB,292.314333,117.68566700000002
1645,RegionC,337.540333,67.45966700000002
1645,RegionD,269.271667,450.728333
1645,RegionE,193.018667,366.981333
1645,RegionF,305.003333,234.996667
1646,RegionA,280.709,139.291
1646,RegionB,289.194,120.80599999999998
1646,RegionC,303.585333,101.41466700000001
1646,RegionD,171.532667,548.467333
1646,RegionE,166.422667,393.577333
1646,RegionF,261.495667,278.504333
1647,RegionA,262.008667,157.991333
1647,RegionB,271.902667,138.097333
1647,RegionC,286.352333,118.64766700000001
1647,RegionD,146.293333,573.706667
1647,RegionE,181.969667,378.03033300000004
1647,RegionF,199.236333,340.763667
1648,RegionA,211.080667,208.919333
1648,RegionB,250.036667,159.963333
1648,RegionC,253.628667,151.371333
1648,RegionD,144.893,575.107
1648,RegionE,138.352667,421.647333
1648,RegionF,163.607,376.39300000000003
1649,RegionA,227.887333,192.112667
1649,RegionB,216.011333,193.988667
1649,RegionC,256.209667,148.79033299999998
1649,RegionD,98.564,621.436
1649,RegionE,161.268,398.73199999999997
1649,RegionF,199.74,340.26
1650,RegionA,253.549333,166.450667
1650,RegionB,228.692333,181.307667
1650,RegionC,218.003333,186.996667
1650,RegionD,123.968333,596.031667
1650,RegionE,123.234,436.766
1650,RegionF,153.42,386.58000000000004
1651,RegionA,198.005,221.995
1651,RegionB,203.013333,206.986667
1651,RegionC,249.32,155.68
1651,RegionD,110.817333,609.182667
1651,RegionE,175.909333,384.090667
1651,RegionF,149.582,390.418
1652,RegionA,194.077,225.923
1652,RegionB,246.524667,163.475333
1652,RegionC,278.533,126.46699999999998
1652,RegionD,149.499667,570.500333
1652,RegionE,144.114,415.88599999999997
1652,RegionF,212.202,327.798
1653,RegionA,247.865,172.135
1653,RegionB,300.326667,109.67333300000001
1653,RegionC,261.923,143.077
1653,RegionD,151.594,568.406
1653,RegionE,205.063,354.937
1653,RegionF,213.936667,326.063333
1654,RegionA,257.381,162.61900000000003
1654,RegionB,300.653333,109.34666700000002
1654,RegionC,247.95,157.05
1654,RegionD,234.042,485.95799999999997
1654,RegionE,221.221667,338.778333
1654,RegionF,232.896333,307.103667
1655,RegionA,265.819333,154.18066700000003
1655,RegionB,273.386,136.61399999999998
1655,RegionC,268.09,136.91000000000003
1655,RegionD,225.464667,494.53533300000004
1655,RegionE,231.051333,328.948667
1655,RegionF,239.59,300.40999999999997
1656,RegionA,327.618667,92.38133299999998
1656,RegionB,364.963333,45.03666700000002
1656,RegionC,276.504,128.49599999999998
1656,RegionD,269.256667,450.743333
1656,RegionE,247.928,312.072
1656,RegionF,237.19,302.81
1657,RegionA,327.097333,92.90266700000001
1657,RegionB,368.377333,41.62266699999998
1657,RegionC,377.450667,27.54933299999999
1657,RegionD,282.686667,437.313333
1657,RegionE,259.806,300.194
1657,RegionF,205.548,334.452
1658,RegionA,376.987667,43.01233300000001
1658,RegionB,368.188333,41.811667
1658,RegionC,385.74,19.25999999999999
1658,RegionD,280.806,439.194
1658,RegionE,309.95,250.05
1658,RegionF,225.675333,314.324667
1659,RegionA,389.238667,30.76133299999998
1659,RegionB,365.6,44.39999999999998
1659,RegionC,375.652,29.348000000000013
1659,RegionD,342.031667,377.968333
1659,RegionE,329.718,230.28199999999998
1659,RegionF,292.338,247.66199999999998
1660,RegionA,397.765,22.235000000000014
1660,RegionB,352.205333,57.794667000000004
1660,RegionC,365.112,39.88799999999998
1660,RegionD,332.101333,387.898667
1660,RegionE,333.012667,226.98733299999998
1660,RegionF,323.816,216.18400000000003
1661,RegionA,395.016,24.98399999999998
1661,RegionB,363.119,46.88099999999997
1661,RegionC,360.964,44.036
1661,RegionD,367.644667,352.355333
1661,RegionE,366.533333,193.46666699999997
1661,RegionF,384.076667,155.923333
1662,RegionA,389.153333,30.846667000000025
1662,RegionB,356.389333,53.61066699999998
1662,RegionC,359.584,45.416
1662,RegionD,409.309,310.691
1662,RegionE,382.913333,177.08666699999998
1662,RegionF,454.836667,85.16333300000002
1663,RegionA,394.958667,25.04133300000001
1663,RegionB,354.759667,55.24033300000002
1663,RegionC,347.085333,57.91466700000001
1663,RegionD,438.007667,281.992333
1663,RegionE,379.880667,180.11933299999998
1663,RegionF,440.09,99.91000000000003
1664,RegionA,393.583333,26.416667000000018
1664,RegionB,356.184333,53.81566700000002
1664,RegionC,354.315333,50.68466699999999
1664,RegionD,361.704,358.296
1664,RegionE,355.071333,204.92866700000002
1664,RegionF,419.290333,120.70966700000002
1665,RegionA,395.343333,24.656667000000027
1665,RegionB,360.728333,49.27166699999998
1665,RegionC,376.194333,28.805667000000028
1665,RegionD,320.268333,399.731667
1665,RegionE,397.986667,162.013333
1665,RegionF,383.48,156.51999999999998
1666,RegionA,398.763,21.237000000000023
1666,RegionB,371.510667,38.48933299999999
1666,RegionC,380.214667,24.78533299999998
1666,RegionD,306.195,413.805
1666,RegionE,349.628333,210.371667
1666,RegionF,361.367333,178.63266700000003
1667,RegionA,364.056667,55.943332999999996
1667,RegionB,359.728667,50.27133300000003
1667,RegionC,382.776667,22.223333000000025
1667,RegionD,251.918,468.082
1667,RegionE,341.514,218.486
1667,RegionF,311.33,228.67000000000002
1668,RegionA,320.701,99.29899999999998
1668,RegionB,297.403333,112.59666700000002
1668,RegionC,359.491333,45.508667
1668,RegionD,242.94,477.06
1668,RegionE,288.784,271.216
1668,RegionF,273.467333,266.532667
1669,RegionA,315.224667,104.77533299999999
1669,RegionB,304.476,105.524
1669,RegionC,331.105667,73.89433300000002
1669,RegionD,221.394,498.606
1669,RegionE,291.707667,268.292333
1669,RegionF,226.663667,313.33633299999997
1670,RegionA,296.296333,123.703667
1670,RegionB,300.598333,109.40166699999997
1670,RegionC,310.409,94.59100000000001
1670,RegionD,241.967333,478.032667
1670,RegionE,237.996667,322.003333
1670,RegionF,251.701333,288.298667
1671,RegionA,261.890333,158.109667
1671,RegionB,287.421,122.57900000000001
1671,RegionC,280.337333,124.662667
1671,RegionD,209.4,510.6
1671,RegionE,233.643,326.35699999999997
1671,RegionF,216.619,323.381
1672,RegionA,231.351333,188.648667
1672,RegionB,239.298,170.702
1672,RegionC,224.494,180.506
1672,RegionD,136.388,583.612
1672,RegionE,214.380333,345.619667
1672,RegionF,215.809333,324.19066699999996
1673,RegionA,221.89,198.11
1673,RegionB,220.196,189.804
1673,RegionC,175.990667,229.009333
1673,RegionD,127.018333,592.981667
1673,RegionE,163.666667,396.33333300000004
1673,RegionF,194.87,345.13
1674,RegionA,202.055667,217.944333
1674,RegionB,206.674,203.326
1674,RegionC,195.182,209.818
1674,RegionD,113.210667,606.7893329999999
1674,RegionE,213.151333,346.848667
1674,RegionF,199.755333,340.244667
1675,RegionA,224.806,195.194
1675,RegionB,203.653333,206.346667
1675,RegionC,215.168667,189.831333
1675,RegionD,128.2,591.8
1675,RegionE,238.583333,321.41666699999996
1675,RegionF,156.73,383.27
1676,RegionA,217.669,202.331
1676,RegionB,214.383667,195.616333
1676,RegionC,236.23,168.77
1676,RegionD,107.812667,612.187333
1676,RegionE,207.57,352.43
1676,RegionF,182.654667,357.345333
1677,RegionA,259.832,160.168
1677,RegionB,250.399333,159.600667
1677,RegionC,238.871333,166.128667
1677,RegionD,141.853333,578.146667
1677,RegionE,240.238,319.762
1677,RegionF,183.438667,356.561333
1678,RegionA,295.768,124.23200000000003
1678,RegionB,275.262667,134.73733299999998
1678,RegionC,280.675,124.32499999999999
1678,RegionD,152.29,567.71
1678,RegionE,227.602667,332.397333
1678,RegionF,212.171333,327.828667
1679,RegionA,277.326,142.67399999999998
1679,RegionB,318.222667,91.777333
1679,RegionC,309.75,95.25
1679,RegionD,254.639,465.361
1679,RegionE,243.060667,316.93933300000003
1679,RegionF,246.716,293.284
1680,RegionA,369.207333,50.792666999999994
1680,RegionB,338.979,71.02100000000002
1680,RegionC,328.743333,76.256667
1680,RegionD,279.510333,440.489667
1680,RegionE,285.177333,274.822667
1680,RegionF,316.688667,223.311333
1681,RegionA,358.859,61.14100000000002
1681,RegionB,364.296,45.70400000000001
1681,RegionC,353.942333,51.05766699999998
1681,RegionD,275.68,444.32
1681,RegionE,307.436,252.56400000000002
1681,RegionF,296.53,243.47000000000003
1682,RegionA,392.401333,27.598666999999978
1682,RegionB,377.75,32.25
1682,RegionC,378.889333,26.110666999999978
1682,RegionD,315.372,404.628
1682,RegionE,332.8,227.2
1682,RegionF,338.014,201.986
1683,RegionA,381.704,38.29599999999999
1683,RegionB,381.205,28.795000000000016
1683,RegionC,380.150333,24.84966700000001
1683,RegionD,298.614,421.386
1683,RegionE,341.444667,218.55533300000002
1683,RegionF,365.766,174.23399999999998
1684,RegionA,380.337333,39.662667
1684,RegionB,359.647333,50.352667
1684,RegionC,364.224,40.77600000000001
1684,RegionD,317.158,402.842
1684,RegionE,370.332667,189.66733299999999
1684,RegionF,423.969333,116.030667
1685,RegionA,383.666333,36.33366699999999
1685,RegionB,371.9,38.10000000000002
1685,RegionC,348.830667,56.169332999999995
1685,RegionD,365.252,354.748
1685,RegionE,348.029333,211.970667
1685,RegionF,399.201333,140.79866700000002
1686,RegionA,384.892333,35.10766699999999
1686,RegionB,376.804667,33.195333000000005
1686,RegionC,366.301333,38.698667
1686,RegionD,405.318,314.682
1686,RegionE,378.644667,181.35533299999997
1686,RegionF,418.715333,121.28466700000001
1687,RegionA,382.733,37.266999999999996
1687,RegionB,375.598,34.40199999999999
1687,RegionC,369.121333,35.87866700000001
1687,RegionD,361.388,358.612
1687,RegionE,405.22,154.77999999999997
1687,RegionF,418.330667,121.669333
1688,RegionA,387.060667,32.939332999999976
1688,RegionB,377.765333,32.234667
1688,RegionC,372.589333,32.41066699999999
1688,RegionD,352.375333,367.624667
1688,RegionE,371.477333,188.522667
1688,RegionF,384.377,155.623
1689,RegionA,389.298667,30.701332999999977
1689,RegionB,374.124667,35.87533300000001
1689,RegionC,372.014667,32.985333000000026
1689,RegionD,352.034667,367.965333
1689,RegionE,335.326,224.67399999999998
1689,RegionF,361.836667,178.16333300000002
1690,RegionA,386.948,33.05200000000002
1690,RegionB,370.602667,39.397333
1690,RegionC,357.808,47.19200000000001
1690,RegionD,358.397333,361.602667
1690,RegionE,287.640667,272.359333
1690,RegionF,307.023333,232.97666700000002
1691,RegionA,336.793333,83.20666699999998
1691,RegionB,369.404333,40.59566699999999
1691,RegionC,332.188667,72.81133299999999
1691,RegionD,254.734,465.26599999999996
1691,RegionE,291.660667,268.339333
1691,RegionF,311.486667,228.513333
1692,RegionA,326.324667,93.67533300000002
1692,RegionB,315.745667,94.25433299999997
1692,RegionC,307.060667,97.93933299999998
1692,RegionD,222.065667,497.93433300000004
1692,RegionE,249.420333,310.579667
1692,RegionF,239.672667,300.327333
1693,RegionA,313.084333,106.91566699999998
1693,RegionB,287.860667,122.13933300000002
1693,RegionC,300.48,104.51999999999998
1693,RegionD,211.728,508.272
1693,RegionE,274.915667,285.084333
1693,RegionF,233.806667,306.193333
1694,RegionA,285.647,134.353
1694,RegionB,279.393333,130.60666700000002
1694,RegionC,290.994667,114.00533300000001
1694,RegionD,205.043333,514.956667
1694,RegionE,240.466667,319.53333299999997
1694,RegionF,271.022,268.978
1695,RegionA,265.430333,154.56966699999998
1695,RegionB,235.479333,174.520667
1695,RegionC,228.080333,176.919667
1695,RegionD,169.05,550.95
1695,RegionE,225.546333,334.453667
1695,RegionF,254.539333,285.460667
1696,RegionA,230.326667,189.673333
1696,RegionB,203.459667,206.540333
1696,RegionC,251.742667,153.257333
1696,RegionD,139.949333,580.050667
1696,RegionE,143.726,416.274
1696,RegionF,208.415,331.58500000000004
1697,RegionA,215.468667,204.531333
1697,RegionB,182.880333,227.119667
1697,RegionC,232.632667,172.367333
1697,RegionD,180.601,539.399
1697,RegionE,131.592667,428.407333
1697,RegionF,158.87,381.13
1698,RegionA,229.335333,190.664667
1698,RegionB,197.789,212.211
1698,RegionC,207.274667,197.725333
1698,RegionD,137.408667,582.591333
1698,RegionE,111.765333,448.234667
1698,RegionF,152.773333,387.226667
1699,RegionA,228.414667,191.585333
1699,RegionB,185.781,224.219
1699,RegionC,223.125333,181.874667
1699,RegionD,185.867667,534.132333
1699,RegionE,141.094,418.906
1699,RegionF,168.135,371.865
1700,RegionA,212.692333,207.307667
1700,RegionB,235.733333,174.266667
1700,RegionC,221.153333,183.846667
1700,RegionD,165.281667,554.718333
1700,RegionE,155.768,404.23199999999997
1700,RegionF,186.599667,353.400333
1701,RegionA,268.852,151.14800000000002
1701,RegionB,256.212,153.788
1701,RegionC,273.106,131.894
1701,RegionD,183.151667,536.848333
1701,RegionE,205.534333,354.465667
1701,RegionF,192.676667,347.323333
1702,RegionA,275.951667,144.048333
1702,RegionB,287.156,122.844
1702,RegionC,268.582667,136.41733299999999
1702,RegionD,200.386,519.614
1702,RegionE,229.986333,330.013667
1702,RegionF,219.515333,320.484667
1703,RegionA,295.576,124.42399999999998
1703,RegionB,301.936667,108.063333
1703,RegionC,275.943333,129.056667
1703,RegionD,208.151,511.849
1703,RegionE,249.003333,310.996667
1703,RegionF,247.742667,292.257333
1704,RegionA,364.774667,55.22533299999998
1704,RegionB,289.35,120.64999999999998
1704,RegionC,308.368667,96.63133299999998
1704,RegionD,260.038,459.962
1704,RegionE,300.516,259.484
1704,RegionF,305.546667,234.453333
1705,RegionA,357.164,62.83600000000001
1705,RegionB,346.418,63.581999999999994
1705,RegionC,328.38,76.62
1705,RegionD,303.487,416.513
1705,RegionE,327.612667,232.387333
1705,RegionF,323.285667,216.714333
1706,RegionA,370.208667,49.79133300000001
1706,RegionB,361.68,48.31999999999999
1706,RegionC,374.614333,30.385667000000012
1706,RegionD,319.388,400.612
1706,RegionE,323.7,236.3
1706,RegionF,393.635,146.365
1707,RegionA,379.330667,40.669332999999995
1707,RegionB,372.641333,37.358667000000025
1707,RegionC,381.741333,23.258667000000003
1707,RegionD,323.653333,396.346667
1707,RegionE,383.54,176.45999999999998
1707,RegionF,344.529333,195.470667
1708,RegionA,390.798667,29.201332999999977
1708,RegionB,379.287333,30.71266700000001
1708,RegionC,382.733333,22.266666999999984
1708,RegionD,340.906333,379.093667
1708,RegionE,366.922667,193.077333
1708,RegionF,411.083333,128.91666700000002
1709,RegionA,376.725333,43.27466700000002
1709,RegionB,382.325,27.67500000000001
1709,RegionC,375.350667,29.649333000000013
1709,RegionD,341.145333,378.854667
1709,RegionE,386.358667,173.64133299999997
1709,RegionF,381.266667,158.73333300000002
1710,RegionA,383.266,36.73399999999998
1710,RegionB,381.494333,28.505667000000017
1710,RegionC,357.470667,47.52933300000001
1710,RegionD,366.451667,353.548333
1710,RegionE,366.192,193.808
1710,RegionF,393.292,146.70800000000003
1711,RegionA,383.71,36.29000000000002
1711,RegionB,383.169333,26.830667000000005
1711,RegionC,362.023333,42.97666700000002
1711,RegionD,393.451,326.549
1711,RegionE,339.287333,220.712667
1711,RegionF,411.025,128.97500000000002
1712,RegionA,389.584,30.415999999999997
1712,RegionB,374.225333,35.77466700000002
1712,RegionC,382.32,22.680000000000007
1712,RegionD,368.085333,351.914667
1712,RegionE,329.154,230.846
1712,RegionF,386.690667,153.30933299999998
1713,RegionA,392.702333,27.29766699999999
1713,RegionB,372.587333,37.412667
1713,RegionC,381.742,23.25799999999998
1713,RegionD,283.546667,436.453333
1713,RegionE,333.342667,226.657333
1713,RegionF,375.24,164.76
1714,RegionA,392.805333,27.19466699999998
1714,RegionB,382.673333,27.326666999999986
1714,RegionC,381.092,23.908000000000015
1714,RegionD,289.860333,430.139667
1714,RegionE,301.081667,258.918333
1714,RegionF,349.406333,190.59366699999998
1715,RegionA,359.360667,60.63933300000002
1715,RegionB,347.548333,62.451666999999986
1715,RegionC,373.743333,31.256666999999993
1715,RegionD,223.255333,496.744667
1715,RegionE,292.304,267.696
1715,RegionF,338.666667,201.33333299999998
1716,RegionA,323.097333,96.90266700000001
1716,RegionB,337.62,72.38
1716,RegionC,341.115,63.88499999999999
1716,RegionD,212.672,507.328
1716,RegionE,298.859333,261.140667
1716,RegionF,321.13,218.87
1717,RegionA,290.171333,129.828667
1717,RegionB,294.575667,115.42433299999999
1717,RegionC,324.115667,80.88433300000003
1717,RegionD,217.014667,502.98533299999997
1717,RegionE,255.585,304.41499999999996
1717,RegionF,323.642,216.358
1718,RegionA,292.202333,127.79766699999999
1718,RegionB,268.291333,141.708667
1718,RegionC,303.45,101.55000000000001
1718,RegionD,204.190333,515.809667
1718,RegionE,260.055333,299.944667
1718,RegionF,278.776,261.224
1719,RegionA,251.926333,168.073667
1719,RegionB,256.592667,153.407333
1719,RegionC,276.268667,128.731333
1719,RegionD,187.121667,532.878333
1719,RegionE,242.729333,317.270667
1719,RegionF,246.240667,293.75933299999997
1720,RegionA,223.946,196.054
1720,RegionB,232.62,177.38
1720,RegionC,229.365,175.635
1720,RegionD,176.394,543.606
1720,RegionE,214.712667,345.287333
1720,RegionF,218.972,321.028
1721,RegionA,224.360667,195.639333
1721,RegionB,188.831333,221.168667
1721,RegionC,234.763667,170.236333
1721,RegionD,176.308667,543.691333
1721,RegionE,188.9,371.1
1721,RegionF,199.246667,340.753333
1722,RegionA,234.984,185.016
1722,RegionB,213.994667,196.005333
1722,RegionC,203.333333,201.666667
1722,RegionD,184.228667,535.771333
1722,RegionE,125.5,434.5
1722,RegionF,158.245333,381.75466700000004
1723,RegionA,239.998667,180.001333
1723,RegionB,195.399333,214.600667
1723,RegionC,238.646667,166.353333
1723,RegionD,145.038333,574.961667
1723,RegionE,138.892,421.108
1723,RegionF,153.191333,386.808667
1724,RegionA,254.764,165.236
1724,RegionB,199.580333,210.419667
1724,RegionC,218.590333,186.409667
1724,RegionD,179.974,540.0260000000001
1724,RegionE,147.809333,412.19066699999996
1724,RegionF,189.792,350.20799999999997
1725,RegionA,256.289333,163.710667
1725,RegionB,219.835333,190.164667
1725,RegionC,242.461667,162.538333
1725,RegionD,157.708667,562.291333
1725,RegionE,179.023333,380.976667
1725,RegionF,181.269667,358.730333
1726,RegionA,247.730667,172.269333
1726,RegionB,251.991667,158.008333
1726,RegionC,268.334667,136.66533299999998
1726,RegionD,186.617333,533.382667
1726,RegionE,242.623333,317.376667
1726,RegionF,220.569333,319.43066699999997
1727,RegionA,300.17,119.82999999999998
1727,RegionB,327.629333,82.37066700000003
1727,RegionC,337.972333,67.02766700000001
1727,RegionD,244.283333,475.71666700000003
1727,RegionE,228.856667,331.143333
1727,RegionF,197.746,342.254
1728,RegionA,295.259333,124.74066699999997
1728,RegionB,344.900667,65.099333
1728,RegionC,340.628333,64.371667
1728,RegionD,235.426,484.574
1728,RegionE,256.485333,303.514667
1728,RegionF,209.078,330.922
1729,RegionA,360.074667,59.92533300000002
1729,RegionB,370.917,39.08300000000003
1729,RegionC,328.290667,76.70933300000002
1729,RegionD,305.965333,414.034667
1729,RegionE,294.134667,265.865333
1729,RegionF,272.608667,267.391333
1730,RegionA,387.309333,32.69066700000002
1730,RegionB,381.630667,28.369332999999983
1730,RegionC,355.17,49.829999999999984
1730,RegionD,306.937333,413.062667
1730,RegionE,317.967333,242.032667
1730,RegionF,317.023,222.97699999999998
1731,RegionA,390.871333,29.128667000000007
1731,RegionB,386.923333,23.076666999999986
1731,RegionC,378.474667,26.52533299999999
1731,RegionD,317.788,402.212
1731,RegionE,373.322333,186.67766699999999
1731,RegionF,346.237333,193.76266700000002
1732,RegionA,394.513333,25.48666700000001
1732,RegionB,379.58,30.420000000000016
1732,RegionC,344.192333,60.80766699999998
1732,RegionD,349.304,370.696
1732,RegionE,417.438,142.562
1732,RegionF,367.548333,172.451667
1733,RegionA,393.12,26.879999999999995
1733,RegionB,374.846,35.153999999999996
1733,RegionC,348.390667,56.60933299999999
1733,RegionD,376.147333,343.852667
1733,RegionE,400.506667,159.493333
1733,RegionF,347.854,192.14600000000002
1734,RegionA,395.023667,24.97633300000001
1734,RegionB,374.789333,35.210667
1734,RegionC,348.845333,56.15466700000002
1734,RegionD,342.73,377.27
1734,RegionE,427.055333,132.94466699999998
1734,RegionF,399.510333,140.489667
1735,RegionA,388.12,31.879999999999995
1735,RegionB,373.902333,36.097667
1735,RegionC,358.249333,46.75066700000002
1735,RegionD,354.105333,365.894667
1735,RegionE,452.148,107.85199999999998
1735,RegionF,360.459667,179.54033299999998
1736,RegionA,389.889333,30.110666999999978
1736,RegionB,374.354333,35.645667
1736,RegionC,380.628,24.372000000000014
1736,RegionD,390.857333,329.142667
1736,RegionE,422.048,137.952
1736,RegionF,324.75,215.25
1737,RegionA,378.237333,41.76266700000002
1737,RegionB,337.932,72.06799999999998
1737,RegionC,378.173333,26.826666999999986
1737,RegionD,337.886667,382.113333
1737,RegionE,388.22,171.77999999999997
1737,RegionF,325.000333,214.999667
1738,RegionA,370.456,49.54399999999998
1738,RegionB,360.537333,49.46266700000001
1738,RegionC,371.334,33.666
1738,RegionD,307.283333,412.716667
1738,RegionE,341.784667,218.215333
1738,RegionF,302.095333,237.90466700000002
1739,RegionA,360.497333,59.502666999999974
1739,RegionB,358.273,51.726999999999975
1739,RegionC,349.938,55.06200000000001
1739,RegionD,286.086,433.914
1739,RegionE,316.684667,243.315333
1739,RegionF,312.348333,227.65166699999997
1740,RegionA,328.236667,91.76333299999999
1740,RegionB,341.210667,68.789333
1740,RegionC,358.578667,46.421333000000004
1740,RegionD,280.353333,439.646667
1740,RegionE,249.918667,310.081333
1740,RegionF,287.75,252.25
1741,RegionA,296.874,123.12599999999998
1741,RegionB,323.693,86.30700000000002
1741,RegionC,334.419,70.58100000000002
1741,RegionD,259.646333,460.353667
1741,RegionE,203.336,356.664
1741,RegionF,309.8,230.2
1742,RegionA,277.381333,142.61866700000002
1742,RegionB,305.988333,104.01166699999999
1742,RegionC,303.497333,101.50266699999997
1742,RegionD,277.605,442.395
1742,RegionE,177.282,382.71799999999996
1742,RegionF,274.86,265.14
1743,RegionA,257.251667,162.748333
1743,RegionB,258.866667,151.133333
1743,RegionC,293.012333,111.98766699999999
1743,RegionD,214.532,505.46799999999996
1743,RegionE,160.669667,399.330333
1743,RegionF,221.571667,318.428333
1744,RegionA,244.722,175.278
1744,RegionB,238.399667,171.600333
1744,RegionC,243.695,161.305
1744,RegionD,182.139667,537.860333
1744,RegionE,166.254667,393.74533299999996
1744,RegionF,192.37,347.63
1745,RegionA,209.264333,210.735667
1745,RegionB,227.896,182.104
1745,RegionC,235.054,169.946
1745,RegionD,147.9,572.1
1745,RegionE,153.52,406.48
1745,RegionF,142.358667,397.64133300000003
1746,RegionA,227.187667,192.812333
1746,RegionB,222.792333,187.207667
1746,RegionC,241.114333,163.885667
1746,RegionD,132.320667,587.679333
1746,RegionE,144.516667,415.483333
1746,RegionF,107.975,432.025
1747,RegionA,209.314,210.686
1747,RegionB,202.84,207.16
1747,RegionC,227.347333,177.652667
1747,RegionD,109.88,610.12
1747,RegionE,145.137333,414.862667
1747,RegionF,100.388667,439.611333
1748,RegionA,243.322667,176.677333
1748,RegionB,228.923333,181.076667
1748,RegionC,199.31,205.69
1748,RegionD,134.352667,585.647333
1748,RegionE,168.655,391.345
1748,RegionF,143.76,396.24
1749,RegionA,262.273,157.72699999999998
1749,RegionB,226.067333,183.932667
1749,RegionC,219.288667,185.711333
1749,RegionD,185.235,534.765
1749,RegionE,205.937333,354.06266700000003
1749,RegionF,142.506,397.494
1750,RegionA,270.279333,149.720667
1750,RegionB,284.408333,125.59166699999997
1750,RegionC,284.726333,120.27366699999999
1750,RegionD,218.91,501.09000000000003
1750,RegionE,183.072667,376.927333
1750,RegionF,195.032,344.96799999999996
1751,RegionA,323.691333,96.30866700000001
1751,RegionB,303.536667,106.46333299999998
1751,RegionC,304.934,100.06599999999997
1751,RegionD,226.127333,493.872667
1751,RegionE,161.227,398.773
1751,RegionF,217.309333,322.69066699999996
1752,RegionA,289.69,130.31
1752,RegionB,323.640667,86.35933299999999
1752,RegionC,348.4,56.60000000000002
1752,RegionD,304.322667,415.677333
1752,RegionE,253.85,306.15
1752,RegionF,248.088667,291.911333
1753,RegionA,361.338,58.66199999999998
1753,RegionB,327.033333,82.96666699999997
1753,RegionC,353.545333,51.45466699999997
1753,RegionD,310.501333,409.498667
1753,RegionE,322.258667,237.741333
1753,RegionF,342.630333,197.369667
1754,RegionA,362.408,57.591999999999985
1754,RegionB,359.504,50.49599999999998
1754,RegionC,383.066667,21.933333000000005
1754,RegionD,329.869333,390.130667
1754,RegionE,329.448667,230.551333
1754,RegionF,385.506,154.49400000000003
1755,RegionA,361.73,58.26999999999998
1755,RegionB,367.362667,42.63733300000001
1755,RegionC,382.565,22.435000000000002
1755,RegionD,366.160667,353.839333
1755,RegionE,393.705333,166.294667
1755,RegionF,420.708333,119.29166700000002
1756,RegionA,368.700667,51.29933299999999
1756,RegionB,368.409667,41.59033299999999
1756,RegionC,380.904,24.096000000000004
1756,RegionD,383.539,336.461
1756,RegionE,346.181333,213.818667
1756,RegionF,372.717333,167.282667
1757,RegionA,381.432667,38.56733300000002
1757,RegionB,375.544667,34.455332999999996
1757,RegionC,374.685333,30.314666999999986
1757,RegionD,413.218,306.782
1757,RegionE,393.953333,166.046667
1757,RegionF,389.545333,150.45466699999997
1758,RegionA,363.686,56.31400000000002
1758,RegionB,388.783333,21.216666999999973
1758,RegionC,352.695,52.30500000000001
1758,RegionD,400.449,319.551
1758,RegionE,361.815333,198.184667
1758,RegionF,387.306,152.69400000000002
1759,RegionA,359.246667,60.753333
1759,RegionB,388.257667,21.742332999999974
1759,RegionC,354.306667,50.693332999999996
1759,RegionD,398.564667,321.435333
1759,RegionE,383.775667,176.224333
1759,RegionF,354.760667,185.239333
1760,RegionA,358.629333,61.370667000000026
1760,RegionB,387.456,22.543999999999983
1760,RegionC,361.756,43.24400000000003
1760,RegionD,401.546333,318.453667
1760,RegionE,381.128667,178.871333
1760,RegionF,386.623667,153.376333
1761,RegionA,362.680333,57.31966699999998
1761,RegionB,371.551333,38.448667
1761,RegionC,374.752333,30.24766699999998
1761,RegionD,323.06,396.94
1761,RegionE,354.51,205.49
1761,RegionF,359.15,180.85000000000002
1762,RegionA,374.479667,45.520332999999994
1762,RegionB,360.07,49.93000000000001
1762,RegionC,381.23,23.769999999999982
1762,RegionD,334.973333,385.026667
1762,RegionE,354.706,205.29399999999998
1762,RegionF,385.269333,154.73066699999998
1763,RegionA,366.880667,53.11933299999998
1763,RegionB,331.398,78.60199999999998
1763,RegionC,383.215333,21.784667000000013
1763,RegionD,230.005333,489.994667
1763,RegionE,306.616667,253.383333
1763,RegionF,290.843333,249.15666700000003
1764,RegionA,348.253333,71.746667
1764,RegionB,315.28,94.72000000000003
1764,RegionC,366.76,38.24000000000001
1764,RegionD,211.198667,508.801333
1764,RegionE,243.021,316.97900000000004
1764,RegionF,277.369333,262.630667
1765,RegionA,335.406333,84.59366699999998
1765,RegionB,291.621333,118.37866700000001
1765,RegionC,313.568333,91.431667
1765,RegionD,222.988333,497.011667
1765,RegionE,229.178667,330.821333
1765,RegionF,265.704,274.296
1766,RegionA,305.716333,114.28366699999998
1766,RegionB,289.711667,120.28833300000002
1766,RegionC,306.066,98.93400000000003
1766,RegionD,201.36,518.64
1766,RegionE,217.704667,342.295333
1766,RegionF,242.390333,297.609667
1767,RegionA,273.749333,146.25066700000002
1767,RegionB,274.044,135.95600000000002
1767,RegionC,286.805667,118.19433299999997
1767,RegionD,174.522333,545.477667
1767,RegionE,166.338,393.66200000000003
1767,RegionF,236.673333,303.326667
1768,RegionA,238.998333,181.001667
1768,RegionB,230.862,179.138
1768,RegionC,245.425333,159.574667
1768,RegionD,111.710333,608.289667
1768,RegionE,170.198667,389.801333
1768,RegionF,167.949333,372.050667
1769,RegionA,232.764667,187.235333
1769,RegionB,187.643667,222.356333
1769,RegionC,200.747,204.253
1769,RegionD,138.276333,581.723667
1769,RegionE,165.333333,394.66666699999996
1769,RegionF,135.674,404.326
1770,RegionA,227.161333,192.838667
1770,RegionB,190.562,219.438
1770,RegionC,221.836667,183.163333
1770,RegionD,212.643333,507.356667
1770,RegionE,145.970333,414.029667
1770,RegionF,114.008,425.992
1771,RegionA,233.76,186.24
1771,RegionB,220.266,189.734
1771,RegionC,234.229333,170.770667
1771,RegionD,176.414,543.586
1771,RegionE,167.538667,392.46133299999997
1771,RegionF,81.561333,458.438667
1772,RegionA,173.342,246.658
1772,RegionB,219.574667,190.425333
1772,RegionC,232.646,172.354
1772,RegionD,226.232,493.76800000000003
1772,RegionE,143.554,416.446
1772,RegionF,129.710667,410.289333
1773,RegionA,219.979333,200.020667
1773,RegionB,240.561,169.439
1773,RegionC,254.886,150.114
1773,RegionD,246.334333,473.665667
1773,RegionE,190.84,369.15999999999997
1773,RegionF,154.309,385.69100000000003
1774,RegionA,261.84,158.16000000000003
1774,RegionB,270.628,139.372
1774,RegionC,300.421333,104.578667
1774,RegionD,208.142667,511.85733300000004
1774,RegionE,261.352,298.648
1774,RegionF,211.86,328.14
1775,RegionA,253.401333,166.598667
1775,RegionB,341.936667,68.063333
1775,RegionC,290.674,114.32600000000002
1775,RegionD,224.378667,495.621333
1775,RegionE,318.713333,241.28666700000002
1775,RegionF,194.157333,345.842667
1776,RegionA,265.176,154.824
1776,RegionB,320.006,89.99400000000003
1776,RegionC,308.714667,96.28533299999998
1776,RegionD,256.439,463.561
1776,RegionE,265.688667,294.311333
1776,RegionF,265.443333,274.556667
1777,RegionA,350.035333,69.96466700000002
1777,RegionB,335.734667,74.265333
1777,RegionC,349.156,55.843999999999994
1777,RegionD,260.720667,459.279333
1777,RegionE,257.518,302.482
1777,RegionF,330.062667,209.93733300000002
1778,RegionA,378.437333,41.562666999999976
1778,RegionB,357.42,52.579999999999984
1778,RegionC,359.558667,45.441332999999986
1778,RegionD,309.237333,410.762667
1778,RegionE,317.577333,242.422667
1778,RegionF,383.216,156.784
1779,RegionA,338.172,81.82799999999997
1779,RegionB,368.72,41.27999999999997
1779,RegionC,361.604,43.396000000000015
1779,RegionD,248.227667,471.772333
1779,RegionE,301.824,258.176
1779,RegionF,369.672667,170.327333
1780,RegionA,341.888,78.11200000000002
1780,RegionB,367.274667,42.72533299999998
1780,RegionC,372.749333,32.25066700000002
1780,RegionD,311.276,408.724
1780,RegionE,359.41,200.58999999999997
1780,RegionF,405.421667,134.578333
1781,RegionA,344.969333,75.030667
1781,RegionB,370.982333,39.01766700000002
1781,RegionC,378.12,26.879999999999995
1781,RegionD,339.637333,380.362667
1781,RegionE,361.603,198.397
1781,RegionF,351.371333,188.628667
1782,RegionA,347.494667,72.50533300000001
1782,RegionB,368.469,41.531000000000006
1782,RegionC,372.02,32.98000000000002
1782,RegionD,339.501667,380.498333
1782,RegionE,423.894333,136.10566699999998
1782,RegionF,334.061333,205.938667
1783,RegionA,371.550667,48.449333000000024
1783,RegionB,362.993333,47.00666699999999
1783,RegionC,372.814667,32.185333000000014
1783,RegionD,313.958667,406.041333
1783,RegionE,387.114,172.88600000000002
1783,RegionF,368.165333,171.83466700000002
1784,RegionA,389.412,30.588000000000022
1784,RegionB,382.402667,27.597332999999992
1784,RegionC,372.528333,32.471667000000025
1784,RegionD,316.158667,403.841333
1784,RegionE,361.335667,198.664333
1784,RegionF,332.630667,207.36933299999998
1785,RegionA,393.093333,26.906667000000027
1785,RegionB,362.386667,47.61333300000001
1785,RegionC,370.393667,34.60633300000001
1785,RegionD,319.805,400.195
1785,RegionE,409.272333,150.727667
1785,RegionF,350.21,189.79000000000002
1786,RegionA,386.556,33.44400000000002
1786,RegionB,349.83,60.170000000000016
1786,RegionC,353.633,51.36700000000002
1786,RegionD,302.486333,417.513667
1786,RegionE,362.305,197.695
1786,RegionF,306.211333,233.78866699999998
1787,RegionA,368.311333,51.68866700000001
1787,RegionB,301.579667,108.42033300000003
1787,RegionC,360.689,44.31099999999998
1787,RegionD,344.099333,375.900667
1787,RegionE,349.067,210.933
1787,RegionF,314.505667,225.49433299999998
1788,RegionA,315.13,104.87
1788,RegionB,295.302,114.69799999999998
1788,RegionC,345.31,59.69
1788,RegionD,312.254,407.746
1788,RegionE,292.558667,267.441333
1788,RegionF,314.542,225.45800000000003
1789,RegionA,328.884,91.11599999999999
1789,RegionB,302.174667,107.825333
1789,RegionC,327.243333,77.756667
1789,RegionD,228.601,491.399
1789,RegionE,254.556,305.44399999999996
1789,RegionF,314.22,225.77999999999997
1790,RegionA,284.076333,135.92366700000002
1790,RegionB,282.307,127.69299999999998
1790,RegionC,285.656667,119.34333299999997
1790,RegionD,219.497,500.503
1790,RegionE,268.372667,291.627333
1790,RegionF,283.697333,256.302667
1791,RegionA,262.725,157.27499999999998
1791,RegionB,273.756,136.24400000000003
1791,RegionC,272.626333,132.373667
1791,RegionD,185.935,534.065
1791,RegionE,249.178,310.822
1791,RegionF,256.880333,283.119667
1792,RegionA,204.378667,215.621333
1792,RegionB,226.981,183.019
1792,RegionC,223.068,181.932
1792,RegionD,151.16,568.84
1792,RegionE,169.639667,390.36033299999997
1792,RegionF,227.71,312.28999999999996
1793,RegionA,226.117,193.883
1793,RegionB,224.760667,185.239333
1793,RegionC,193.103333,211.896667
1793,RegionD,69.326,650.674
1793,RegionE,103.588333,456.41166699999997
1793,RegionF,152.187,387.813
1794,RegionA,203.125333,216.874667
1794,RegionB,214.590667,195.409333
1794,RegionC,222.065333,182.934667
1794,RegionD,160.269333,559.730667
1794,RegionE,128.570333,431.429667
1794,RegionF,151.179333,388.82066699999996
1795,RegionA,207.243,212.757
1795,RegionB,212.569333,197.430667
1795,RegionC,220.572,184.428
1795,RegionD,168.83,551.17
1795,RegionE,177.066,382.93399999999997
1795,RegionF,173.045333,366.954667
1796,RegionA,264.571667,155.428333
1796,RegionB,230.15,179.85
1796,RegionC,231.255333,173.744667
1796,RegionD,132.115333,587.884667
1796,RegionE,200.874667,359.125333
1796,RegionF,185.965,354.03499999999997
1797,RegionA,260.55,159.45
1797,RegionB,221.568667,188.431333
1797,RegionC,240.246667,164.753333
1797,RegionD,173.821333,546.178667
1797,RegionE,236.161333,323.838667
1797,RegionF,183.212,356.788
1798,RegionA,279.721667,140.27833299999998
1798,RegionB,293.305333,116.69466699999998
1798,RegionC,284.451333,120.54866700000002
1798,RegionD,158.932,561.068
1798,RegionE,213.974333,346.025667
1798,RegionF,206.343333,333.65666699999997
1799,RegionA,294.466667,125.53333300000003
1799,RegionB,287.776,122.22399999999999
1799,RegionC,313.316,91.68400000000003
1799,RegionD,191.279333,528.720667
1799,RegionE,220.226,339.774
1799,RegionF,286.124,253.87599999999998
1800,RegionA,315.22,104.77999999999997
1800,RegionB,319.629333,90.37066700000003
1800,RegionC,308.973333,96.02666699999997
1800,RegionD,205.453,514.547
1800,RegionE,246.186,313.81399999999996
1800,RegionF,340.906667,199.09333299999997
1801,RegionA,365.567333,54.43266699999998
1801,RegionB,348.194667,61.80533300000002
1801,RegionC,373.257333,31.742666999999983
1801,RegionD,263.449333,456.550667
1801,RegionE,313.769,246.231
1801,RegionF,334.281333,205.71866699999998
1802,RegionA,391.432,28.567999999999984
1802,RegionB,378.478667,31.521333000000027
1802,RegionC,378.220333,26.779667000000018
1802,RegionD,303.233333,416.766667
1802,RegionE,346.482667,213.517333
1802,RegionF,337.47,202.52999999999997
1803,RegionA,393.278667,26.721333000000016
1803,RegionB,359.836333,50.163666999999975
1803,RegionC,376.269333,28.730666999999983
1803,RegionD,376.204,343.796
1803,RegionE,345.3,214.7
1803,RegionF,311.54,228.45999999999998
1804,RegionA,393.215667,26.784333000000004
1804,RegionB,361.05,48.94999999999999
1804,RegionC,376.393333,28.606667000000016
1804,RegionD,419.559,300.441
1804,RegionE,394.023667,165.976333
1804,RegionF,319.317,220.683
1805,RegionA,365.501667,54.498333
1805,RegionB,361.298667,48.70133299999998
1805,RegionC,380.138667,24.861333000000002
1805,RegionD,459.02,260.98
1805,RegionE,375.56,184.44
1805,RegionF,311.967667,228.032333
1806,RegionA,369.708333,50.29166700000002
1806,RegionB,369.546667,40.453332999999986
1806,RegionC,384.231333,20.768666999999994
1806,RegionD,434.478333,285.521667
1806,RegionE,393.757333,166.24266699999998
1806,RegionF,296.774,243.226
1807,RegionA,372.697,47.303
1807,RegionB,385.726,24.274
1807,RegionC,384.323333,20.67666700000001
1807,RegionD,372.512,347.488
1807,RegionE,395.636667,164.363333
1807,RegionF,339.142333,200.857667
1808,RegionA,353.496,66.50400000000002
1808,RegionB,383.818667,26.181332999999995
1808,RegionC,385.55,19.44999999999999
1808,RegionD,368.531667,351.468333
1808,RegionE,406.239667,153.760333
1808,RegionF,346.054667,193.945333
1809,RegionA,347.245333,72.75466699999998
1809,RegionB,388.789333,21.210667
1809,RegionC,382.725333,22.274667000000022
1809,RegionD,376.222,343.778
1809,RegionE,399.143333,160.85666700000002
1809,RegionF,327.054,212.94600000000003
1810,RegionA,372.022667,47.97733299999999
1810,RegionB,390.884,19.115999999999985
1810,RegionC,383.78,21.220000000000027
1810,RegionD,348.48,371.52
1810,RegionE,326.856667,233.14333299999998
1810,RegionF,304.202,235.798
1811,RegionA,342.888,77.11200000000002
1811,RegionB,388.195333,21.804666999999995
1811,RegionC,366.016,38.98399999999998
1811,RegionD,276.575333,443.424667
1811,RegionE,334.534667,225.465333
1811,RegionF,282.907333,257.092667
1812,RegionA,306.002,113.99799999999999
1812,RegionB,349.407,60.59300000000002
1812,RegionC,343.179667,61.820333000000005
1812,RegionD,248.342,471.658
1812,RegionE,297.592667,262.407333
1812,RegionF,274.386,265.614
1813,RegionA,308.981333,111.018667
1813,RegionB,295.115667,114.88433300000003
1813,RegionC,326.766333,78.23366700000003
1813,RegionD,145.53,574.47
1813,RegionE,263.866667,296.133333
1813,RegionF,241.796667,298.203333
1814,RegionA,288.100333,131.89966700000002
1814,RegionB,301.348333,108.65166699999997
1814,RegionC,304.260333,100.739667
1814,RegionD,135.833667,584.166333
1814,RegionE,234.021,325.97900000000004
1814,RegionF,244.363333,295.636667
1815,RegionA,230.499,189.501
1815,RegionB,271.303,138.697
1815,RegionC,277.456333,127.54366700000003
1815,RegionD,151.59,568.41
1815,RegionE,216.474667,343.525333
1815,RegionF,230.514333,309.48566700000003
1816,RegionA,214.719333,205.280667
1816,RegionB,225.906,184.094
1816,RegionC,267.125667,137.87433299999998
1816,RegionD,108.384667,611.615333
1816,RegionE,218.551667,341.448333
1816,RegionF,196.147333,343.852667
1817,RegionA,210.401,209.599
1817,RegionB,226.224,183.776
1817,RegionC,231.140667,173.859333
1817,RegionD,108.088333,611.911667
1817,RegionE,208.404333,351.595667
1817,RegionF,189.811333,350.188667
1818,RegionA,201.233,218.767
1818,RegionB,222.524,187.476
1818,RegionC,238.758667,166.241333
1818,RegionD,106.91,613.09
1818,RegionE,227.799333,332.200667
1818,RegionF,152.704,387.296
1819,RegionA,204.367333,215.632667
1819,RegionB,153.217333,256.782667
1819,RegionC,254.481333,150.518667
1819,RegionD,83.252667,636.747333
1819,RegionE,208.834667,351.16533300000003
1819,RegionF,120.994,419.006
1820,RegionA,234.165333,185.834667
1820,RegionB,212.748333,197.251667
1820,RegionC,211.938,193.062
1820,RegionD,37.524333,682.475667
1820,RegionE,152.911333,407.088667
1820,RegionF,170.131333,369.86866699999996
1821,RegionA,253.056667,166.943333
1821,RegionB,209.475667,200.524333
1821,RegionC,234.92,170.08
1821,RegionD,43.927,676.073
1821,RegionE,163.424333,396.575667
1821,RegionF,173.188333,366.811667
1822,RegionA,267.172667,152.827333
1822,RegionB,272.958333,137.04166700000002
1822,RegionC,239.958,165.042
1822,RegionD,108.489333,611.510667
1822,RegionE,217.73,342.27
1822,RegionF,160.968,379.03200000000004
1823,RegionA,259.681,160.31900000000002
1823,RegionB,271.211333,138.78866699999998
1823,RegionC,267.650667,137.349333
1823,RegionD,148.97,571.03
1823,RegionE,203.601333,356.398667
1823,RegionF,200.452667,339.547333
1824,RegionA,302.365333,117.63466699999998
1824,RegionB,327.202,82.798
1824,RegionC,308.804667,96.195333
1824,RegionD,208.289333,511.710667
1824,RegionE,278.971333,281.028667
1824,RegionF,262.73,277.27
1825,RegionA,338.483333,81.51666699999998
1825,RegionB,355.970667,54.02933300000001
1825,RegionC,351.662667,53.337333
1825,RegionD,335.717333,384.282667
1825,RegionE,290.051667,269.948333
1825,RegionF,286.112,253.88799999999998
1826,RegionA,372.678667,47.32133299999998
1826,RegionB,382.68,27.319999999999993
1826,RegionC,353.085,51.91500000000002
1826,RegionD,315.068,404.932
1826,RegionE,371.712,188.288
1826,RegionF,320.622,219.378
1827,RegionA,373.990667,46.00933300000003
1827,RegionB,364.155667,45.844333000000006
1827,RegionC,354.550667,50.449333000000024
1827,RegionD,378.496,341.504
1827,RegionE,391.086667,168.91333300000002
1827,RegionF,382.959333,157.04066699999998
1828,RegionA,379.512,40.488
1828,RegionB,365.946667,44.05333300000001
1828,RegionC,367.350667,37.64933300000001
1828,RegionD,385.462,334.538
1828,RegionE,382.748333,177.251667
1828,RegionF,414.554,125.44600000000003
1829,RegionA,391.440667,28.55933299999998
1829,RegionB,367.018667,42.98133300000001
1829,RegionC,353.266,51.73399999999998
1829,RegionD,350.11,369.89
1829,RegionE,436.033333,123.96666699999997
1829,RegionF,381.73,158.26999999999998
1830,RegionA,394.626667,25.373333000000002
1830,RegionB,368.962667,41.03733299999999
1830,RegionC,363.42,41.579999999999984
1830,RegionD,398.002,321.998
1830,RegionE,432.56,127.44
1830,RegionF,372.717333,167.282667
1831,RegionA,378.006667,41.99333300000001
1831,RegionB,370.408,39.591999999999985
1831,RegionC,380.556333,24.443667000000005
1831,RegionD,365.669667,354.330333
1831,RegionE,426.268,133.73200000000003
1831,RegionF,363.426,176.574
1832,RegionA,326.397667,93.60233299999999
1832,RegionB,370.661333,39.33866699999999
1832,RegionC,385.076,19.923999999999978
1832,RegionD,289.836667,430.163333
1832,RegionE,404.444667,155.55533300000002
1832,RegionF,351.945667,188.05433299999999
1833,RegionA,339.562667,80.43733300000002
1833,RegionB,367.689333,42.310667000000024
1833,RegionC,383.34,21.660000000000025
1833,RegionD,334.782667,385.217333
1833,RegionE,387.029333,172.970667
1833,RegionF,327.338,212.66199999999998
1834,RegionA,331.646667,88.35333300000002
1834,RegionB,377.330667,32.669332999999995
1834,RegionC,380.833,24.166999999999973
1834,RegionD,316.957333,403.042667
1834,RegionE,309.72,250.27999999999997
1834,RegionF,358.127333,181.87266699999998
1835,RegionA,302.165,117.83499999999998
1835,RegionB,378.183,31.817000000000007
1835,RegionC,379.929333,25.070667000000014
1835,RegionD,298.562333,421.437667
1835,RegionE,269.461667,290.538333
1835,RegionF,315.005,224.995
1836,RegionA,285.333667,134.666333
1836,RegionB,330.566,79.43400000000003
1836,RegionC,319.795667,85.20433300000002
1836,RegionD,284.16,435.84
1836,RegionE,304.775,255.22500000000002
1836,RegionF,321.221667,218.77833299999998
1837,RegionA,273.819333,146.18066700000003
1837,RegionB,313.838,96.16199999999998
1837,RegionC,322.422667,82.57733300000001
1837,RegionD,277.937667,442.062333
1837,RegionE,288.787,271.213
1837,RegionF,243.668,296.332
1838,RegionA,277.840333,142.159667
1838,RegionB,288.139,121.86099999999999
1838,RegionC,276.103,128.897
1838,RegionD,235.079667,484.920333
1838,RegionE,255.353,304.647
1838,RegionF,186.506333,353.49366699999996
1839,RegionA,270.739333,149.260667
1839,RegionB,255.373333,154.626667
1839,RegionC,250.786667,154.213333
1839,RegionD,196.076667,523.923333
1839,RegionE,248.105,311.895
1839,RegionF,159.393,380.60699999999997
1840,RegionA,235.882667,184.117333
1840,RegionB,229.560667,180.439333
1840,RegionC,220.168333,184.831667
1840,RegionD,229.295667,490.704333
1840,RegionE,213.321333,346.678667
1840,RegionF,111.25,428.75
1841,RegionA,206.278667,213.721333
1841,RegionB,217.878333,192.121667
1841,RegionC,201.134,203.866
1841,RegionD,185.641333,534.358667
1841,RegionE,166.39,393.61
1841,RegionF,68.87,471.13
1842,RegionA,221.328333,198.671667
1842,RegionB,236.925333,173.074667
1842,RegionC,210.318,194.682
1842,RegionD,165.881667,554.118333
1842,RegionE,150.481333,409.518667
1842,RegionF,98.134,441.866
1843,RegionA,203.514667,216.485333
1843,RegionB,238.815333,171.184667
1843,RegionC,203.167,201.833
1843,RegionD,204.063667,515.936333
1843,RegionE,171.090667,388.909333
1843,RegionF,152.444,387.55600000000004
1844,RegionA,234.581333,185.418667
1844,RegionB,240.018,169.982
1844,RegionC,235.2,169.8
1844,RegionD,148.053667,571.946333
1844,RegionE,205.761333,354.23866699999996
1844,RegionF,180.174667,359.825333
1845,RegionA,259.180333,160.81966699999998
1845,RegionB,269.716667,140.28333300000003
1845,RegionC,255.377,149.623
1845,RegionD,94.345333,625.654667
1845,RegionE,173.494,386.506
1845,RegionF,202.525,337.475
1846,RegionA,278.451333,141.54866700000002
1846,RegionB,300.471333,109.52866699999998
1846,RegionC,287.1,117.89999999999998
1846,RegionD,109.756667,610.243333
1846,RegionE,213.018667,346.981333
1846,RegionF,221.908,318.092
1847,RegionA,315.102667,104.897333
1847,RegionB,301.195,108.805
1847,RegionC,289.616,115.38400000000001
1847,RegionD,145.674,574.326
1847,RegionE,240.892667,319.10733300000004
1847,RegionF,252.775333,287.224667
1848,RegionA,309.968667,110.03133300000002
1848,RegionB,350.23,59.76999999999998
1848,RegionC,345.286667,59.71333299999998
1848,RegionD,269.552667,450.447333
1848,RegionE,262.017333,297.982667
1848,RegionF,236.508333,303.491667
1849,RegionA,346.806667,73.193333
1849,RegionB,339.12,70.88
1849,RegionC,352.93,52.06999999999999
1849,RegionD,242.028667,477.97133299999996
1849,RegionE,320.473333,239.52666699999997
1849,RegionF,302.047333,237.95266700000002
1850,RegionA,348.756,71.24400000000003
1850,RegionB,360.608667,49.391332999999975
1850,RegionC,379.526667,25.473333000000025
1850,RegionD,322.843667,397.156333
1850,RegionE,321.870667,238.12933299999997
1850,RegionF,333.745,206.255
1851,RegionA,349.534,70.46600000000001
1851,RegionB,361.841333,48.15866699999998
1851,RegionC,369.902667,35.09733299999999
1851,RegionD,354.387333,365.612667
1851,RegionE,367.72,192.27999999999997
1851,RegionF,339.964333,200.035667
1852,RegionA,369.973333,50.026666999999975
1852,RegionB,359.4,50.60000000000002
1852,RegionC,360.628,44.372000000000014
1852,RegionD,412.762,307.238
1852,RegionE,403.936,156.06400000000002
1852,RegionF,345.803667,194.19633299999998
1853,RegionA,384.732667,35.26733300000001
1853,RegionB,366.683,43.31700000000001
1853,RegionC,377.325333,27.674667
1853,RegionD,399.418667,320.581333
1853,RegionE,406.858667,153.14133299999997
1853,RegionF,379.684333,160.31566700000002
1854,RegionA,390.820667,29.179332999999986
1854,RegionB,374.411,35.589
1854,RegionC,356.482,48.51799999999997
1854,RegionD,421.716333,298.283667
1854,RegionE,435.25,124.75
1854,RegionF,407.734,132.26600000000002
1855,RegionA,391.768,28.232000000000028
1855,RegionB,388.760667,21.239332999999988
1855,RegionC,341.382,63.617999999999995
1855,RegionD,410.379,309.621
1855,RegionE,405.43,154.57
1855,RegionF,385.002667,154.99733300000003
1856,RegionA,367.670667,52.32933300000002
1856,RegionB,387.14,22.860000000000014
1856,RegionC,364.240667,40.75933300000003
1856,RegionD,429.03,290.97
1856,RegionE,410.014667,149.98533300000003
1856,RegionF,332.326667,207.673333
1857,RegionA,369.865333,50.13466699999998
1857,RegionB,386.544,23.456000000000017
1857,RegionC,363.323667,41.676333
1857,RegionD,360.514333,359.485667
1857,RegionE,411.561333,148.438667
1857,RegionF,303.957333,236.042667
1858,RegionA,363.648667,56.35133300000001
1858,RegionB,386.766667,23.233333000000016
1858,RegionC,377.390667,27.609332999999992
1858,RegionD,352.836667,367.163333
1858,RegionE,390.288,169.712
1858,RegionF,305.072667,234.92733299999998
1859,RegionA,338.627333,81.37266699999998
1859,RegionB,367.655,42.34500000000003
1859,RegionC,349.606,55.394000000000005
1859,RegionD,305.554,414.446
1859,RegionE,356.382,203.618
1859,RegionF,254.59,285.40999999999997
1860,RegionA,358.735333,61.264666999999974
1860,RegionB,311.503333,98.496667
1860,RegionC,339.525333,65.47466700000001
1860,RegionD,273.326667,446.673333
1860,RegionE,322.299,237.70100000000002
1860,RegionF,229.654667,310.345333
1861,RegionA,302.792333,117.20766700000001
1861,RegionB,321.0,89.0
1861,RegionC,303.187,101.81299999999999
1861,RegionD,235.446667,484.553333
1861,RegionE,303.126333,256.873667
1861,RegionF,224.082,315.918
1862,RegionA,297.662667,122.337333
1862,RegionB,306.634333,103.36566699999997
1862,RegionC,310.766667,94.23333300000002
1862,RegionD,225.554333,494.44566699999996
1862,RegionE,270.02,289.98
1862,RegionF,253.238,286.762
1863,RegionA,260.694,159.30599999999998
1863,RegionB,288.388667,121.611333
1863,RegionC,250.914333,154.085667
1863,RegionD,222.449,497.551
1863,RegionE,215.098,344.902
1863,RegionF,191.162667,348.837333
1864,RegionA,239.336,180.664
1864,RegionB,253.952667,156.047333
1864,RegionC,210.308,194.692
1864,RegionD,195.230667,524.769333
1864,RegionE,198.065,361.935
1864,RegionF,190.971667,349.028333
1865,RegionA,228.836,191.164
1865,RegionB,218.18,191.82
1865,RegionC,237.196,167.804
1865,RegionD,187.096333,532.903667
1865,RegionE,191.251667,368.748333
1865,RegionF,153.934667,386.065333
1866,RegionA,226.461333,193.538667
1866,RegionB,205.858,204.142
1866,RegionC,230.120333,174.879667
1866,RegionD,156.43,563.5699999999999
1866,RegionE,213.277,346.723
1866,RegionF,196.482,343.51800000000003
1867,RegionA,203.988667,216.011333
1867,RegionB,195.628667,214.371333
1867,RegionC,234.906667,170.093333
1867,RegionD,150.123333,569.876667
1867,RegionE,143.54,416.46000000000004
1867,RegionF,223.135,316.865
1868,RegionA,204.789,215.211
1868,RegionB,220.223667,189.776333
1868,RegionC,231.107333,173.892667
1868,RegionD,152.173,567.827
1868,RegionE,147.840667,412.159333
1868,RegionF,188.749667,351.250333
1869,RegionA,207.952,212.048
1869,RegionB,250.336,159.664
1869,RegionC,264.7,140.3
1869,RegionD,162.557,557.443
1869,RegionE,162.488,397.512
1869,RegionF,209.822667,330.177333
1870,RegionA,224.209333,195.790667
1870,RegionB,257.236667,152.763333
1870,RegionC,281.394,123.606
1870,RegionD,173.257333,546.742667
1870,RegionE,177.848667,382.151333
1870,RegionF,221.856333,318.143667
1871,RegionA,289.119,130.88099999999997
1871,RegionB,302.471,107.529
1871,RegionC,321.908,83.09199999999998
1871,RegionD,258.031,461.969
1871,RegionE,215.777333,344.222667
1871,RegionF,272.527667,267.472333
1872,RegionA,312.885333,107.114667
1872,RegionB,308.846333,101.15366699999998
1872,RegionC,311.178,93.822
1872,RegionD,329.687333,390.312667
1872,RegionE,262.412,297.588
1872,RegionF,312.506333,227.49366700000002
1873,RegionA,384.1,35.89999999999998
1873,RegionB,341.165333,68.83466700000002
1873,RegionC,371.273333,33.72666700000002
1873,RegionD,338.939667,381.060333
1873,RegionE,286.203333,273.796667
1873,RegionF,303.526,236.474
1874,RegionA,352.726333,67.27366699999999
1874,RegionB,367.016667,42.983333000000016
1874,RegionC,371.252,33.74799999999999
1874,RegionD,364.015333,355.984667
1874,RegionE,305.702667,254.29733299999998
1874,RegionF,315.086,224.914
1875,RegionA,388.566,31.434000000000026
1875,RegionB,367.605333,42.39466700000003
1875,RegionC,363.995,41.004999999999995
1875,RegionD,334.157333,385.842667
1875,RegionE,320.291667,239.70833299999998
1875,RegionF,348.818,191.18200000000002
1876,RegionA,392.370667,27.629332999999974
1876,RegionB,370.550667,39.449333000000024
1876,RegionC,361.150667,43.849333
1876,RegionD,357.529333,362.470667
1876,RegionE,333.446667,226.553333
1876,RegionF,375.397,164.603
1877,RegionA,394.911333,25.088666999999987
1877,RegionB,386.297667,23.70233300000001
1877,RegionC,365.508,39.49200000000002
1877,RegionD,386.588667,333.411333
1877,RegionE,330.350667,229.649333
1877,RegionF,402.451667,137.548333
1878,RegionA,398.345333,21.654667000000018
1878,RegionB,387.54,22.45999999999998
1878,RegionC,376.900667,28.099333
1878,RegionD,331.672667,388.327333
1878,RegionE,363.215333,196.784667
1878,RegionF,436.214,103.786
1879,RegionA,395.325333,24.674667
1879,RegionB,375.89,34.110000000000014
1879,RegionC,371.172,33.827999999999975
1879,RegionD,328.800667,391.199333
1879,RegionE,400.542667,159.457333
1879,RegionF,447.411333,92.58866699999999
1880,RegionA,387.121,32.87900000000002
1880,RegionB,352.802667,57.197333000000015
1880,RegionC,370.82,34.18000000000001
1880,RegionD,327.390667,392.609333
1880,RegionE,428.214667,131.78533299999998
1880,RegionF,401.006667,138.993333
1881,RegionA,387.346667,32.653332999999975
1881,RegionB,360.992667,49.00733300000002
1881,RegionC,372.247667,32.75233300000002
1881,RegionD,371.905333,348.094667
1881,RegionE,406.386667,153.613333
1881,RegionF,420.471333,119.52866699999998
1882,RegionA,376.116,43.884000000000015
1882,RegionB,363.286667,46.71333299999998
1882,RegionC,368.638667,36.361333
1882,RegionD,350.065333,369.934667
1882,RegionE,354.55,205.45
1882,RegionF,318.022,221.978
1883,RegionA,334.071667,85.92833300000001
1883,RegionB,363.266667,46.733333000000016
1883,RegionC,373.172333,31.82766700000002
1883,RegionD,287.349,432.651
1883,RegionE,328.403333,231.59666700000002
1883,RegionF,279.692,260.308
1884,RegionA,265.222,154.77800000000002
1884,RegionB,310.84,99.16000000000003
1884,RegionC,348.604667,56.395332999999994
1884,RegionD,284.35,435.65
1884,RegionE,300.358,259.642
1884,RegionF,249.677667,290.32233299999996
1885,RegionA,276.982,143.01799999999997
1885,RegionB,305.846,104.154
1885,RegionC,320.500333,84.49966699999999
1885,RegionD,242.851,477.149
1885,RegionE,260.41,299.59
1885,RegionF,271.964667,268.035333
1886,RegionA,262.379667,157.62033300000002
1886,RegionB,300.872333,109.12766699999997
1886,RegionC,297.331333,107.66866700000003
1886,RegionD,253.069,466.93100000000004
1886,RegionE,244.996333,315.003667
1886,RegionF,276.807,263.193
1887,RegionA,234.33,185.67
1887,RegionB,260.024667,149.97533299999998
1887,RegionC,278.277,126.72300000000001
1887,RegionD,210.036333,509.963667
1887,RegionE,214.001,345.999
1887,RegionF,250.510667,289.489333
1888,RegionA,221.430667,198.569333
1888,RegionB,241.490667,168.509333
1888,RegionC,244.847667,160.152333
1888,RegionD,157.085,562.915
1888,RegionE,154.554,405.446
1888,RegionF,238.440667,301.55933300000004
1889,RegionA,234.036667,185.963333
1889,RegionB,208.756667,201.243333
1889,RegionC,236.048,168.952
1889,RegionD,121.664667,598.335333
1889,RegionE,148.53,411.47
1889,RegionF,202.38,337.62
1890,RegionA,229.1,190.9
1890,RegionB,220.163333,189.836667
1890,RegionC,193.857333,211.142667
1890,RegionD,130.301667,589.698333
1890,RegionE,185.682,374.318
1890,RegionF,185.493333,354.506667
1891,RegionA,230.929333,189.070667
1891,RegionB,210.472667,199.527333
1891,RegionC,182.097333,222.902667
1891,RegionD,192.870667,527.129333
1891,RegionE,118.546667,441.453333
1891,RegionF,175.6,364.4
1892,RegionA,187.616,232.384
1892,RegionB,251.648667,158.351333
1892,RegionC,240.940667,164.059333
1892,RegionD,204.056,515.944
1892,RegionE,149.019333,410.98066700000004
1892,RegionF,199.559333,340.44066699999996
1893,RegionA,253.234667,166.765333
1893,RegionB,246.68,163.32
1893,RegionC,250.32,154.68
1893,RegionD,213.787333,506.212667
1893,RegionE,152.286667,407.71333300000003
1893,RegionF,185.726333,354.273667
1894,RegionA,256.141667,163.85833300000002
1894,RegionB,287.811,122.18900000000002
1894,RegionC,297.037333,107.96266700000001
1894,RegionD,225.98,494.02
1894,RegionE,165.891667,394.108333
1894,RegionF,236.458,303.54200000000003
1895,RegionA,316.776667,103.22333300000003
1895,RegionB,308.196,101.80399999999997
1895,RegionC,283.284667,121.71533299999999
1895,RegionD,279.498,440.502
1895,RegionE,271.118333,288.881667
1895,RegionF,252.285333,287.71466699999996
1896,RegionA,339.424,80.57600000000002
1896,RegionB,321.953333,88.04666700000001
1896,RegionC,317.031333,87.96866699999998
1896,RegionD,291.911667,428.088333
1896,RegionE,245.628667,314.371333
1896,RegionF,321.928,218.072
1897,RegionA,358.005,61.995000000000005
1897,RegionB,314.813333,95.186667
1897,RegionC,363.470667,41.52933300000001
1897,RegionD,295.750667,424.249333
1897,RegionE,292.137333,267.862667
1897,RegionF,341.445667,198.55433299999999
1898,RegionA,396.386667,23.61333300000001
1898,RegionB,361.41,48.589999999999975
1898,RegionC,381.088667,23.911333000000013
1898,RegionD,312.023333,407.976667
1898,RegionE,335.699667,224.30033300000002
1898,RegionF,361.802333,178.19766700000002
1899,RegionA,396.4,23.600000000000023
1899,RegionB,366.925333,43.07466699999998
1899,RegionC,383.341333,21.65866699999998
1899,RegionD,356.518667,363.481333
1899,RegionE,346.756667,213.243333
1899,RegionF,411.49,128.51
1900,RegionA,395.081333,24.918667000000028
1900,RegionB,365.56,44.44
1900,RegionC,382.4,22.600000000000023
1900,RegionD,315.031333,404.968667
1900,RegionE,427.136,132.86399999999998
1900,RegionF,403.018667,136.981333
1901,RegionA,395.584667,24.415332999999976
1901,RegionB,375.381667,34.61833300000001
1901,RegionC,380.571333,24.42866700000002
1901,RegionD,357.441333,362.558667
1901,RegionE,400.856667,159.14333299999998
1901,RegionF,404.635333,135.364667
1902,RegionA,397.819333,22.180667000000028
1902,RegionB,381.74,28.25999999999999
1902,RegionC,367.558667,37.441332999999986
1902,RegionD,407.986667,312.013333
1902,RegionE,405.63,154.37
1902,RegionF,404.961667,135.03833300000002
1903,RegionA,382.86,37.139999999999986
1903,RegionB,383.836667,26.163333000000023
1903,RegionC,358.150333,46.84966700000001
1903,RegionD,392.648333,327.351667
1903,RegionE,391.162667,168.837333
1903,RegionF,404.661333,135.338667
1904,RegionA,386.353667,33.64633300000003
1904,RegionB,382.129333,27.870667000000026
1904,RegionC,366.149333,38.85066699999999
1904,RegionD,386.06,333.94
1904,RegionE,389.374667,170.625333
1904,RegionF,417.306,122.69400000000002
1905,RegionA,387.02,32.98000000000002
1905,RegionB,387.496,22.50400000000002
1905,RegionC,365.871,39.12900000000002
1905,RegionD,353.712,366.288
1905,RegionE,403.813333,156.186667
1905,RegionF,399.607333,140.39266700000002
1906,RegionA,383.141333,36.858667000000025
1906,RegionB,388.12,21.879999999999995
1906,RegionC,371.938,33.06200000000001
1906,RegionD,349.362667,370.637333
1906,RegionE,410.526,149.474
1906,RegionF,346.138333,193.861667
1907,RegionA,389.968,30.031999999999982
1907,RegionB,341.943333,68.056667
1907,RegionC,349.184667,55.81533300000001
1907,RegionD,331.555333,388.444667
1907,RegionE,343.47,216.52999999999997
1907,RegionF,329.746667,210.253333
1908,RegionA,342.802667,77.19733300000001
1908,RegionB,314.965,95.03500000000003
1908,RegionC,327.141333,77.85866700000003
1908,RegionD,312.801333,407.198667
1908,RegionE,298.189333,261.810667
1908,RegionF,265.18,274.82
1909,RegionA,313.081333,106.91866700000003
1909,RegionB,278.279667,131.72033299999998
1909,RegionC,315.784667,89.21533299999999
1909,RegionD,274.874,445.126
1909,RegionE,269.24,290.76
1909,RegionF,287.605,252.39499999999998
1910,RegionA,266.686,153.31400000000002
1910,RegionB,286.851667,123.14833299999998
1910,RegionC,286.227333,118.77266700000001
1910,RegionD,235.447333,484.55266700000004
1910,RegionE,255.986,304.014
1910,RegionF,259.880333,280.119667
1911,RegionA,241.448,178.552
1911,RegionB,258.730333,151.26966700000003
1911,RegionC,244.064,160.936
1911,RegionD,222.846333,497.15366700000004
1911,RegionE,200.25,359.75
1911,RegionF,220.766667,319.233333
1912,RegionA,206.868667,213.131333
1912,RegionB,228.117,181.883
1912,RegionC,220.696667,184.303333
1912,RegionD,217.539,502.461
1912,RegionE,182.34,377.65999999999997
1912,RegionF,181.324333,358.675667
1913,RegionA,217.768,202.232
1913,RegionB,211.675333,198.324667
1913,RegionC,150.666333,254.333667
1913,RegionD,179.018,540.982
1913,RegionE,172.501333,387.498667
1913,RegionF,187.973333,352.026667
1914,RegionA,223.206667,196.793333
1914,RegionB,205.326,204.674
1914,RegionC,171.952667,233.047333
1914,RegionD,159.351667,560.648333
1914,RegionE,158.635,401.365
1914,RegionF,159.35,380.65
1915,RegionA,246.335,173.665
1915,RegionB,198.525333,211.474667
1915,RegionC,158.949333,246.050667
1915,RegionD,167.24,552.76
1915,RegionE,167.153333,392.846667
1915,RegionF,149.358667,390.64133300000003
1916,RegionA,228.282333,191.717667
1916,RegionB,205.605,204.395
1916,RegionC,200.549333,204.450667
1916,RegionD,194.818,525.182
1916,RegionE,179.54,380.46000000000004
1916,RegionF,189.553333,350.446667
1917,RegionA,259.058,160.942
1917,RegionB,234.888333,175.111667
1917,RegionC,230.414667,174.585333
1917,RegionD,224.301,495.699
1917,RegionE,181.650667,378.349333
1917,RegionF,220.202667,319.797333
1918,RegionA,286.468,133.53199999999998
1918,RegionB,276.894333,133.10566699999998
1918,RegionC,272.202667,132.79733299999998
1918,RegionD,210.13,509.87
1918,RegionE,205.606,354.394
1918,RegionF,254.332,285.668
1919,RegionA,267.184,152.81599999999997
1919,RegionB,271.764667,138.23533300000003
1919,RegionC,308.570667,96.42933299999999
1919,RegionD,204.934,515.066
1919,RegionE,207.780333,352.21966699999996
1919,RegionF,280.063333,259.936667
1920,RegionA,332.516667,87.48333300000002
1920,RegionB,313.431,96.56900000000002
1920,RegionC,361.052,43.94799999999998
1920,RegionD,226.064,493.93600000000004
1920,RegionE,254.434333,305.56566699999996
1920,RegionF,349.66,190.33999999999997
1921,RegionA,348.961333,71.03866699999998
1921,RegionB,360.596667,49.403332999999975
1921,RegionC,383.290667,21.709333000000015
1921,RegionD,257.271333,462.728667
1921,RegionE,265.279667,294.720333
1921,RegionF,358.49,181.51
1922,RegionA,372.978333,47.02166699999998
1922,RegionB,356.746667,53.253333
1922,RegionC,377.194333,27.805667000000028
1922,RegionD,281.099,438.901
1922,RegionE,300.717333,259.282667
1922,RegionF,380.613333,159.386667
1923,RegionA,372.260333,47.739667
1923,RegionB,360.913333,49.08666699999998
1923,RegionC,373.501333,31.49866700000001
1923,RegionD,326.073333,393.926667
1923,RegionE,330.508667,229.491333
1923,RegionF,357.1,182.89999999999998
1924,RegionA,377.144333,42.85566699999998
1924,RegionB,362.196,47.803999999999974
1924,RegionC,368.750667,36.24933299999998
1924,RegionD,322.53,397.47
1924,RegionE,386.058,173.942
1924,RegionF,379.883,160.11700000000002
1925,RegionA,340.875333,79.12466699999999
1925,RegionB,358.395667,51.604333
1925,RegionC,371.991333,33.008667
1925,RegionD,369.793333,350.206667
1925,RegionE,379.432667,180.56733300000002
1925,RegionF,423.591333,116.40866699999998
1926,RegionA,375.5,44.5
1926,RegionB,372.182,37.817999999999984
1926,RegionC,341.937333,63.062666999999976
1926,RegionD,314.69,405.31
1926,RegionE,398.192,161.808
1926,RegionF,416.484,123.51600000000002
1927,RegionA,380.334,39.666
1927,RegionB,378.36,31.639999999999986
1927,RegionC,349.704,55.29599999999999
1927,RegionD,288.798667,431.201333
1927,RegionE,418.235,141.765
1927,RegionF,402.862667,137.137333
1928,RegionA,393.078667,26.921333000000004
1928,RegionB,359.918667,50.08133299999997
1928,RegionC,331.536667,73.46333299999998
1928,RegionD,312.865333,407.134667
1928,RegionE,471.153333,88.84666700000002
1928,RegionF,365.427333,174.57266700000002
1929,RegionA,392.203333,27.796667000000014
1929,RegionB,361.261333,48.73866700000002
1929,RegionC,313.6,91.39999999999998
1929,RegionD,330.597,389.403
1929,RegionE,376.876667,183.123333
1929,RegionF,355.836,184.164
1930,RegionA,387.542667,32.457333000000006
1930,RegionB,376.556,33.44400000000002
1930,RegionC,298.56,106.44
1930,RegionD,299.098667,420.901333
1930,RegionE,391.389333,168.61066699999998
1930,RegionF,331.705333,208.294667
1931,RegionA,368.395333,51.604667000000006
1931,RegionB,360.762,49.238
1931,RegionC,283.931333,121.068667
1931,RegionD,277.824333,442.175667
1931,RegionE,349.26,210.74
1931,RegionF,297.116667,242.883333
1932,RegionA,338.509333,81.49066699999997
1932,RegionB,358.957333,51.042666999999994
1932,RegionC,287.024,117.976
1932,RegionD,225.174333,494.825667
1932,RegionE,308.337333,251.662667
1932,RegionF,295.013333,244.986667
1933,RegionA,325.136667,94.86333300000001
1933,RegionB,330.927333,79.07266700000002
1933,RegionC,307.318667,97.681333
1933,RegionD,201.707333,518.2926669999999
1933,RegionE,301.459,258.541
1933,RegionF,304.932667,235.06733300000002
1934,RegionA,303.092667,116.907333
1934,RegionB,305.778333,104.22166700000002
1934,RegionC,289.556,115.44400000000002
1934,RegionD,210.133667,509.866333
1934,RegionE,216.931667,343.068333
1934,RegionF,234.451,305.549
1935,RegionA,254.028,165.972
1935,RegionB,271.568333,138.431667
1935,RegionC,272.492667,132.50733300000002
1935,RegionD,174.676667,545.323333
1935,RegionE,161.311,398.68899999999996
1935,RegionF,190.281,349.719
1936,RegionA,233.555667,186.444333
1936,RegionB,246.157333,163.842667
1936,RegionC,254.185333,150.814667
1936,RegionD,160.718,559.282
1936,RegionE,158.356667,401.643333
1936,RegionF,153.082,386.918
1937,RegionA,267.471333,152.52866699999998
1937,RegionB,226.975667,183.024333
1937,RegionC,247.271667,157.728333
1937,RegionD,103.637333,616.362667
1937,RegionE,145.928,414.072
1937,RegionF,149.206667,390.79333299999996
1938,RegionA,197.991,222.009
1938,RegionB,226.194,183.806
1938,RegionC,189.31,215.69
1938,RegionD,114.926,605.074
1938,RegionE,118.303333,441.696667
1938,RegionF,127.835333,412.164667
1939,RegionA,221.899333,198.100667
1939,RegionB,194.131333,215.868667
1939,RegionC,198.652,206.348
1939,RegionD,166.736,553.264
1939,RegionE,142.757,417.243
1939,RegionF,136.393667,403.606333
1940,RegionA,234.515667,185.484333
1940,RegionB,217.738667,192.261333
1940,RegionC,219.866,185.134
1940,RegionD,136.726,583.274
1940,RegionE,187.561333,372.438667
1940,RegionF,203.476,336.524
1941,RegionA,257.000667,162.99933299999998
1941,RegionB,227.326,182.674
1941,RegionC,216.816667,188.183333
1941,RegionD,199.244667,520.7553330000001
1941,RegionE,193.654667,366.345333
1941,RegionF,192.363333,347.636667
1942,RegionA,300.37,119.63
1942,RegionB,270.0,140.0
1942,RegionC,257.292667,147.707333
1942,RegionD,205.146333,514.853667
1942,RegionE,221.293667,338.706333
1942,RegionF,241.939333,298.06066699999997
1943,RegionA,297.766,122.23399999999998
1943,RegionB,291.682,118.31799999999998
1943,RegionC,267.157667,137.842333
1943,RegionD,205.513,514.487
1943,RegionE,213.660333,346.33966699999996
1943,RegionF,268.548,271.452
1944,RegionA,347.468,72.53199999999998
1944,RegionB,313.914667,96.08533299999999
1944,RegionC,313.557333,91.44266699999997
1944,RegionD,244.014,475.986
1944,RegionE,221.969333,338.030667
1944,RegionF,327.166,212.834
1945,RegionA,362.387667,57.61233299999998
1945,RegionB,335.619,74.38099999999997
1945,RegionC,337.794667,67.205333
1945,RegionD,304.724333,415.275667
1945,RegionE,212.270667,347.729333
1945,RegionF,344.052,195.94799999999998
1946,RegionA,397.117667,22.882333000000017
1946,RegionB,377.908,32.091999999999985
1946,RegionC,343.848,61.15199999999999
1946,RegionD,336.102333,383.897667
1946,RegionE,283.462,276.538
1946,RegionF,356.083333,183.91666700000002
1947,RegionA,396.935667,23.064332999999976
1947,RegionB,379.222667,30.777333
1947,RegionC,359.647333,45.352667
1947,RegionD,381.614333,338.385667
1947,RegionE,358.090333,201.909667
1947,RegionF,399.5,140.5
1948,RegionA,398.921333,21.078666999999996
1948,RegionB,379.842667,30.157332999999994
1948,RegionC,377.502,27.49799999999999
1948,RegionD,362.835667,357.164333
1948,RegionE,341.464,218.536
1948,RegionF,357.022,182.978
1949,RegionA,389.457333,30.542666999999994
1949,RegionB,387.476333,22.52366699999999
1949,RegionC,379.821667,25.17833300000001
1949,RegionD,418.72,301.28
1949,RegionE,353.818667,206.181333
1949,RegionF,372.43,167.57
1950,RegionA,390.398333,29.60166700000002
1950,RegionB,383.774667,26.225332999999978
1950,RegionC,378.499333,26.50066700000002
1950,RegionD,381.98,338.02
1950,RegionE,398.16,161.83999999999997
1950,RegionF,397.812667,142.18733300000002
1951,RegionA,383.992,36.00799999999998
1951,RegionB,384.558333,25.441666999999995
1951,RegionC,378.330667,26.669332999999995
1951,RegionD,350.942333,369.057667
1951,RegionE,374.076667,185.923333
1951,RegionF,392.838667,147.161333
1952,RegionA,394.262667,25.73733299999998
1952,RegionB,378.740667,31.259333000000026
1952,RegionC,377.085667,27.914333
1952,RegionD,369.491667,350.508333
1952,RegionE,350.104,209.89600000000002
1952,RegionF,381.018667,158.981333
1953,RegionA,385.338667,34.66133300000001
1953,RegionB,379.496,30.50400000000002
1953,RegionC,379.898667,25.10133300000001
1953,RegionD,337.745,382.255
1953,RegionE,325.360333,234.63966699999997
1953,RegionF,374.916,165.084
1954,RegionA,372.784,47.21600000000001
1954,RegionB,382.073667,27.926333
1954,RegionC,380.876,24.124000000000024
1954,RegionD,263.068333,456.931667
1954,RegionE,324.008,235.99200000000002
1954,RegionF,345.421333,194.578667
1955,RegionA,360.214333,59.78566699999999
1955,RegionB,345.941333,64.05866700000001
1955,RegionC,378.534667,26.465332999999987
1955,RegionD,245.173333,474.826667
1955,RegionE,330.359667,229.640333
1955,RegionF,311.999333,228.00066700000002
1956,RegionA,337.907333,82.092667
1956,RegionB,342.764667,67.23533300000003
1956,RegionC,349.408,55.591999999999985
1956,RegionD,193.890667,526.109333
1956,RegionE,281.43,278.57
1956,RegionF,302.579333,237.42066699999998
1957,RegionA,308.178333,111.82166699999999
1957,RegionB,320.813,89.18700000000001
1957,RegionC,324.947333,80.05266699999999
1957,RegionD,197.267,522.733
1957,RegionE,274.449333,285.550667
1957,RegionF,295.449333,244.55066699999998
1958,RegionA,285.433333,134.566667
1958,RegionB,274.548333,135.451667
1958,RegionC,302.423667,102.57633299999998
1958,RegionD,197.298667,522.701333
1958,RegionE,278.232,281.768
1958,RegionF,276.784,263.216
1959,RegionA,270.974,149.026
1959,RegionB,242.953667,167.046333
1959,RegionC,273.348667,131.65133300000002
1959,RegionD,191.849,528.1510000000001
1959,RegionE,201.794333,358.205667
1959,RegionF,252.067333,287.93266700000004
1960,RegionA,246.953667,173.046333
1960,RegionB,201.916667,208.083333
1960,RegionC,222.429,182.571
1960,RegionD,146.730667,573.269333
1960,RegionE,194.422,365.578
1960,RegionF,212.318333,327.681667
1961,RegionA,208.288,211.712
1961,RegionB,162.976,247.024
1961,RegionC,196.305667,208.694333
1961,RegionD,79.671333,640.328667
1961,RegionE,174.562667,385.43733299999997
1961,RegionF,201.146667,338.853333
1962,RegionA,212.910667,207.089333
1962,RegionB,208.952,201.048
1962,RegionC,230.613333,174.386667
1962,RegionD,106.530333,613.469667
1962,RegionE,158.82,401.18
1962,RegionF,171.276,368.724
1963,RegionA,231.330667,188.669333
1963,RegionB,221.262667,188.737333
1963,RegionC,215.017333,189.982667
1963,RegionD,86.045333,633.954667
1963,RegionE,154.74,405.26
1963,RegionF,162.663333,377.33666700000003
1964,RegionA,247.16,172.84
1964,RegionB,236.569333,173.430667
1964,RegionC,248.06,156.94
1964,RegionD,63.401333,656.598667
1964,RegionE,111.562667,448.43733299999997
1964,RegionF,197.521667,342.478333
1965,RegionA,261.959333,158.04066699999998
1965,RegionB,258.443,151.55700000000002
1965,RegionC,241.970667,163.029333
1965,RegionD,110.512333,609.487667
1965,RegionE,147.470667,412.529333
1965,RegionF,212.848,327.152
1966,RegionA,291.962667,128.037333
1966,RegionB,254.003333,155.996667
1966,RegionC,246.02,158.98
1966,RegionD,180.314333,539.685667
1966,RegionE,198.903333,361.096667
1966,RegionF,248.624,291.376
1967,RegionA,343.796333,76.203667
1967,RegionB,279.206,130.79399999999998
1967,RegionC,330.988333,74.01166699999999
1967,RegionD,200.227,519.773
1967,RegionE,250.621333,309.378667
1967,RegionF,277.07,262.93
1968,RegionA,334.759667,85.24033300000002
1968,RegionB,343.711333,66.28866699999998
1968,RegionC,330.001,74.99900000000002
1968,RegionD,221.14,498.86
1968,RegionE,261.16,298.84
1968,RegionF,283.867333,256.132667
1969,RegionA,343.9,76.10000000000002
1969,RegionB,354.293333,55.70666699999998
1969,RegionC,364.525,40.47500000000002
1969,RegionD,236.215333,483.784667
1969,RegionE,271.189333,288.810667
1969,RegionF,316.068333,223.931667
1970,RegionA,330.553333,89.44666699999999
1970,RegionB,369.093333,40.90666700000003
1970,RegionC,370.465333,34.53466700000001
1970,RegionD,290.97,429.03
1970,RegionE,347.904667,212.09533299999998
1970,RegionF,381.55,158.45
1971,RegionA,358.698667,61.301333
1971,RegionB,369.497333,40.502666999999974
1971,RegionC,363.15,41.85000000000002
1971,RegionD,336.301,383.699
1971,RegionE,390.443333,169.556667
1971,RegionF,407.804,132.19600000000003
1972,RegionA,357.25,62.75
1972,RegionB,370.1,39.89999999999998
1972,RegionC,374.733333,30.266666999999984
1972,RegionD,372.652667,347.347333
1972,RegionE,425.220667,134.779333
1972,RegionF,407.11,132.89
1973,RegionA,357.416667,62.58333299999998
1973,RegionB,371.569333,38.43066700000003
1973,RegionC,382.690667,22.30933299999998
1973,RegionD,405.418667,314.581333
1973,RegionE,414.735333,145.26466699999997
1973,RegionF,415.466667,124.53333300000003
1974,RegionA,368.426667,51.57333299999999
1974,RegionB,375.567333,34.43266699999998
1974,RegionC,367.819667,37.18033300000002
1974,RegionD,384.313333,335.686667
1974,RegionE,441.205,118.79500000000002
1974,RegionF,389.723333,150.27666699999997
1975,RegionA,395.86,24.139999999999986
1975,RegionB,388.292,21.708000000000027
1975,RegionC,370.100667,34.89933300000001
1975,RegionD,326.429333,393.570667
1975,RegionE,423.336,136.664
1975,RegionF,377.47,162.52999999999997
1976,RegionA,378.007,41.992999999999995
1976,RegionB,387.98,22.019999999999982
1976,RegionC,366.94,38.06
1976,RegionD,326.644667,393.355333
1976,RegionE,407.152,152.848
1976,RegionF,378.450667,161.549333
1977,RegionA,377.5,42.5
1977,RegionB,386.406667,23.593332999999973
1977,RegionC,378.652333,26.347667
1977,RegionD,351.104,368.896
1977,RegionE,342.061333,217.938667
1977,RegionF,343.100333,196.89966700000002
1978,RegionA,377.647,42.35300000000001
1978,RegionB,388.485333,21.514666999999974
1978,RegionC,354.023333,50.97666700000002
1978,RegionD,294.537667,425.462333
1978,RegionE,287.152,272.848
1978,RegionF,359.136667,180.863333
1979,RegionA,337.731,82.269
1979,RegionB,339.416667,70.58333299999998
1979,RegionC,367.513333,37.48666700000001
1979,RegionD,264.989333,455.010667
1979,RegionE,237.506,322.494
1979,RegionF,290.572667,249.42733299999998
1980,RegionA,312.4,107.60000000000002
1980,RegionB,332.518667,77.481333
1980,RegionC,309.382667,95.61733299999997
1980,RegionD,246.916333,473.083667
1980,RegionE,240.653,319.347
1980,RegionF,274.073,265.927
1981,RegionA,284.857,135.14299999999997
1981,RegionB,308.578333,101.42166700000001
1981,RegionC,295.285333,109.71466700000002
1981,RegionD,208.895667,511.104333
1981,RegionE,269.099667,290.900333
1981,RegionF,234.259,305.741
1982,RegionA,287.904,132.096
1982,RegionB,266.092333,143.907667
1982,RegionC,275.187333,129.81266699999998
1982,RegionD,201.971333,518.028667
1982,RegionE,255.506667,304.493333
1982,RegionF,253.120333,286.87966700000004
1983,RegionA,268.075667,151.924333
1983,RegionB,252.668667,157.331333
1983,RegionC,242.495333,162.504667
1983,RegionD,153.082333,566.9176669999999
1983,RegionE,215.259667,344.74033299999996
1983,RegionF,223.29,316.71000000000004
1984,RegionA,247.078333,172.921667
1984,RegionB,206.562333,203.437667
1984,RegionC,226.731667,178.268333
1984,RegionD,122.825333,597.174667
1984,RegionE,168.681,391.31899999999996
1984,RegionF,212.252,327.748
1985,RegionA,235.189333,184.810667
1985,RegionB,204.15,205.85
1985,RegionC,223.900667,181.099333
1985,RegionD,114.260667,605.739333
1985,RegionE,127.338667,432.661333
1985,RegionF,159.998,380.002
1986,RegionA,247.583333,172.416667
1986,RegionB,182.913,227.087
1986,RegionC,236.926,168.074
1986,RegionD,140.898667,579.1013330000001
1986,RegionE,153.808,406.192
1986,RegionF,203.423333,336.576667
1987,RegionA,191.274667,228.725333
1987,RegionB,228.357333,181.642667
1987,RegionC,226.120333,178.879667
1987,RegionD,106.590667,613.4093330000001
1987,RegionE,159.696,400.304
1987,RegionF,200.91,339.09000000000003
1988,RegionA,226.506,193.494
1988,RegionB,237.410667,172.589333
1988,RegionC,207.299333,197.700667
1988,RegionD,112.610667,607.389333
1988,RegionE,229.287333,330.712667
1988,RegionF,191.6,348.4
1989,RegionA,225.595333,194.404667
1989,RegionB,260.999667,149.000333
1989,RegionC,238.253333,166.746667
1989,RegionD,104.122,615.878
1989,RegionE,225.506,334.494
1989,RegionF,240.6,299.4
1990,RegionA,253.574,166.426
1990,RegionB,291.969333,118.030667
1990,RegionC,237.956667,167.043333
1990,RegionD,121.738,598.262
1990,RegionE,230.903333,329.096667
1990,RegionF,283.981333,256.018667
1991,RegionA,262.726333,157.273667
1991,RegionB,294.65,115.35000000000002
1991,RegionC,284.770667,120.229333
1991,RegionD,115.041333,604.958667
1991,RegionE,285.956,274.044
1991,RegionF,302.884333,237.11566699999997
1992,RegionA,317.959333,102.04066699999998
1992,RegionB,291.214667,118.78533299999998
1992,RegionC,341.947667,63.052332999999976
1992,RegionD,166.859333,553.140667
1992,RegionE,330.849333,229.150667
1992,RegionF,310.978333,229.02166699999998
1993,RegionA,330.353333,89.64666699999998
1993,RegionB,357.986667,52.01333299999999
1993,RegionC,371.066667,33.933333000000005
1993,RegionD,226.479333,493.520667
1993,RegionE,309.96,250.04000000000002
1993,RegionF,334.242667,205.75733300000002
1994,RegionA,348.24,71.75999999999999
1994,RegionB,355.084,54.916
1994,RegionC,377.841667,27.158333000000027
1994,RegionD,307.481,412.519
1994,RegionE,343.529667,216.47033299999998
1994,RegionF,343.05,196.95
1995,RegionA,353.130667,66.86933299999998
1995,RegionB,357.958,52.04199999999997
1995,RegionC,378.533667,26.46633300000002
1995,RegionD,380.705,339.295
1995,RegionE,355.52,204.48000000000002
1995,RegionF,344.943333,195.056667
1996,RegionA,363.417,56.58300000000003
1996,RegionB,364.938333,45.061667
1996,RegionC,376.825333,28.174667
1996,RegionD,422.166,297.834
1996,RegionE,370.496,189.50400000000002
1996,RegionF,365.937667,174.06233300000002
1997,RegionA,390.596667,29.403332999999975
1997,RegionB,384.164,25.836000000000013
1997,RegionC,378.441667,26.558333000000005
1997,RegionD,399.15,320.85
1997,RegionE,410.954,149.046
1997,RegionF,407.655333,132.34466700000002
1998,RegionA,390.348,29.651999999999987
1998,RegionB,388.331333,21.668667000000028
1998,RegionC,364.794667,40.205332999999996
1998,RegionD,397.610667,322.389333
1998,RegionE,426.062,133.938
1998,RegionF,426.013,113.98700000000002
1999,RegionA,392.617333,27.382667000000026
1999,RegionB,390.178,19.822000000000003
1999,RegionC,364.941333,40.058667000000014
1999,RegionD,396.087333,323.912667
1999,RegionE,403.245333,156.75466699999998
1999,RegionF,473.039333,66.960667
2000,RegionA,393.336667,26.663333000000023
2000,RegionB,390.106667,19.893332999999984
2000,RegionC,356.605,48.39499999999998
2000,RegionD,394.730333,325.269667
2000,RegionE,369.224667,190.775333
2000,RegionF,451.21,88.79000000000002
2001,RegionA,385.369333,34.63066700000002
2001,RegionB,385.776,24.22399999999999
2001,RegionC,352.884,52.115999999999985
2001,RegionD,401.66,318.34
2001,RegionE,347.843,212.15699999999998
2001,RegionF,393.67,146.32999999999998
2002,RegionA,384.357667,35.64233300000001
2002,RegionB,386.742667,23.257333000000017
2002,RegionC,358.107,46.89299999999997
2002,RegionD,356.45,363.55
2002,RegionE,338.273333,221.72666700000002
2002,RegionF,343.352667,196.647333
2003,RegionA,360.646667,59.35333300000002
2003,RegionB,381.83,28.170000000000016
2003,RegionC,362.670667,42.32933300000002
2003,RegionD,300.413333,419.586667
2003,RegionE,300.828,259.172
2003,RegionF,293.394,246.606
2004,RegionA,307.174667,112.825333
2004,RegionB,322.078667,87.921333
2004,RegionC,341.990667,63.00933300000003
2004,RegionD,297.418667,422.581333
2004,RegionE,301.594333,258.405667
2004,RegionF,248.488,291.512
2005,RegionA,279.586,140.414
2005,RegionB,293.629333,116.37066700000003
2005,RegionC,338.474667,66.52533299999999
2005,RegionD,263.162667,456.837333
2005,RegionE,289.682,270.318
2005,RegionF,233.411667,306.58833300000003
2006,RegionA,264.503667,155.496333
2006,RegionB,287.323667,122.676333
2006,RegionC,309.1,95.89999999999998
2006,RegionD,231.787333,488.212667
2006,RegionE,256.103333,303.896667
2006,RegionF,220.249,319.751
2007,RegionA,223.271333,196.728667
2007,RegionB,258.204667,151.79533300000003
2007,RegionC,271.508,133.49200000000002
2007,RegionD,176.416667,543.583333
2007,RegionE,161.931,398.06899999999996
2007,RegionF,207.212,332.788
2008,RegionA,215.158,204.842
2008,RegionB,243.313,166.687
2008,RegionC,214.588,190.412
2008,RegionD,155.602667,564.397333
2008,RegionE,108.047,451.953
2008,RegionF,183.751667,356.248333
2009,RegionA,198.395333,221.604667
2009,RegionB,187.776667,222.223333
2009,RegionC,202.316667,202.683333
2009,RegionD,118.841333,601.158667
2009,RegionE,70.763333,489.236667
2009,RegionF,175.181333,364.818667
2010,RegionA,184.388,235.612
2010,RegionB,169.439667,240.560333
2010,RegionC,186.646667,218.353333
2010,RegionD,127.234667,592.765333
2010,RegionE,4.566,555.434
2010,RegionF,143.096667,396.903333
2011,RegionA,192.696667,227.303333
2011,RegionB,178.301333,231.698667
2011,RegionC,212.328333,192.671667
2011,RegionD,97.493333,622.506667
2011,RegionE,51.403333,508.596667
2011,RegionF,154.595,385.405
2012,RegionA,223.011,196.989
2012,RegionB,209.264667,200.735333
2012,RegionC,231.789333,173.210667
2012,RegionD,85.424,634.576
2012,RegionE,173.358,386.642
2012,RegionF,194.159333,345.840667
2013,RegionA,211.574,208.426
2013,RegionB,209.478667,200.521333
2013,RegionC,217.808,187.192
2013,RegionD,129.260667,590.739333
2013,RegionE,134.553333,425.446667
2013,RegionF,211.889667,328.11033299999997
2014,RegionA,235.740667,184.259333
2014,RegionB,240.094,169.906
2014,RegionC,247.368,157.632
2014,RegionD,146.856,573.144
2014,RegionE,180.959333,379.040667
2014,RegionF,166.875333,373.124667
2015,RegionA,274.515,145.485
2015,RegionB,264.898667,145.101333
2015,RegionC,282.816667,122.183333
2015,RegionD,187.903333,532.096667
2015,RegionE,185.523667,374.476333
2015,RegionF,225.886667,314.113333
2016,RegionA,285.130667,134.86933299999998
2016,RegionB,286.228,123.77199999999999
2016,RegionC,320.945333,84.054667
2016,RegionD,271.167667,448.832333
2016,RegionE,255.812,304.188
2016,RegionF,234.235,305.765
2017,RegionA,341.652333,78.347667
2017,RegionB,341.124333,68.87566700000002
2017,RegionC,352.453333,52.546667000000014
2017,RegionD,257.26,462.74
2017,RegionE,282.806667,277.193333
2017,RegionF,291.27,248.73000000000002
2018,RegionA,395.542667,24.457333000000006
2018,RegionB,339.38,70.62
2018,RegionC,357.485,47.514999999999986
2018,RegionD,268.52,451.48
2018,RegionE,304.676667,255.323333
2018,RegionF,323.532667,216.467333
2019,RegionA,399.748667,20.25133299999999
2019,RegionB,345.812,64.18799999999999
2019,RegionC,383.15,21.850000000000023
2019,RegionD,254.698667,465.301333
2019,RegionE,349.106667,210.89333299999998
2019,RegionF,332.398,207.60199999999998
2020,RegionA,398.773,21.226999999999975
2020,RegionB,358.896,51.103999999999985
2020,RegionC,383.78,21.220000000000027
2020,RegionD,273.986667,446.013333
2020,RegionE,396.307333,163.69266699999997
2020,RegionF,364.63,175.37
2021,RegionA,399.797333,20.20266700000002
2021,RegionB,346.128,63.872000000000014
2021,RegionC,379.27,25.730000000000018
2021,RegionD,252.199333,467.800667
2021,RegionE,381.771667,178.22833300000002
2021,RegionF,329.132333,210.86766699999998
2022,RegionA,396.765333,23.234667
2022,RegionB,354.318,55.682000000000016
2022,RegionC,380.628,24.372000000000014
2022,RegionD,325.563333,394.436667
2022,RegionE,412.166667,147.83333299999998
2022,RegionF,400.000667,139.99933299999998
2023,RegionA,357.48,62.51999999999998
2023,RegionB,364.701333,45.29866700000002
2023,RegionC,362.656,42.343999999999994
2023,RegionD,377.054667,342.945333
2023,RegionE,412.794667,147.205333
2023,RegionF,384.864,155.13600000000002
2024,RegionA,358.530667,61.469333000000006
2024,RegionB,359.786667,50.21333299999998
2024,RegionC,347.549667,57.450333
2024,RegionD,350.592667,369.407333
2024,RegionE,367.896,192.10399999999998
2024,RegionF,376.372667,163.62733300000002
2025,RegionA,363.836333,56.163666999999975
2025,RegionB,367.0,43.0
2025,RegionC,350.057,54.942999999999984
2025,RegionD,344.758667,375.241333
2025,RegionE,383.508,176.49200000000002
2025,RegionF,379.148,160.85199999999998
2026,RegionA,360.690667,59.30933299999998
2026,RegionB,384.438667,25.56133299999999
2026,RegionC,347.758,57.24200000000002
2026,RegionD,348.51,371.49
2026,RegionE,366.82,193.18
2026,RegionF,329.976667,210.02333299999998
2027,RegionA,307.44,112.56
2027,RegionB,384.961667,25.038333000000023
2027,RegionC,361.286667,43.71333299999998
2027,RegionD,285.399333,434.600667
2027,RegionE,334.498667,225.501333
2027,RegionF,312.746667,227.253333
2028,RegionA,302.419333,117.580667
2028,RegionB,343.924,66.07600000000002
2028,RegionC,340.083333,64.91666700000002
2028,RegionD,200.709667,519.290333
2028,RegionE,280.18,279.82
2028,RegionF,304.510333,235.489667
2029,RegionA,315.093667,104.90633300000002
2029,RegionB,319.664,90.33600000000001
2029,RegionC,309.350333,95.64966700000002
2029,RegionD,206.071667,513.9283330000001
2029,RegionE,228.117333,331.88266699999997
2029,RegionF,287.816333,252.183667
2030,RegionA,304.941667,115.058333
2030,RegionB,293.569,116.43099999999998
2030,RegionC,297.749333,107.25066700000002
2030,RegionD,172.201667,547.798333
2030,RegionE,232.114667,327.885333
2030,RegionF,255.253,284.747
2031,RegionA,281.627,138.373
2031,RegionB,256.404667,153.59533299999998
2031,RegionC,276.037333,128.962667
2031,RegionD,194.048667,525.951333
2031,RegionE,203.743333,356.256667
2031,RegionF,216.062,323.938
2032,RegionA,240.860667,179.139333
2032,RegionB,248.217,161.783
2032,RegionC,226.841667,178.158333
2032,RegionD,165.699333,554.300667
2032,RegionE,183.572,376.428
2032,RegionF,169.795,370.20500000000004
2033,RegionA,242.833,177.167
2033,RegionB,225.721667,184.278333
2033,RegionC,207.632,197.368
2033,RegionD,137.192667,582.807333
2033,RegionE,194.071333,365.928667
2033,RegionF,173.515333,366.484667
2034,RegionA,205.428667,214.571333
2034,RegionB,244.635333,165.364667
2034,RegionC,213.168,191.832
2034,RegionD,153.432667,566.567333
2034,RegionE,204.875,355.125
2034,RegionF,146.372333,393.627667
2035,RegionA,202.04,217.96
2035,RegionB,244.46,165.54
2035,RegionC,202.12,202.88
2035,RegionD,167.996,552.004
2035,RegionE,185.128333,374.871667
2035,RegionF,161.096667,378.903333
2036,RegionA,244.440667,175.559333
2036,RegionB,236.148667,173.851333
2036,RegionC,210.156667,194.843333
2036,RegionD,147.955333,572.044667
2036,RegionE,234.356667,325.643333
2036,RegionF,194.84,345.15999999999997
2037,RegionA,259.54,160.45999999999998
2037,RegionB,257.878333,152.121667
2037,RegionC,232.579333,172.420667
2037,RegionD,157.654,562.346
2037,RegionE,210.54,349.46000000000004
2037,RegionF,183.550333,356.449667
2038,RegionA,249.55,170.45
2038,RegionB,276.994667,133.005333
2038,RegionC,246.556667,158.443333
2038,RegionD,146.908667,573.091333
2038,RegionE,248.36,311.64
2038,RegionF,206.816667,333.183333
2039,RegionA,278.595333,141.40466700000002
2039,RegionB,312.487333,97.51266700000002
2039,RegionC,284.876667,120.123333
2039,RegionD,178.85,541.15
2039,RegionE,241.166,318.834
2039,RegionF,233.102667,306.897333
2040,RegionA,322.838,97.16199999999998
2040,RegionB,330.702,79.298
2040,RegionC,306.431667,98.568333
2040,RegionD,209.487,510.51300000000003
2040,RegionE,247.337667,312.662333
2040,RegionF,280.506,259.494
2041,RegionA,340.009,79.99099999999999
2041,RegionB,390.956,19.043999999999983
2041,RegionC,318.269333,86.73066699999998
2041,RegionD,220.446,499.554
2041,RegionE,292.316,267.684
2041,RegionF,272.852,267.148
2042,RegionA,360.962,59.03800000000001
2042,RegionB,391.786667,18.213332999999977
2042,RegionC,327.91,77.08999999999997
2042,RegionD,280.342,439.658
2042,RegionE,381.746,178.25400000000002
2042,RegionF,328.924667,211.075333
2043,RegionA,371.241,48.759000000000015
2043,RegionB,389.933333,20.066666999999995
2043,RegionC,350.643,54.35700000000003
2043,RegionD,329.367333,390.632667
2043,RegionE,415.446,144.55399999999997
2043,RegionF,342.806,197.19400000000002
2044,RegionA,380.803,39.197
2044,RegionB,390.26,19.74000000000001
2044,RegionC,364.950333,40.049667
2044,RegionD,366.658667,353.341333
2044,RegionE,435.143667,124.856333
2044,RegionF,397.15,142.85000000000002
2045,RegionA,386.494333,33.50566700000002
2045,RegionB,370.298667,39.70133299999998
2045,RegionC,378.46,26.54000000000002
2045,RegionD,386.425333,333.574667
2045,RegionE,445.584667,114.41533299999998
2045,RegionF,443.177333,96.82266700000002
2046,RegionA,391.142333,28.857666999999992
2046,RegionB,334.071667,75.92833300000001
2046,RegionC,379.265333,25.734667
2046,RegionD,391.904667,328.095333
2046,RegionE,428.590667,131.409333
2046,RegionF,403.062667,136.93733300000002
2047,RegionA,392.272667,27.727332999999987
2047,RegionB,337.398667,72.60133300000001
2047,RegionC,378.691333,26.308667000000014
2047,RegionD,369.545667,350.454333
2047,RegionE,432.072667,127.92733299999998
2047,RegionF,432.04,107.95999999999998
2048,RegionA,389.556667,30.443332999999996
2048,RegionB,321.633,88.36700000000002
2048,RegionC,380.82,24.180000000000007
2048,RegionD,375.581667,344.418333
2048,RegionE,411.241333,148.758667
2048,RegionF,344.224,195.776
2049,RegionA,388.954333,31.04566699999998
2049,RegionB,348.017333,61.98266699999999
2049,RegionC,381.388667,23.611333000000002
2049,RegionD,334.696667,385.303333
2049,RegionE,371.802,188.19799999999998
2049,RegionF,362.472,177.52800000000002
2050,RegionA,367.23,52.76999999999998
2050,RegionB,352.228333,57.77166699999998
2050,RegionC,382.510667,22.489332999999988
2050,RegionD,335.866667,384.133333
2050,RegionE,349.298,210.702
2050,RegionF,362.585333,177.414667
2051,RegionA,356.570333,63.429666999999995
2051,RegionB,320.214667,89.78533299999998
2051,RegionC,379.208333,25.791667000000018
2051,RegionD,281.308,438.692
2051,RegionE,352.09,207.91000000000003
2051,RegionF,319.33,220.67000000000002
2052,RegionA,339.236667,80.76333299999999
2052,RegionB,316.96,93.04000000000002
2052,RegionC,317.776667,87.22333300000003
2052,RegionD,252.799333,467.200667
2052,RegionE,284.202667,275.797333
2052,RegionF,300.180667,239.81933299999997
2053,RegionA,297.822,122.178
2053,RegionB,290.396333,119.60366699999997
2053,RegionC,311.718333,93.28166700000003
2053,RegionD,252.565,467.435
2053,RegionE,258.106333,301.893667
2053,RegionF,297.634333,242.36566699999997
2054,RegionA,279.166,140.834
2054,RegionB,292.146,117.85399999999998
2054,RegionC,291.068667,113.931333
2054,RegionD,233.043333,486.95666700000004
2054,RegionE,259.757,300.243
2054,RegionF,285.542667,254.457333
2055,RegionA,281.769333,138.23066699999998
2055,RegionB,265.561,144.43900000000002
2055,RegionC,239.542667,165.457333
2055,RegionD,144.096,575.904
2055,RegionE,216.143667,343.856333
2055,RegionF,229.364333,310.635667
2056,RegionA,234.192667,185.807333
2056,RegionB,230.413333,179.586667
2056,RegionC,230.950333,174.049667
2056,RegionD,101.611667,618.388333
2056,RegionE,189.750667,370.249333
2056,RegionF,209.031,330.969
2057,RegionA,206.49,213.51
2057,RegionB,194.252,215.748
2057,RegionC,201.0,204.0
2057,RegionD,73.212,646.788
2057,RegionE,150.2,409.8
2057,RegionF,174.126667,365.873333
2058,RegionA,263.155333,156.84466700000002
2058,RegionB,243.49,166.51
2058,RegionC,198.726667,206.273333
2058,RegionD,85.586667,634.413333
2058,RegionE,137.350667,422.649333
2058,RegionF,182.225333,357.774667
2059,RegionA,239.573333,180.426667
2059,RegionB,183.222333,226.777667
2059,RegionC,192.319333,212.680667
2059,RegionD,113.219,606.781
2059,RegionE,149.410667,410.589333
2059,RegionF,203.966,336.034
2060,RegionA,227.983333,192.016667
2060,RegionB,224.945333,185.054667
2060,RegionC,191.538,213.462
2060,RegionD,104.632667,615.367333
2060,RegionE,184.638,375.36199999999997
2060,RegionF,182.396333,357.603667
2061,RegionA,256.178,163.822
2061,RegionB,254.96,155.04
2061,RegionC,240.643667,164.356333
2061,RegionD,181.306333,538.693667
2061,RegionE,199.740667,360.25933299999997
2061,RegionF,174.385333,365.614667
2062,RegionA,281.024,138.976
2062,RegionB,267.852,142.14800000000002
2062,RegionC,269.967,135.03300000000002
2062,RegionD,199.287667,520.712333
2062,RegionE,263.497667,296.502333
2062,RegionF,195.995333,344.00466700000004
2063,RegionA,268.816667,151.183333
2063,RegionB,283.839,126.161
2063,RegionC,305.054667,99.945333
2063,RegionD,168.847,551.153
2063,RegionE,257.63,302.37
2063,RegionF,241.485333,298.51466700000003
2064,RegionA,308.312667,111.68733300000002
2064,RegionB,351.982,58.01799999999997
2064,RegionC,308.66,96.33999999999997
2064,RegionD,249.935333,470.064667
2064,RegionE,282.204,277.796
2064,RegionF,282.729,257.271
2065,RegionA,363.025333,56.97466700000001
2065,RegionB,361.269333,48.73066699999998
2065,RegionC,355.352,49.648000000000025
2065,RegionD,307.078667,412.921333
2065,RegionE,316.425667,243.57433300000002
2065,RegionF,289.455667,250.544333
2066,RegionA,369.296667,50.703332999999986
2066,RegionB,347.383333,62.61666700000001
2066,RegionC,382.406667,22.593332999999973
2066,RegionD,286.420667,433.579333
2066,RegionE,289.328667,270.671333
2066,RegionF,340.683333,199.316667
2067,RegionA,364.076333,55.92366700000002
2067,RegionB,356.280333,53.719667000000015
2067,RegionC,383.88,21.120000000000005
2067,RegionD,352.731,367.269
2067,RegionE,298.82,261.18
2067,RegionF,383.866667,156.133333
2068,RegionA,357.388333,62.61166700000001
2068,RegionB,362.451667,47.548333000000014
2068,RegionC,368.881667,36.11833300000001
2068,RegionD,365.947333,354.052667
2068,RegionE,324.558,235.442
2068,RegionF,410.442,129.558
2069,RegionA,374.867333,45.132667000000026
2069,RegionB,367.717333,42.282667000000004
2069,RegionC,368.24,36.75999999999999
2069,RegionD,416.844667,303.155333
2069,RegionE,339.736667,220.263333
2069,RegionF,411.150667,128.849333
2070,RegionA,379.982,40.01799999999997
2070,RegionB,367.242667,42.75733300000002
2070,RegionC,368.846667,36.153332999999975
2070,RegionD,387.228,332.772
2070,RegionE,402.839333,157.160667
2070,RegionF,356.143333,183.85666700000002
2071,RegionA,377.887333,42.11266699999999
2071,RegionB,369.219,40.781000000000006
2071,RegionC,367.221333,37.778666999999984
2071,RegionD,393.598,326.402
2071,RegionE,398.698,161.30200000000002
2071,RegionF,416.612333,123.38766700000002
2072,RegionA,383.629333,36.370667000000026
2072,RegionB,382.040333,27.959667000000024
2072,RegionC,362.505,42.495000000000005
2072,RegionD,346.791333,373.208667
2072,RegionE,377.240667,182.75933300000003
2072,RegionF,380.334667,159.66533299999998
2073,RegionA,362.552,57.44799999999998
2073,RegionB,387.284,22.716000000000008
2073,RegionC,380.18,24.819999999999993
2073,RegionD,367.795667,352.204333
2073,RegionE,357.949667,202.05033300000002
2073,RegionF,429.561333,110.43866700000001
2074,RegionA,372.795333,47.20466699999997
2074,RegionB,372.739667,37.260333
2074,RegionC,382.084,22.915999999999997
2074,RegionD,318.931667,401.068333
2074,RegionE,326.11,233.89
2074,RegionF,368.545,171.45499999999998
2075,RegionA,347.839,72.161
2075,RegionB,374.4,35.60000000000002
2075,RegionC,370.350667,34.64933300000001
2075,RegionD,333.434667,386.565333
2075,RegionE,321.978667,238.02133300000003
2075,RegionF,309.94,230.06
2076,RegionA,305.051333,114.948667
2076,RegionB,351.848667,58.15133300000002
2076,RegionC,332.986667,72.01333299999999
2076,RegionD,274.241667,445.758333
2076,RegionE,286.516667,273.483333
2076,RegionF,251.440667,288.55933300000004
2077,RegionA,275.232667,144.767333
2077,RegionB,321.054,88.94600000000003
2077,RegionC,305.573,99.42700000000002
2077,RegionD,279.962667,440.037333
2077,RegionE,272.045667,287.954333
2077,RegionF,232.672667,307.327333
2078,RegionA,252.901667,167.098333
2078,RegionB,271.718,138.28199999999998
2078,RegionC,272.54,132.45999999999998
2078,RegionD,237.495333,482.50466700000004
2078,RegionE,245.134,314.866
2078,RegionF,205.621667,334.378333
2079,RegionA,254.957,165.043
2079,RegionB,235.708,174.292
2079,RegionC,246.465333,158.534667
2079,RegionD,205.014,514.986
2079,RegionE,230.902333,329.097667
2079,RegionF,213.153,326.847
2080,RegionA,222.208667,197.791333
2080,RegionB,229.721333,180.278667
2080,RegionC,220.104667,184.895333
2080,RegionD,153.865667,566.134333
2080,RegionE,218.053,341.947
2080,RegionF,165.654,374.346
2081,RegionA,224.950667,195.049333
2081,RegionB,207.372,202.628
2081,RegionC,203.944667,201.055333
2081,RegionD,101.414,618.586
2081,RegionE,119.425,440.575
2081,RegionF,173.622,366.378
2082,RegionA,176.120667,243.879333
2082,RegionB,183.284667,226.715333
2082,RegionC,216.223,188.777
2082,RegionD,172.405333,547.594667
2082,RegionE,134.691333,425.308667
2082,RegionF,203.304,336.696
2083,RegionA,221.038667,198.961333
2083,RegionB,166.03,243.97
2083,RegionC,177.424,227.576
2083,RegionD,91.716,628.284
2083,RegionE,143.4,416.6
2083,RegionF,194.433333,345.566667
2084,RegionA,238.193333,181.806667
2084,RegionB,215.426667,194.573333
2084,RegionC,192.793333,212.206667
2084,RegionD,101.043333,618.956667
2084,RegionE,122.685,437.315
2084,RegionF,207.062667,332.93733299999997
2085,RegionA,235.974,184.026
2085,RegionB,232.284333,177.715667
2085,RegionC,263.708667,141.291333
2085,RegionD,145.542333,574.457667
2085,RegionE,152.205333,407.794667
2085,RegionF,229.944667,310.055333
2086,RegionA,283.623,136.377
2086,RegionB,250.995,159.005
2086,RegionC,225.796,179.204
2086,RegionD,164.971333,555.028667
2086,RegionE,185.326667,374.673333
2086,RegionF,234.092,305.908
2087,RegionA,270.305333,149.69466699999998
2087,RegionB,270.827333,139.172667
2087,RegionC,293.299667,111.700333
2087,RegionD,197.139,522.861
2087,RegionE,231.538667,328.46133299999997
2087,RegionF,276.76,263.24
2088,RegionA,352.928333,67.07166699999999
2088,RegionB,354.178333,55.82166699999999
2088,RegionC,351.354,53.646000000000015
2088,RegionD,192.979333,527.020667
2088,RegionE,261.73,298.27
2088,RegionF,324.262667,215.73733299999998
2089,RegionA,383.936667,36.063333
2089,RegionB,329.407333,80.592667
2089,RegionC,365.136667,39.86333300000001
2089,RegionD,197.426667,522.573333
2089,RegionE,263.925333,296.074667
2089,RegionF,326.020667,213.979333
2090,RegionA,386.042,33.95800000000003
2090,RegionB,353.157333,56.842667000000006
2090,RegionC,380.092,24.908000000000015
2090,RegionD,262.264,457.736
2090,RegionE,302.322,257.678
2090,RegionF,365.49,174.51
2091,RegionA,379.894667,40.10533299999997
2091,RegionB,366.938667,43.06133299999999
2091,RegionC,377.493333,27.506666999999993
2091,RegionD,279.998333,440.001667
2091,RegionE,370.796,189.204
2091,RegionF,387.72,152.27999999999997
2092,RegionA,362.461333,57.538666999999975
2092,RegionB,356.64,53.360000000000014
2092,RegionC,354.434,50.565999999999974
2092,RegionD,230.553333,489.446667
2092,RegionE,353.595333,206.40466700000002
2092,RegionF,416.164,123.83600000000001
2093,RegionA,366.328667,53.671333000000004
2093,RegionB,340.596,69.404
2093,RegionC,339.085333,65.91466700000001
2093,RegionD,286.273333,433.726667
2093,RegionE,384.064667,175.935333
2093,RegionF,420.303333,119.69666699999999
2094,RegionA,385.418667,34.58133299999997
2094,RegionB,350.262667,59.73733299999998
2094,RegionC,317.990667,87.00933300000003
2094,RegionD,323.816667,396.183333
2094,RegionE,400.474333,159.525667
2094,RegionF,414.232667,125.76733300000001
2095,RegionA,388.414333,31.585667
2095,RegionB,367.535667,42.46433300000001
2095,RegionC,322.170667,82.82933300000002
2095,RegionD,254.247333,465.752667
2095,RegionE,359.652,200.348
2095,RegionF,403.56,136.44
2096,RegionA,394.687333,25.312666999999976
2096,RegionB,339.061333,70.93866700000001
2096,RegionC,330.393,74.60700000000003
2096,RegionD,254.641333,465.35866699999997
2096,RegionE,331.941333,228.058667
2096,RegionF,400.948667,139.051333
2097,RegionA,381.526667,38.473333000000025
2097,RegionB,306.433333,103.566667
2097,RegionC,341.869,63.13099999999997
2097,RegionD,299.03,420.97
2097,RegionE,327.586,232.414
2097,RegionF,377.048,162.952
2098,RegionA,382.49,37.50999999999999
2098,RegionB,312.54,97.45999999999998
2098,RegionC,364.73,40.26999999999998
2098,RegionD,313.282333,406.717667
2098,RegionE,324.062667,235.93733300000002
2098,RegionF,349.690667,190.30933299999998
2099,RegionA,369.317667,50.68233300000003
2099,RegionB,301.74,108.25999999999999
2099,RegionC,373.838,31.161999999999978
2099,RegionD,256.572,463.428
2099,RegionE,308.666667,251.33333299999998
2099,RegionF,312.58,227.42000000000002
2100,RegionA,340.016,79.98399999999998
2100,RegionB,330.478667,79.52133300000003
2100,RegionC,337.343667,67.65633300000002
2100,RegionD,217.268,502.73199999999997
2100,RegionE,284.498667,275.501333
2100,RegionF,315.451,224.54899999999998
2101,RegionA,319.774,100.226
2101,RegionB,322.728667,87.27133300000003
2101,RegionC,323.122667,81.87733300000002
2101,RegionD,221.275333,498.724667
2101,RegionE,257.878,302.122
2101,RegionF,313.838333,226.16166700000002
2102,RegionA,308.205667,111.794333
2102,RegionB,317.256,92.74400000000003
2102,RegionC,296.313,108.68700000000001
2102,RegionD,227.131333,492.86866699999996
2102,RegionE,260.712,299.288
2102,RegionF,299.322667,240.67733299999998
2103,RegionA,276.299,143.70100000000002
2103,RegionB,279.550333,130.44966699999998
2103,RegionC,276.993667,128.00633299999998
2103,RegionD,184.56,535.44
2103,RegionE,231.271,328.72900000000004
2103,RegionF,276.529,263.471
2104,RegionA,243.434667,176.565333
2104,RegionB,233.366333,176.633667
2104,RegionC,241.795,163.205
2104,RegionD,159.913667,560.086333
2104,RegionE,183.012333,376.987667
2104,RegionF,230.479,309.52099999999996
2105,RegionA,240.278333,179.721667
2105,RegionB,218.932667,191.067333
2105,RegionC,168.242,236.758
2105,RegionD,196.753333,523.246667
2105,RegionE,227.575,332.425
2105,RegionF,199.766667,340.233333
2106,RegionA,202.075333,217.924667
2106,RegionB,216.608667,193.391333
2106,RegionC,165.83,239.17
2106,RegionD,168.143333,551.856667
2106,RegionE,210.651333,349.348667
2106,RegionF,192.46,347.53999999999996
2107,RegionA,230.524667,189.475333
2107,RegionB,222.336333,187.663667
2107,RegionC,227.677333,177.322667
2107,RegionD,134.282,585.718
2107,RegionE,218.14,341.86
2107,RegionF,200.724667,339.275333
2108,RegionA,245.383,174.617
2108,RegionB,233.2,176.8
2108,RegionC,208.594,196.406
2108,RegionD,136.83,583.17
2108,RegionE,208.89,351.11
2108,RegionF,202.653,337.347
2109,RegionA,260.138333,159.861667
2109,RegionB,227.006,182.994
2109,RegionC,252.433,152.567
2109,RegionD,170.678333,549.3216669999999
2109,RegionE,210.446667,349.553333
2109,RegionF,236.055667,303.94433300000003
2110,RegionA,267.33,152.67000000000002
2110,RegionB,258.548667,151.45133299999998
2110,RegionC,273.504667,131.49533300000002
2110,RegionD,211.786,508.214
2110,RegionE,222.975,337.025
2110,RegionF,271.572333,268.427667
2111,RegionA,292.871333,127.12866700000001
2111,RegionB,274.776,135.224
2111,RegionC,289.064,115.93599999999998
2111,RegionD,174.496,545.504
2111,RegionE,269.379333,290.620667
2111,RegionF,254.293,285.707
2112,RegionA,360.810333,59.189666999999986
2112,RegionB,281.713333,128.28666700000002
2112,RegionC,333.833333,71.16666700000002
2112,RegionD,247.842,472.158
2112,RegionE,311.13,248.87
2112,RegionF,259.7,280.3
2113,RegionA,360.264,59.73599999999999
2113,RegionB,329.364667,80.635333
2113,RegionC,378.32,26.680000000000007
2113,RegionD,303.836667,416.163333
2113,RegionE,350.305333,209.69466699999998
2113,RegionF,333.693333,206.306667
2114,RegionA,390.170667,29.82933300000002
2114,RegionB,384.228,25.77199999999999
2114,RegionC,367.667,37.33300000000003
2114,RegionD,364.61,355.39
2114,RegionE,379.104,180.89600000000002
2114,RegionF,301.623333,238.376667
2115,RegionA,394.986667,25.01333299999999
2115,RegionB,361.263333,48.73666700000001
2115,RegionC,372.186667,32.813333
2115,RegionD,340.456667,379.543333
2115,RegionE,416.652667,143.347333
2115,RegionF,349.422667,190.577333
2116,RegionA,393.302667,26.697333000000015
2116,RegionB,351.885333,58.114667
2116,RegionC,374.062667,30.937333000000024
2116,RegionD,321.458667,398.541333
2116,RegionE,421.49,138.51
2116,RegionF,356.083333,183.91666700000002
2117,RegionA,384.766667,35.233333000000016
2117,RegionB,353.781667,56.21833299999997
2117,RegionC,370.42,34.579999999999984
2117,RegionD,359.623667,360.376333
2117,RegionE,380.51,179.49
2117,RegionF,371.901333,168.09866699999998
2118,RegionA,392.389333,27.610666999999978
2118,RegionB,343.881333,66.11866700000002
2118,RegionC,370.236,34.76400000000001
2118,RegionD,358.323333,361.676667
2118,RegionE,363.950667,196.049333
2118,RegionF,356.227333,183.772667
2119,RegionA,397.61,22.389999999999986
2119,RegionB,355.336667,54.66333300000002
2119,RegionC,362.681333,42.318667000000005
2119,RegionD,289.778333,430.221667
2119,RegionE,416.588,143.41199999999998
2119,RegionF,387.192,152.808
2120,RegionA,396.436,23.56400000000002
2120,RegionB,381.313333,28.686667
2120,RegionC,372.932,32.067999999999984
2120,RegionD,281.88,438.12
2120,RegionE,366.312,193.688
2120,RegionF,362.293333,177.70666699999998
2121,RegionA,395.292,24.708000000000027
2121,RegionB,385.709,24.290999999999997
2121,RegionC,360.741333,44.258667
2121,RegionD,347.989,372.011
2121,RegionE,357.520667,202.479333
2121,RegionF,330.453333,209.546667
2122,RegionA,379.414667,40.58533299999999
2122,RegionB,385.571667,24.42833300000001
2122,RegionC,363.238667,41.76133299999998
2122,RegionD,337.367333,382.632667
2122,RegionE,319.698667,240.301333
2122,RegionF,255.652667,284.347333
2123,RegionA,362.026333,57.97366699999998
2123,RegionB,368.676667,41.32333299999999
2123,RegionC,335.55,69.44999999999999
2123,RegionD,379.966,340.034
2123,RegionE,310.308,249.692
2123,RegionF,302.932,237.06799999999998
2124,RegionA,336.273333,83.72666700000002
2124,RegionB,334.144667,75.85533299999997
2124,RegionC,326.922333,78.07766700000002
2124,RegionD,310.748,409.252
2124,RegionE,301.922,258.078
2124,RegionF,303.483333,236.51666699999998
2125,RegionA,320.490333,99.50966699999998
2125,RegionB,315.115667,94.88433300000003
2125,RegionC,303.606333,101.393667
2125,RegionD,239.530667,480.469333
2125,RegionE,317.196667,242.803333
2125,RegionF,273.981333,266.018667
2126,RegionA,297.690333,122.30966699999999
2126,RegionB,299.068,110.93200000000002
2126,RegionC,296.688,108.31200000000001
2126,RegionD,191.44,528.56
2126,RegionE,297.802,262.198
2126,RegionF,270.392333,269.607667
2127,RegionA,267.454667,152.54533300000003
2127,RegionB,264.766667,145.23333300000002
2127,RegionC,277.500333,127.49966699999999
2127,RegionD,172.092333,547.907667
2127,RegionE,250.31,309.69
2127,RegionF,245.22,294.78
2128,RegionA,232.042,187.958
2128,RegionB,228.927333,181.072667
2128,RegionC,232.755333,172.244667
2128,RegionD,151.683667,568.316333
2128,RegionE,221.122,338.878
2128,RegionF,147.646667,392.353333
2129,RegionA,222.182,197.818
2129,RegionB,208.410667,201.589333
2129,RegionC,212.956667,192.043333
2129,RegionD,115.202667,604.797333
2129,RegionE,174.16,385.84000000000003
2129,RegionF,174.71,365.28999999999996
2130,RegionA,205.163333,214.836667
2130,RegionB,189.353333,220.646667
2130,RegionC,204.422,200.578
2130,RegionD,121.464,598.5360000000001
2130,RegionE,172.155333,387.84466699999996
2130,RegionF,138.72,401.28
2131,RegionA,234.61,185.39
2131,RegionB,205.844,204.156
2131,RegionC,246.61,158.39
2131,RegionD,135.979333,584.020667
2131,RegionE,171.09,388.90999999999997
2131,RegionF,150.005333,389.994667
2132,RegionA,228.349333,191.650667
2132,RegionB,258.29,151.70999999999998
2132,RegionC,241.560333,163.439667
2132,RegionD,102.646,617.354
2132,RegionE,147.385333,412.614667
2132,RegionF,169.301667,370.698333
2133,RegionA,259.692333,160.30766699999998
2133,RegionB,220.926,189.074
2133,RegionC,263.350667,141.649333
2133,RegionD,152.54,567.46
2133,RegionE,146.923333,413.076667
2133,RegionF,223.899333,316.100667
2134,RegionA,298.014667,121.98533300000003
2134,RegionB,283.872667,126.12733300000002
2134,RegionC,257.476333,147.523667
2134,RegionD,167.412667,552.587333
2134,RegionE,181.917333,378.082667
2134,RegionF,281.364,258.636
2135,RegionA,281.632667,138.36733299999997
2135,RegionB,298.302667,111.69733300000001
2135,RegionC,322.043333,82.95666699999998
2135,RegionD,200.605667,519.394333
2135,RegionE,225.949333,334.050667
2135,RegionF,299.878667,240.121333
2136,RegionA,316.086667,103.91333300000002
2136,RegionB,339.455,70.54500000000002
2136,RegionC,337.59,67.41000000000003
2136,RegionD,276.618667,443.381333
2136,RegionE,235.838667,324.161333
2136,RegionF,331.9,208.10000000000002
2137,RegionA,355.806333,64.193667
2137,RegionB,388.078,21.922000000000025
2137,RegionC,385.86,19.139999999999986
2137,RegionD,289.477667,430.522333
2137,RegionE,319.951333,240.04866700000002
2137,RegionF,347.026667,192.97333300000003
2138,RegionA,375.756333,44.243667000000016
2138,RegionB,386.22,23.779999999999973
2138,RegionC,384.008333,20.991667000000007
2138,RegionD,256.503333,463.496667
2138,RegionE,324.231333,235.768667
2138,RegionF,390.088667,149.911333
2139,RegionA,378.553333,41.44666699999999
2139,RegionB,383.46,26.54000000000002
2139,RegionC,385.624,19.375999999999976
2139,RegionD,275.47,444.53
2139,RegionE,296.422,263.578
2139,RegionF,385.857333,154.14266700000002
2140,RegionA,387.051,32.94900000000001
2140,RegionB,373.644667,36.35533299999997
2140,RegionC,387.34,17.660000000000025
2140,RegionD,293.850667,426.149333
2140,RegionE,365.776,194.224
2140,RegionF,355.997333,184.00266699999997
2141,RegionA,388.739667,31.260333000000003
2141,RegionB,371.390667,38.60933299999999
2141,RegionC,386.572333,18.427666999999985
2141,RegionD,331.967,388.033
2141,RegionE,356.686,203.31400000000002
2141,RegionF,363.698667,176.301333
2142,RegionA,388.387,31.613
2142,RegionB,368.768667,41.23133300000001
2142,RegionC,387.6,17.399999999999977
2142,RegionD,312.688333,407.311667
2142,RegionE,393.671333,166.328667
2142,RegionF,361.524,178.476
2143,RegionA,389.422667,30.57733300000001
2143,RegionB,339.007667,70.99233299999997
2143,RegionC,387.2,17.80000000000001
2143,RegionD,301.805,418.195
2143,RegionE,411.381333,148.61866700000002
2143,RegionF,312.867333,227.13266700000003
2144,RegionA,391.807,28.192999999999984
2144,RegionB,361.647667,48.35233299999999
2144,RegionC,369.001333,35.99866700000001
2144,RegionD,320.784,399.216
2144,RegionE,412.59,147.41000000000003
2144,RegionF,354.283333,185.71666699999997
2145,RegionA,382.047667,37.95233300000001
2145,RegionB,366.534333,43.465666999999996
2145,RegionC,368.321333,36.67866700000002
2145,RegionD,366.124667,353.875333
2145,RegionE,371.236,188.764
2145,RegionF,347.172667,192.827333
2146,RegionA,371.228333,48.77166699999998
2146,RegionB,376.744,33.25599999999997
2146,RegionC,366.72,38.27999999999997
2146,RegionD,387.159,332.841
2146,RegionE,363.081333,196.91866700000003
2146,RegionF,285.608667,254.39133299999997
2147,RegionA,349.938667,70.06133299999999
2147,RegionB,386.312,23.687999999999988
2147,RegionC,347.229333,57.770667
2147,RegionD,350.25,369.75
2147,RegionE,360.21,199.79000000000002
2147,RegionF,303.112,236.88799999999998
2148,RegionA,334.362667,85.63733300000001
2148,RegionB,330.65,79.35000000000002
2148,RegionC,353.672667,51.32733300000001
2148,RegionD,249.996667,470.003333
2148,RegionE,298.87,261.13
2148,RegionF,267.163667,272.836333
2149,RegionA,333.334,86.666
2149,RegionB,292.632667,117.36733299999997
2149,RegionC,300.696,104.30399999999997
2149,RegionD,217.013,502.98699999999997
2149,RegionE,236.328667,323.671333
2149,RegionF,245.471333,294.52866700000004
2150,RegionA,278.943,141.05700000000002
2150,RegionB,258.131667,151.868333
2150,RegionC,271.980333,133.01966700000003
2150,RegionD,204.372,515.6279999999999
2150,RegionE,218.515,341.485
2150,RegionF,246.562,293.438
2151,RegionA,257.953667,162.046333
2151,RegionB,258.324667,151.67533300000002
2151,RegionC,289.256,115.74400000000003
2151,RegionD,193.3,526.7
2151,RegionE,177.187667,382.81233299999997
2151,RegionF,189.914667,350.085333
2152,RegionA,225.633,194.367
2152,RegionB,254.361667,155.638333
2152,RegionC,246.108667,158.891333
2152,RegionD,136.748667,583.2513329999999
2152,RegionE,184.533333,375.46666700000003
2152,RegionF,169.515333,370.484667
2153,RegionA,239.784667,180.215333
2153,RegionB,238.854,171.146
2153,RegionC,225.436,179.564
2153,RegionD,160.953,559.047
2153,RegionE,167.238667,392.76133300000004
2153,RegionF,178.352,361.648
2154,RegionA,206.308333,213.691667
2154,RegionB,202.870667,207.129333
2154,RegionC,213.183333,191.816667
2154,RegionD,177.776,542.2239999999999
2154,RegionE,139.240667,420.75933299999997
2154,RegionF,139.443333,400.556667
2155,RegionA,196.621667,223.378333
2155,RegionB,227.252667,182.747333
2155,RegionC,194.176667,210.823333
2155,RegionD,205.842333,514.157667
2155,RegionE,121.939,438.06100000000004
2155,RegionF,131.413333,408.58666700000003
2156,RegionA,191.284,228.716
2156,RegionB,227.611667,182.388333
2156,RegionC,221.314667,183.685333
2156,RegionD,228.254,491.746
2156,RegionE,124.956667,435.043333
2156,RegionF,148.038,391.962
2157,RegionA,227.722,192.278
2157,RegionB,248.859333,161.140667
2157,RegionC,242.715333,162.284667
2157,RegionD,213.393333,506.606667
2157,RegionE,204.103333,355.896667
2157,RegionF,158.134,381.866
2158,RegionA,260.283333,159.71666699999997
2158,RegionB,242.074667,167.925333
2158,RegionC,288.553,116.447
2158,RegionD,200.757333,519.242667
2158,RegionE,265.3,294.7
2158,RegionF,154.611333,385.388667
2159,RegionA,296.040667,123.95933300000002
2159,RegionB,261.555333,148.44466699999998
2159,RegionC,315.305667,89.69433299999997
2159,RegionD,235.367667,484.632333
2159,RegionE,278.221333,281.778667
2159,RegionF,258.528,281.472
2160,RegionA,333.28,86.72000000000003
2160,RegionB,308.704667,101.29533300000003
2160,RegionC,344.954667,60.04533300000003
2160,RegionD,266.4,453.6
2160,RegionE,314.795667,245.20433300000002
2160,RegionF,268.760667,271.239333
2161,RegionA,355.013333,64.98666700000001
2161,RegionB,368.266,41.73399999999998
2161,RegionC,369.642667,35.35733299999998
2161,RegionD,293.198,426.802
2161,RegionE,348.496667,211.503333
2161,RegionF,322.148667,217.851333
2162,RegionA,372.119333,47.88066700000002
2162,RegionB,369.936,40.06400000000002
2162,RegionC,376.572,28.427999999999997
2162,RegionD,319.957,400.043
2162,RegionE,381.95,178.05
2162,RegionF,348.518,191.48200000000003
2163,RegionA,397.665333,22.334667000000024
2163,RegionB,371.845,38.15499999999997
2163,RegionC,386.653333,18.346667000000025
2163,RegionD,392.015333,327.984667
2163,RegionE,405.925333,154.07466699999998
2163,RegionF,383.957333,156.042667
2164,RegionA,396.208,23.791999999999973
2164,RegionB,367.152,42.84800000000001
2164,RegionC,373.68,31.319999999999993
2164,RegionD,387.803333,332.196667
2164,RegionE,385.43,174.57
2164,RegionF,373.893333,166.10666700000002
2165,RegionA,390.808,29.192000000000007
2165,RegionB,373.933333,36.066666999999995
2165,RegionC,371.793333,33.20666699999998
2165,RegionD,417.088,302.912
2165,RegionE,362.816667,197.183333
2165,RegionF,405.399333,134.600667
2166,RegionA,388.489667,31.510333000000003
2166,RegionB,382.47,27.529999999999973
2166,RegionC,364.266667,40.733333000000016
2166,RegionD,337.349,382.651
2166,RegionE,362.733,197.267
2166,RegionF,375.474333,164.525667
2167,RegionA,390.602667,29.397333000000003
2167,RegionB,383.441333,26.558667000000014
2167,RegionC,367.594667,37.405332999999985
2167,RegionD,349.838667,370.161333
2167,RegionE,381.446667,178.553333
2167,RegionF,407.013333,132.986667
2168,RegionA,389.421333,30.578666999999996
2168,RegionB,375.258,34.74200000000002
2168,RegionC,359.18,45.81999999999999
2168,RegionD,313.874,406.126
2168,RegionE,316.389333,243.61066699999998
2168,RegionF,365.390667,174.609333
2169,RegionA,384.649333,35.35066699999999
2169,RegionB,377.118667,32.881332999999984
2169,RegionC,356.894333,48.10566699999998
2169,RegionD,339.381667,380.618333
2169,RegionE,346.409,213.591
2169,RegionF,375.9,164.10000000000002
2170,RegionA,386.104,33.896000000000015
2170,RegionB,381.490667,28.509333000000026
2170,RegionC,360.963333,44.03666700000002
2170,RegionD,315.044,404.956
2170,RegionE,292.338333,267.661667
2170,RegionF,333.058667,206.941333
2171,RegionA,376.15,43.85000000000002
2171,RegionB,372.151,37.84899999999999
2171,RegionC,365.678667,39.32133299999998
2171,RegionD,321.911333,398.088667
2171,RegionE,314.636,245.36399999999998
2171,RegionF,338.517667,201.48233299999998
2172,RegionA,341.530333,78.46966700000002
2172,RegionB,334.726667,75.27333299999998
2172,RegionC,316.883333,88.116667
2172,RegionD,285.871667,434.128333
2172,RegionE,287.468,272.532
2172,RegionF,335.673667,204.32633299999998
2173,RegionA,321.439667,98.56033300000001
2173,RegionB,307.911333,102.08866699999999
2173,RegionC,320.797333,84.20266700000002
2173,RegionD,293.17,426.83
2173,RegionE,234.371333,325.628667
2173,RegionF,305.535,234.46499999999997
2174,RegionA,307.124333,112.87566700000002
2174,RegionB,298.440667,111.55933299999998
2174,RegionC,300.899,104.101
2174,RegionD,235.796333,484.203667
2174,RegionE,251.369667,308.630333
2174,RegionF,207.7,332.3
2175,RegionA,264.176,155.824
2175,RegionB,275.18,134.82
2175,RegionC,262.185667,142.81433299999998
2175,RegionD,186.322,533.678
2175,RegionE,218.751333,341.248667
2175,RegionF,172.577,367.423
2176,RegionA,247.974333,172.025667
2176,RegionB,247.843333,162.156667
2176,RegionC,235.746,169.254
2176,RegionD,133.826,586.174
2176,RegionE,190.325,369.675
2176,RegionF,131.6,408.4
2177,RegionA,212.133,207.867
2177,RegionB,214.749333,195.250667
2177,RegionC,182.336,222.664
2177,RegionD,183.946,536.054
2177,RegionE,187.790667,372.209333
2177,RegionF,136.226667,403.773333
2178,RegionA,250.056667,169.943333
2178,RegionB,210.566667,199.433333
2178,RegionC,195.406,209.594
2178,RegionD,155.326,564.674
2178,RegionE,178.506667,381.493333
2178,RegionF,129.821667,410.178333
2179,RegionA,221.964,198.036
2179,RegionB,234.975333,175.024667
2179,RegionC,199.442,205.558
2179,RegionD,198.750667,521.249333
2179,RegionE,181.804,378.196
2179,RegionF,121.923,418.077
2180,RegionA,257.334667,162.66533299999998
2180,RegionB,234.47,175.53
2180,RegionC,230.740667,174.259333
2180,RegionD,206.143333,513.856667
2180,RegionE,218.06,341.94
2180,RegionF,100.492667,439.507333
2181,RegionA,253.866333,166.133667
2181,RegionB,252.662,157.338
2181,RegionC,223.399333,181.600667
2181,RegionD,197.008333,522.991667
2181,RegionE,198.262667,361.73733300000004
2181,RegionF,149.459333,390.540667
2182,RegionA,291.943333,128.056667
2182,RegionB,260.563,149.437
2182,RegionC,283.674,121.32600000000002
2182,RegionD,202.924667,517.075333
2182,RegionE,209.572667,350.427333
2182,RegionF,179.084667,360.91533300000003
2183,RegionA,288.628667,131.371333
2183,RegionB,297.272667,112.72733299999999
2183,RegionC,306.26,98.74000000000001
2183,RegionD,257.304667,462.695333
2183,RegionE,189.38,370.62
2183,RegionF,247.737333,292.26266699999996
2184,RegionA,289.333333,130.66666700000002
2184,RegionB,333.321333,76.67866700000002
2184,RegionC,343.892,61.108000000000004
2184,RegionD,260.839333,459.160667
2184,RegionE,250.970667,309.029333
2184,RegionF,283.739333,256.260667
2185,RegionA,348.149333,71.85066699999999
2185,RegionB,379.818333,30.181667000000004
2185,RegionC,339.771333,65.22866699999997
2185,RegionD,266.686333,453.313667
2185,RegionE,264.832,295.168
2185,RegionF,283.86,256.14
2186,RegionA,364.792,55.20800000000003
2186,RegionB,356.702,53.298
2186,RegionC,357.44,47.56
2186,RegionD,270.209,449.791
2186,RegionE,350.072,209.928
2186,RegionF,306.702667,233.29733299999998
2187,RegionA,368.662,51.33800000000002
2187,RegionB,360.142333,49.85766699999999
2187,RegionC,354.750667,50.24933299999998
2187,RegionD,321.308333,398.691667
2187,RegionE,345.200667,214.799333
2187,RegionF,355.986,184.014
2188,RegionA,376.767,43.233000000000004
2188,RegionB,361.003,48.997000000000014
2188,RegionC,338.123,66.87700000000001
2188,RegionD,347.126667,372.873333
2188,RegionE,429.688,130.312
2188,RegionF,308.203667,231.796333
2189,RegionA,388.168667,31.831332999999972
2189,RegionB,375.09,34.910000000000025
2189,RegionC,344.386,60.613999999999976
2189,RegionD,308.486667,411.513333
2189,RegionE,438.22,121.77999999999997
2189,RegionF,372.964,167.036
2190,RegionA,384.281333,35.71866699999998
2190,RegionB,382.094,27.906000000000006
2190,RegionC,338.214,66.786
2190,RegionD,393.837667,326.162333
2190,RegionE,423.200667,136.799333
2190,RegionF,362.97,177.02999999999997
2191,RegionA,382.148,37.851999999999975
2191,RegionB,380.928,29.072000000000003
2191,RegionC,350.479,54.521000000000015
2191,RegionD,333.127333,386.872667
2191,RegionE,384.81,175.19
2191,RegionF,431.056,108.94400000000002
2192,RegionA,378.705333,41.294667000000004
2192,RegionB,370.57,39.43000000000001
2192,RegionC,345.402333,59.597667
2192,RegionD,311.151333,408.848667
2192,RegionE,333.225333,226.77466700000002
2192,RegionF,380.827,159.173
2193,RegionA,353.039667,66.96033299999999
2193,RegionB,367.148667,42.85133300000001
2193,RegionC,359.768,45.23200000000003
2193,RegionD,272.068,447.932
2193,RegionE,354.660667,205.339333
2193,RegionF,351.8,188.2
2194,RegionA,357.285333,62.71466700000002
2194,RegionB,365.327667,44.67233299999998
2194,RegionC,377.360667,27.639333000000022
2194,RegionD,268.234,451.766
2194,RegionE,346.790667,213.20933300000002
2194,RegionF,327.056,212.94400000000002
2195,RegionA,348.265,71.73500000000001
2195,RegionB,358.062667,51.937333000000024
2195,RegionC,329.654333,75.34566699999999
2195,RegionD,236.700667,483.299333
2195,RegionE,329.121667,230.878333
2195,RegionF,293.244,246.75599999999997
2196,RegionA,289.894,130.106
2196,RegionB,324.328667,85.671333
2196,RegionC,344.868333,60.13166699999999
2196,RegionD,206.353333,513.646667
2196,RegionE,286.764667,273.235333
2196,RegionF,239.726,300.274
2197,RegionA,263.337333,156.662667
2197,RegionB,320.492,89.50799999999998
2197,RegionC,291.877333,113.12266699999998
2197,RegionD,209.457333,510.542667
2197,RegionE,283.264,276.736
2197,RegionF,242.974,297.026
2198,RegionA,271.711667,148.28833300000002
2198,RegionB,285.859333,124.14066700000001
2198,RegionC,281.465,123.53500000000003
2198,RegionD,194.46,525.54
2198,RegionE,308.404667,251.59533299999998
2198,RegionF,207.826333,332.173667
2199,RegionA,246.146333,173.853667
2199,RegionB,282.724333,127.275667
2199,RegionC,262.308333,142.691667
2199,RegionD,157.361,562.639
2199,RegionE,241.73,318.27
2199,RegionF,182.759667,357.24033299999996
2200,RegionA,231.848667,188.151333
2200,RegionB,246.496667,163.503333
2200,RegionC,244.890333,160.109667
2200,RegionD,136.885667,583.114333
2200,RegionE,201.204,358.796
2200,RegionF,191.358,348.642
2201,RegionA,173.244667,246.755333
2201,RegionB,250.957333,159.042667
2201,RegionC,225.881,179.119
2201,RegionD,149.532,570.468
2201,RegionE,191.117667,368.882333
2201,RegionF,125.511333,414.488667
2202,RegionA,186.196,233.804
2202,RegionB,190.358,219.642
2202,RegionC,192.565333,212.434667
2202,RegionD,99.400667,620.599333
2202,RegionE,167.957333,392.042667
2202,RegionF,143.758,396.24199999999996
2203,RegionA,182.490667,237.509333
2203,RegionB,195.231,214.769
2203,RegionC,217.751,187.249
2203,RegionD,130.112,589.888
2203,RegionE,161.282667,398.717333
2203,RegionF,136.869333,403.130667
2204,RegionA,206.539333,213.460667
2204,RegionB,228.434333,181.565667
2204,RegionC,231.304,173.696
2204,RegionD,193.618,526.3820000000001
2204,RegionE,150.606667,409.393333
2204,RegionF,161.786333,378.213667
2205,RegionA,229.98,190.02
2205,RegionB,253.444333,156.555667
2205,RegionC,208.806,196.194
2205,RegionD,181.14,538.86
2205,RegionE,152.068,407.932
2205,RegionF,137.386667,402.613333
2206,RegionA,245.367333,174.632667
2206,RegionB,309.085,100.91500000000002
2206,RegionC,248.978667,156.021333
2206,RegionD,218.044,501.956
2206,RegionE,209.243333,350.756667
2206,RegionF,188.318667,351.681333
2207,RegionA,266.406,153.594
2207,RegionB,296.500667,113.49933299999998
2207,RegionC,272.127333,132.87266699999998
2207,RegionD,216.376667,503.623333
2207,RegionE,210.057333,349.94266700000003
2207,RegionF,233.466667,306.53333299999997
2208,RegionA,339.867,80.13299999999998
2208,RegionB,359.856,50.144000000000005
2208,RegionC,322.184,82.81599999999997
2208,RegionD,220.386,499.61400000000003
2208,RegionE,251.271333,308.728667
2208,RegionF,304.563333,235.436667
2209,RegionA,357.392667,62.60733299999998
2209,RegionB,366.028,43.97199999999998
2209,RegionC,360.222333,44.77766700000001
2209,RegionD,256.047333,463.952667
2209,RegionE,280.39,279.61
2209,RegionF,317.793333,222.20666699999998
2210,RegionA,377.328667,42.671333000000004
2210,RegionB,373.955,36.045000000000016
2210,RegionC,380.385,24.61500000000001
2210,RegionD,290.95,429.05
2210,RegionE,235.126,324.874
2210,RegionF,347.966667,192.03333300000003
2211,RegionA,387.14,32.860000000000014
2211,RegionB,362.374667,47.62533300000001
2211,RegionC,379.78,25.220000000000027
2211,RegionD,353.092667,366.907333
2211,RegionE,305.011667,254.988333
2211,RegionF,356.809,183.19099999999997
2212,RegionA,373.547333,46.45266700000002
2212,RegionB,349.016667,60.983333000000016
2212,RegionC,368.921667,36.078332999999986
2212,RegionD,345.112667,374.887333
2212,RegionE,333.465333,226.534667
2212,RegionF,334.218,205.78199999999998
2213,RegionA,366.692,53.30799999999999
2213,RegionB,353.449333,56.550666999999976
2213,RegionC,370.378667,34.62133299999999
2213,RegionD,377.790667,342.209333
2213,RegionE,333.268,226.73200000000003
2213,RegionF,350.861333,189.138667
2214,RegionA,390.400333,29.59966700000001
2214,RegionB,352.654667,57.34533299999998
2214,RegionC,376.788,28.21199999999999
2214,RegionD,387.076667,332.923333
2214,RegionE,387.377333,172.62266699999998
2214,RegionF,399.37,140.63
2215,RegionA,393.074667,26.925333000000023
2215,RegionB,347.948,62.05200000000002
2215,RegionC,383.738667,21.26133299999998
2215,RegionD,349.979333,370.020667
2215,RegionE,354.137333,205.862667
2215,RegionF,440.314,99.68599999999998
2216,RegionA,397.428,22.572000000000003
2216,RegionB,337.928,72.072
2216,RegionC,366.971333,38.028666999999984
2216,RegionD,324.441333,395.558667
2216,RegionE,384.932,175.06799999999998
2216,RegionF,394.322333,145.67766699999999
2217,RegionA,396.770667,23.229332999999997
2217,RegionB,327.756333,82.24366700000002
2217,RegionC,351.629667,53.37033300000002
2217,RegionD,324.456333,395.543667
2217,RegionE,304.788333,255.21166699999998
2217,RegionF,354.666,185.334
2218,RegionA,395.732667,24.267333000000008
2218,RegionB,351.637333,58.36266699999999
2218,RegionC,364.377333,40.62266699999998
2218,RegionD,278.388667,441.611333
2218,RegionE,320.632,239.368
2218,RegionF,349.449,190.551
2219,RegionA,384.92,35.079999999999984
2219,RegionB,341.8,68.19999999999999
2219,RegionC,351.93,53.06999999999999
2219,RegionD,235.134667,484.86533299999996
2219,RegionE,306.798667,253.20133299999998
2219,RegionF,300.418333,239.58166699999998
2220,RegionA,342.239333,77.76066700000001
2220,RegionB,319.608,90.392
2220,RegionC,311.902,93.09800000000001
2220,RegionD,211.126667,508.873333
2220,RegionE,264.675,295.325
2220,RegionF,248.762667,291.23733300000004
2221,RegionA,312.164,107.83600000000001
2221,RegionB,306.885333,103.114667
2221,RegionC,320.614333,84.38566700000001
2221,RegionD,215.904667,504.095333
2221,RegionE,232.984333,327.015667
2221,RegionF,263.198,276.802
2222,RegionA,301.14,118.86000000000001
2222,RegionB,303.373333,106.626667
2222,RegionC,290.712667,114.28733299999999
2222,RegionD,166.195333,553.804667
2222,RegionE,237.701667,322.298333
2222,RegionF,243.722667,296.277333
2223,RegionA,249.932333,170.067667
2223,RegionB,269.325,140.675
2223,RegionC,281.542333,123.45766700000001
2223,RegionD,153.160333,566.839667
2223,RegionE,202.707667,357.292333
2223,RegionF,233.366,306.634
2224,RegionA,244.911333,175.088667
2224,RegionB,253.793667,156.206333
2224,RegionC,233.415,171.585
2224,RegionD,110.087667,609.912333
2224,RegionE,156.51,403.49
2224,RegionF,190.19,349.81
2225,RegionA,204.982667,215.017333
2225,RegionB,227.426,182.574
2225,RegionC,203.216,201.784
2225,RegionD,101.550667,618.449333
2225,RegionE,183.716,376.284
2225,RegionF,147.013333,392.986667
2226,RegionA,218.229667,201.770333
2226,RegionB,207.953333,202.046667
2226,RegionC,212.764,192.236
2226,RegionD,76.725,643.275
2226,RegionE,186.230667,373.76933299999996
2226,RegionF,134.399333,405.600667
2227,RegionA,227.075333,192.924667
2227,RegionB,228.216,181.784
2227,RegionC,216.926667,188.073333
2227,RegionD,117.808,602.192
2227,RegionE,238.584,321.416
2227,RegionF,170.595667,369.404333
2228,RegionA,237.278667,182.721333
2228,RegionB,195.215333,214.784667
2228,RegionC,229.756667,175.243333
2228,RegionD,123.742333,596.257667
2228,RegionE,226.208667,333.791333
2228,RegionF,175.848667,364.151333
2229,RegionA,262.162333,157.837667
2229,RegionB,240.47,169.53
2229,RegionC,201.139333,203.860667
2229,RegionD,177.550667,542.449333
2229,RegionE,225.290667,334.709333
2229,RegionF,182.498667,357.501333
2230,RegionA,287.565667,132.43433299999998
2230,RegionB,238.165333,171.834667
2230,RegionC,257.026333,147.97366699999998
2230,RegionD,210.554,509.446
2230,RegionE,260.26,299.74
2230,RegionF,202.224667,337.775333
2231,RegionA,291.006,128.99400000000003
2231,RegionB,314.424,95.57600000000002
2231,RegionC,268.727667,136.272333
2231,RegionD,270.316333,449.683667
2231,RegionE,295.889667,264.110333
2231,RegionF,235.78,304.22
2232,RegionA,369.424,50.57600000000002
2232,RegionB,340.423333,69.57666699999999
2232,RegionC,357.726,47.274
2232,RegionD,297.584,422.416
2232,RegionE,321.232,238.76799999999997
2232,RegionF,212.93,327.07
2233,RegionA,367.176,52.82400000000001
2233,RegionB,326.302,83.69799999999998
2233,RegionC,377.779333,27.22066699999999
2233,RegionD,340.737333,379.262667
2233,RegionE,352.424,207.57600000000002
2233,RegionF,277.657333,262.342667
2234,RegionA,379.914667,40.08533299999999
2234,RegionB,382.506667,27.493333000000007
2234,RegionC,369.259333,35.74066699999997
2234,RegionD,317.928333,402.071667
2234,RegionE,325.38,234.62
2234,RegionF,345.515,194.485
2235,RegionA,381.018667,38.98133300000001
2235,RegionB,380.930667,29.069332999999972
2235,RegionC,368.337333,36.662667
2235,RegionD,358.247333,361.752667
2235,RegionE,350.28,209.72000000000003
2235,RegionF,365.348667,174.65133300000002
2236,RegionA,377.896667,42.10333300000002
2236,RegionB,362.155,47.84500000000003
2236,RegionC,369.553,35.447
2236,RegionD,374.848667,345.151333
2236,RegionE,412.568,147.43200000000002
2236,RegionF,371.246333,168.753667
2237,RegionA,381.589333,38.41066699999999
2237,RegionB,364.58,45.420000000000016
2237,RegionC,372.145,32.85500000000002
2237,RegionD,394.663,325.337
2237,RegionE,431.34,128.66000000000003
2237,RegionF,358.72,181.27999999999997
2238,RegionA,391.284,28.716000000000008
2238,RegionB,364.728,45.27199999999999
2238,RegionC,359.888,45.11200000000002
2238,RegionD,378.444,341.556
2238,RegionE,412.9,147.10000000000002
2238,RegionF,413.572333,126.42766699999999
2239,RegionA,385.272667,34.72733299999999
2239,RegionB,363.874,46.125999999999976
2239,RegionC,366.407667,38.592332999999996
2239,RegionD,337.88,382.12
2239,RegionE,389.931333,170.068667
2239,RegionF,408.11,131.89
2240,RegionA,386.124333,33.87566700000002
2240,RegionB,364.255,45.745000000000005
2240,RegionC,368.74,36.25999999999999
2240,RegionD,313.627333,406.372667
2240,RegionE,331.410667,228.589333
2240,RegionF,432.026667,107.97333300000003
2241,RegionA,370.317333,49.68266699999998
2241,RegionB,372.749667,37.25033300000001
2241,RegionC,368.88,36.120000000000005
2241,RegionD,377.298333,342.701667
2241,RegionE,335.934667,224.065333
2241,RegionF,405.48,134.51999999999998
2242,RegionA,378.852667,41.147333
2242,RegionB,376.697333,33.302666999999985
2242,RegionC,366.78,38.22000000000003
2242,RegionD,310.084,409.916
2242,RegionE,344.398667,215.601333
2242,RegionF,357.876,182.12400000000002
2243,RegionA,368.861333,51.138667
2243,RegionB,356.9,53.10000000000002
2243,RegionC,351.112667,53.88733300000001
2243,RegionD,324.769333,395.230667
2243,RegionE,343.304667,216.695333
2243,RegionF,343.604,196.39600000000002
2244,RegionA,319.508667,100.491333
2244,RegionB,336.869,73.13099999999997
2244,RegionC,348.774,56.226
2244,RegionD,304.541667,415.458333
2244,RegionE,310.271667,249.72833300000002
2244,RegionF,292.579333,247.42066699999998
2245,RegionA,309.560667,110.43933299999998
2245,RegionB,319.323,90.67700000000002
2245,RegionC,330.744,74.25599999999997
2245,RegionD,280.467333,439.532667
2245,RegionE,293.166,266.834
2245,RegionF,239.678667,300.321333
2246,RegionA,270.574333,149.42566699999998
2246,RegionB,280.204333,129.79566699999998
2246,RegionC,298.919667,106.080333
2246,RegionD,212.707,507.293
2246,RegionE,254.55,305.45
2246,RegionF,263.209,276.791
2247,RegionA,243.606667,176.393333
2247,RegionB,242.884,167.116
2247,RegionC,267.164,137.836
2247,RegionD,174.586667,545.413333
2247,RegionE,227.176667,332.823333
2247,RegionF,239.380667,300.619333
2248,RegionA,238.342333,181.657667
2248,RegionB,244.718,165.282
2248,RegionC,226.607333,178.392667
2248,RegionD,172.522333,547.477667
2248,RegionE,207.082,352.918
2248,RegionF,202.444667,337.555333
2249,RegionA,202.662,217.338
2249,RegionB,222.756,187.244
2249,RegionC,200.403333,204.596667
2249,RegionD,144.459667,575.540333
2249,RegionE,182.23,377.77
2249,RegionF,179.212667,360.787333
2250,RegionA,229.554,190.446
2250,RegionB,215.273,194.727
2250,RegionC,198.331667,206.668333
2250,RegionD,150.732,569.268
2250,RegionE,181.645333,378.354667
2250,RegionF,158.809333,381.19066699999996
2251,RegionA,232.956667,187.043333
2251,RegionB,231.628333,178.371667
2251,RegionC,209.964667,195.035333
2251,RegionD,205.295333,514.704667
2251,RegionE,193.53,366.47
2251,RegionF,172.478,367.522
2252,RegionA,202.239333,217.760667
2252,RegionB,219.177333,190.822667
2252,RegionC,208.395333,196.604667
2252,RegionD,213.1,506.9
2252,RegionE,213.64,346.36
2252,RegionF,177.452667,362.547333
2253,RegionA,238.154667,181.845333
2253,RegionB,256.16,153.83999999999997
2253,RegionC,242.282333,162.717667
2253,RegionD,223.230667,496.76933299999996
2253,RegionE,208.593333,351.40666699999997
2253,RegionF,206.594,333.406
2254,RegionA,255.997,164.003
2254,RegionB,279.37,130.63
2254,RegionC,285.042333,119.95766700000001
2254,RegionD,231.058667,488.941333
2254,RegionE,278.322,281.678
2254,RegionF,281.262667,258.737333
2255,RegionA,281.983,138.017
2255,RegionB,286.387333,123.61266699999999
2255,RegionC,330.294,74.70600000000002
2255,RegionD,203.246,516.754
2255,RegionE,297.81,262.19
2255,RegionF,259.29,280.71
2256,RegionA,283.414,136.586
2256,RegionB,313.065333,96.93466699999999
2256,RegionC,326.867333,78.13266700000003
2256,RegionD,246.982667,473.017333
2256,RegionE,302.83,257.17
2256,RegionF,312.775,227.22500000000002
2257,RegionA,270.019333,149.98066699999998
2257,RegionB,386.1,23.899999999999977
2257,RegionC,355.018,49.98200000000003
2257,RegionD,306.722,413.278
2257,RegionE,331.353333,228.64666699999998
2257,RegionF,362.180667,177.81933299999997
2258,RegionA,320.834,99.166
2258,RegionB,388.079667,21.920333000000028
2258,RegionC,352.944667,52.05533300000002
2258,RegionD,337.728667,382.271333
2258,RegionE,363.268,196.73200000000003
2258,RegionF,345.236667,194.763333
2259,RegionA,353.962667,66.03733299999999
2259,RegionB,374.619,35.38099999999997
2259,RegionC,364.632,40.367999999999995
2259,RegionD,312.307,407.693
2259,RegionE,377.941333,182.058667
2259,RegionF,405.448,134.55200000000002
2260,RegionA,358.562333,61.437666999999976
2260,RegionB,371.186667,38.813333
2260,RegionC,367.289333,37.710667
2260,RegionD,272.01,447.99
2260,RegionE,380.499333,179.50066700000002
2260,RegionF,398.12,141.88
2261,RegionA,382.670667,37.32933300000002
2261,RegionB,369.56,40.44
2261,RegionC,361.193,43.807000000000016
2261,RegionD,253.71,466.28999999999996
2261,RegionE,384.233,175.767
2261,RegionF,407.946667,132.053333
2262,RegionA,392.927,27.07299999999998
2262,RegionB,366.645333,43.354667000000006
2262,RegionC,352.216,52.78399999999999
2262,RegionD,306.871,413.129
2262,RegionE,401.180333,158.81966699999998
2262,RegionF,447.262333,92.73766699999999
2263,RegionA,380.104333,39.895667
2263,RegionB,380.560667,29.439332999999976
2263,RegionC,358.746667,46.253333
2263,RegionD,288.907667,431.092333
2263,RegionE,388.269667,171.73033299999997
2263,RegionF,395.65,144.35000000000002
2264,RegionA,379.141,40.85899999999998
2264,RegionB,379.333333,30.666667000000018
2264,RegionC,368.832,36.168000000000006
2264,RegionD,339.148667,380.851333
2264,RegionE,376.811333,183.188667
2264,RegionF,395.216,144.784
2265,RegionA,389.453333,30.546667000000014
2265,RegionB,379.215333,30.784667000000013
2265,RegionC,369.26,35.74000000000001
2265,RegionD,320.76,399.24
2265,RegionE,425.392667,134.60733299999998
2265,RegionF,368.238667,171.76133299999998
2266,RegionA,388.818667,31.181332999999995
2266,RegionB,372.55,37.44999999999999
2266,RegionC,359.35,45.64999999999998
2266,RegionD,321.068667,398.931333
2266,RegionE,335.401667,224.59833300000003
2266,RegionF,355.885,184.115
2267,RegionA,374.217,45.783000000000015
2267,RegionB,378.904,31.096000000000004
2267,RegionC,362.609667,42.390333
2267,RegionD,277.645333,442.354667
2267,RegionE,231.800667,328.199333
2267,RegionF,336.162,203.83800000000002
2268,RegionA,330.753,89.24700000000001
2268,RegionB,314.9,95.10000000000002
2268,RegionC,349.724,55.27600000000001
2268,RegionD,249.774,470.226
2268,RegionE,236.667667,323.332333
2268,RegionF,275.523333,264.476667
2269,RegionA,306.864,113.13600000000002
2269,RegionB,321.863,88.137
2269,RegionC,319.649,85.351
2269,RegionD,300.051333,419.948667
2269,RegionE,244.148667,315.851333
2269,RegionF,314.37,225.63
2270,RegionA,288.555,131.445
2270,RegionB,285.314667,124.68533300000001
2270,RegionC,302.153667,102.84633300000002
2270,RegionD,275.210667,444.789333
2270,RegionE,226.214,333.786
2270,RegionF,253.440333,286.559667
2271,RegionA,273.981333,146.018667
2271,RegionB,246.943667,163.056333
2271,RegionC,266.125,138.875
2271,RegionD,258.561667,461.438333
2271,RegionE,204.303,355.697
2271,RegionF,257.175667,282.824333
2272,RegionA,255.784333,164.215667
2272,RegionB,216.039333,193.960667
2272,RegionC,219.968,185.032
2272,RegionD,202.302,517.698
2272,RegionE,161.886,398.11400000000003
2272,RegionF,224.06,315.94
2273,RegionA,225.173333,194.826667
2273,RegionB,166.775333,243.224667
2273,RegionC,224.452667,180.547333
2273,RegionD,198.151667,521.848333
2273,RegionE,163.748,396.252
2273,RegionF,211.446,328.554
2274,RegionA,201.841333,218.158667
2274,RegionB,167.984,242.016
2274,RegionC,206.406667,198.593333
2274,RegionD,170.146667,549.853333
2274,RegionE,133.305667,426.69433300000003
2274,RegionF,210.429333,329.57066699999996
2275,RegionA,184.412,235.588
2275,RegionB,245.325,164.675
2275,RegionC,208.951,196.049
2275,RegionD,194.368,525.6320000000001
2275,RegionE,192.915333,367.08466699999997
2275,RegionF,214.72,325.28
2276,RegionA,214.604,205.396
2276,RegionB,226.247667,183.752333
2276,RegionC,241.38,163.62
2276,RegionD,168.4,551.6
2276,RegionE,128.872,431.128
2276,RegionF,230.34,309.65999999999997
2277,RegionA,224.438667,195.561333
2277,RegionB,236.006667,173.993333
2277,RegionC,249.374,155.626
2277,RegionD,183.107667,536.892333
2277,RegionE,183.180667,376.81933300000003
2277,RegionF,168.071,371.929
2278,RegionA,257.653333,162.34666700000002
2278,RegionB,265.085333,144.914667
2278,RegionC,266.943333,138.056667
2278,RegionD,203.729667,516.2703329999999
2278,RegionE,256.016667,303.983333
2278,RegionF,227.796,312.204
2279,RegionA,267.128,152.872
2279,RegionB,296.139,113.86099999999999
2279,RegionC,304.397667,100.60233299999999
2279,RegionD,185.958667,534.041333
2279,RegionE,233.696,326.304
2279,RegionF,233.713333,306.28666699999997
2280,RegionA,313.262,106.738
2280,RegionB,317.865,92.13499999999999
2280,RegionC,310.217,94.78300000000002
2280,RegionD,201.848667,518.151333
2280,RegionE,228.690667,331.30933300000004
2280,RegionF,229.814,310.18600000000004
2281,RegionA,335.726333,84.27366699999999
2281,RegionB,312.227333,97.77266700000001
2281,RegionC,359.726667,45.27333299999998
2281,RegionD,262.084,457.916
2281,RegionE,287.122333,272.877667
2281,RegionF,251.03,288.97
2282,RegionA,370.778,49.22199999999998
2282,RegionB,365.173667,44.82633299999998
2282,RegionC,367.795667,37.20433300000002
2282,RegionD,352.956667,367.043333
2282,RegionE,298.84,261.16
2282,RegionF,258.567333,281.432667
2283,RegionA,394.032,25.968000000000018
2283,RegionB,357.253333,52.746667
2283,RegionC,367.660667,37.33933300000001
2283,RegionD,411.696667,308.303333
2283,RegionE,317.770667,242.229333
2283,RegionF,323.479333,216.520667
2284,RegionA,391.836,28.163999999999987
2284,RegionB,366.691667,43.308333000000005
2284,RegionC,368.260667,36.73933299999999
2284,RegionD,405.539333,314.460667
2284,RegionE,349.280667,210.719333
2284,RegionF,352.960667,187.039333
2285,RegionA,392.842,27.158000000000015
2285,RegionB,380.837333,29.162667
2285,RegionC,378.874,26.125999999999976
2285,RegionD,382.888333,337.111667
2285,RegionE,336.046667,223.953333
2285,RegionF,403.916333,136.083667
2286,RegionA,394.413333,25.586666999999977
2286,RegionB,384.192667,25.80733300000003
2286,RegionC,376.442667,28.55733300000003
2286,RegionD,369.520667,350.479333
2286,RegionE,385.664,174.336
2286,RegionF,452.538333,87.46166699999998
2287,RegionA,398.286667,21.713332999999977
2287,RegionB,385.101333,24.89866699999999
2287,RegionC,374.993333,30.006666999999993
2287,RegionD,379.686667,340.313333
2287,RegionE,333.713,226.28699999999998
2287,RegionF,431.655,108.34500000000003
2288,RegionA,397.963667,22.036333000000013
2288,RegionB,386.122,23.877999999999986
2288,RegionC,378.190333,26.80966699999999
2288,RegionD,374.992,345.008
2288,RegionE,344.323333,215.676667
2288,RegionF,346.494,193.50599999999997
2289,RegionA,399.638667,20.361333000000002
2289,RegionB,374.421,35.57900000000001
2289,RegionC,378.421,26.579000000000008
2289,RegionD,335.989333,384.010667
2289,RegionE,330.060333,229.939667
2289,RegionF,329.008667,210.991333
2290,RegionA,395.779,24.221000000000004
2290,RegionB,378.279,31.721000000000004
2290,RegionC,378.817333,26.18266699999998
2290,RegionD,324.79,395.21
2290,RegionE,365.62,194.38
2290,RegionF,320.530667,219.469333
2291,RegionA,366.466667,53.53333300000003
2291,RegionB,379.210667,30.789333
2291,RegionC,378.595,26.404999999999973
2291,RegionD,321.013333,398.986667
2291,RegionE,301.062667,258.937333
2291,RegionF,300.495333,239.50466699999998
2292,RegionA,340.839333,79.16066699999999
2292,RegionB,322.204667,87.79533300000003
2292,RegionC,340.790333,64.20966700000002
2292,RegionD,272.770667,447.229333
2292,RegionE,307.953333,252.046667
2292,RegionF,278.896333,261.103667
2293,RegionA,328.051333,91.948667
2293,RegionB,315.246667,94.753333
2293,RegionC,345.194,59.80599999999998
2293,RegionD,253.031333,466.968667
2293,RegionE,294.186,265.814
2293,RegionF,299.888333,240.111667
2294,RegionA,286.406,133.594
2294,RegionB,308.457333,101.542667
2294,RegionC,302.857,102.14299999999997
2294,RegionD,226.709333,493.290667
2294,RegionE,223.344333,336.655667
2294,RegionF,256.140667,283.859333
2295,RegionA,244.948333,175.051667
2295,RegionB,265.304,144.69600000000003
2295,RegionC,269.192,135.808
2295,RegionD,163.554,556.446
2295,RegionE,167.412667,392.587333
2295,RegionF,255.893333,284.106667
2296,RegionA,213.762,206.238
2296,RegionB,221.686667,188.313333
2296,RegionC,259.198,145.80200000000002
2296,RegionD,159.622,560.3779999999999
2296,RegionE,161.374,398.626
2296,RegionF,203.594,336.406
2297,RegionA,241.931667,178.068333
2297,RegionB,225.650667,184.349333
2297,RegionC,212.591333,192.408667
2297,RegionD,86.65,633.35
2297,RegionE,127.687667,432.31233299999997
2297,RegionF,159.994667,380.005333
2298,RegionA,221.886,198.114
2298,RegionB,236.368,173.632
2298,RegionC,202.472,202.528
2298,RegionD,56.394,663.606
2298,RegionE,147.983,412.017
2298,RegionF,153.693333,386.306667
2299,RegionA,200.081667,219.918333
2299,RegionB,221.608,188.392
2299,RegionC,228.843333,176.156667
2299,RegionD,128.014667,591.985333
2299,RegionE,135.136,424.86400000000003
2299,RegionF,172.543333,367.45666700000004
2300,RegionA,208.488667,211.511333
2300,RegionB,248.131333,161.868667
2300,RegionC,218.51,186.49
2300,RegionD,159.220333,560.779667
2300,RegionE,184.573333,375.426667
2300,RegionF,115.995667,424.004333
2301,RegionA,240.88,179.12
2301,RegionB,257.628667,152.371333
2301,RegionC,246.861333,158.138667
2301,RegionD,163.536667,556.463333
2301,RegionE,213.71,346.28999999999996
2301,RegionF,183.578667,356.421333
2302,RegionA,301.127333,118.87266699999998
2302,RegionB,282.876,127.12400000000002
2302,RegionC,274.890667,130.109333
2302,RegionD,218.786,501.214
2302,RegionE,227.908667,332.09133299999996
2302,RegionF,193.650667,346.349333
2303,RegionA,302.005333,117.99466699999999
2303,RegionB,293.236333,116.763667
2303,RegionC,272.006667,132.993333
2303,RegionD,260.279333,459.720667
2303,RegionE,281.46,278.54
2303,RegionF,219.689667,320.310333
2304,RegionA,337.02,82.98000000000002
2304,RegionB,354.361333,55.638667
2304,RegionC,294.538667,110.46133300000002
2304,RegionD,272.183333,447.816667
2304,RegionE,309.248667,250.751333
2304,RegionF,289.157333,250.842667
2305,RegionA,376.244667,43.75533300000001
2305,RegionB,339.031333,70.96866699999998
2305,RegionC,325.969,79.031
2305,RegionD,298.942,421.058
2305,RegionE,366.98,193.01999999999998
2305,RegionF,359.013333,180.986667
2306,RegionA,370.437,49.56299999999999
2306,RegionB,377.562667,32.437333000000024
2306,RegionC,353.790667,51.209333000000015
2306,RegionD,330.824,389.176
2306,RegionE,314.050667,245.94933300000002
2306,RegionF,397.231333,142.768667
2307,RegionA,378.136,41.863999999999976
2307,RegionB,378.478,31.52199999999999
2307,RegionC,362.148,42.851999999999975
2307,RegionD,327.269,392.731
2307,RegionE,350.343333,209.65666700000003
2307,RegionF,412.7,127.30000000000001
2308,RegionA,395.850667,24.149333000000013
2308,RegionB,384.82,25.180000000000007
2308,RegionC,370.637333,34.36266699999999
2308,RegionD,285.351667,434.648333
2308,RegionE,333.28,226.72000000000003
2308,RegionF,407.259,132.74099999999999
2309,RegionA,397.525333,22.47466700000001
2309,RegionB,382.863333,27.13666699999999
2309,RegionC,372.597333,32.40266700000001
2309,RegionD,303.091333,416.908667
2309,RegionE,409.329333,150.67066699999998
2309,RegionF,354.627,185.373
2310,RegionA,391.086667,28.913333000000023
2310,RegionB,383.984,26.01600000000002
2310,RegionC,373.755667,31.244332999999983
2310,RegionD,315.903333,404.096667
2310,RegionE,447.785,112.21499999999997
2310,RegionF,329.344,210.656
2311,RegionA,391.374667,28.625333000000012
2311,RegionB,386.301667,23.69833299999999
2311,RegionC,374.896,30.103999999999985
2311,RegionD,372.501,347.499
2311,RegionE,407.507333,152.49266699999998
2311,RegionF,365.776667,174.22333300000003
2312,RegionA,392.138667,27.861333000000002
2312,RegionB,367.539,42.46100000000001
2312,RegionC,371.32,33.68000000000001
2312,RegionD,362.903667,357.096333
2312,RegionE,433.094,126.906
2312,RegionF,317.065333,222.934667
2313,RegionA,391.69,28.310000000000002
2313,RegionB,368.385,41.61500000000001
2313,RegionC,373.504,31.49599999999998
2313,RegionD,381.955,338.045
2313,RegionE,384.693333,175.306667
2313,RegionF,271.952667,268.047333
2314,RegionA,385.345333,34.65466700000002
2314,RegionB,371.181667,38.818332999999996
2314,RegionC,383.99,21.00999999999999
2314,RegionD,313.507333,406.492667
2314,RegionE,379.533333,180.46666699999997
2314,RegionF,234.373,305.627
2315,RegionA,356.366,63.634000000000015
2315,RegionB,358.533333,51.46666699999997
2315,RegionC,383.98,21.019999999999982
2315,RegionD,249.92,470.08000000000004
2315,RegionE,366.205333,193.794667
2315,RegionF,265.306333,274.693667
2316,RegionA,334.419333,85.580667
2316,RegionB,321.638,88.36200000000002
2316,RegionC,330.159,74.84100000000001
2316,RegionD,232.715,487.28499999999997
2316,RegionE,309.75,250.25
2316,RegionF,187.822667,352.177333
2317,RegionA,321.578,98.42200000000003
2317,RegionB,284.370333,125.62966699999998
2317,RegionC,326.198,78.80200000000002
2317,RegionD,201.626667,518.373333
2317,RegionE,295.543,264.457
2317,RegionF,219.276333,320.723667
2318,RegionA,311.289333,108.710667
2318,RegionB,253.032333,156.967667
2318,RegionC,313.006667,91.993333
2318,RegionD,201.824,518.1759999999999
2318,RegionE,281.520333,278.479667
2318,RegionF,187.23,352.77
2319,RegionA,268.040667,151.95933300000002
2319,RegionB,215.175333,194.824667
2319,RegionC,269.766,135.23399999999998
2319,RegionD,181.888667,538.1113330000001
2319,RegionE,236.615667,323.38433299999997
2319,RegionF,180.670667,359.329333
2320,RegionA,230.882,189.118
2320,RegionB,211.345333,198.654667
2320,RegionC,243.646,161.354
2320,RegionD,166.305333,553.694667
2320,RegionE,166.424333,393.575667
2320,RegionF,162.403333,377.596667
2321,RegionA,221.382667,198.617333
2321,RegionB,209.708667,200.291333
2321,RegionC,218.452,186.548
2321,RegionD,102.535,617.465
2321,RegionE,130.652667,429.347333
2321,RegionF,139.734667,400.265333
2322,RegionA,228.439333,191.560667
2322,RegionB,203.844333,206.155667
2322,RegionC,221.772,183.228
2322,RegionD,114.512,605.488
2322,RegionE,161.61,398.39
2322,RegionF,118.178333,421.821667
2323,RegionA,223.88,196.12
2323,RegionB,195.766667,214.233333
2323,RegionC,215.316667,189.683333
2323,RegionD,166.373,553.627
2323,RegionE,151.868,408.132
2323,RegionF,137.578667,402.421333
2324,RegionA,232.096667,187.903333
2324,RegionB,229.65,180.35
2324,RegionC,225.404667,179.595333
2324,RegionD,191.994667,528.0053330000001
2324,RegionE,168.138667,391.861333
2324,RegionF,142.303333,397.696667
2325,RegionA,263.604667,156.395333
2325,RegionB,261.83,148.17000000000002
2325,RegionC,264.2,140.8
2325,RegionD,226.94,493.06
2325,RegionE,226.098333,333.901667
2325,RegionF,160.735333,379.26466700000003
2326,RegionA,291.847,128.15300000000002
2326,RegionB,259.405,150.59500000000003
2326,RegionC,262.53,142.47000000000003
2326,RegionD,182.754,537.246
2326,RegionE,198.73,361.27
2326,RegionF,202.214,337.786
2327,RegionA,311.21,108.79000000000002
2327,RegionB,301.144667,108.85533299999997
2327,RegionC,315.397333,89.602667
2327,RegionD,163.965667,556.0343330000001
2327,RegionE,245.89,314.11
2327,RegionF,232.132,307.868
2328,RegionA,343.678667,76.32133299999998
2328,RegionB,329.599667,80.40033299999999
2328,RegionC,327.339333,77.66066699999999
2328,RegionD,145.16,574.84
2328,RegionE,263.933667,296.066333
2328,RegionF,272.824,267.176
2329,RegionA,360.921333,59.078666999999996
2329,RegionB,349.961667,60.03833300000002
2329,RegionC,365.020333,39.979667000000006
2329,RegionD,200.610667,519.389333
2329,RegionE,310.091333,249.90866699999998
2329,RegionF,336.046,203.954
2330,RegionA,388.012,31.988
2330,RegionB,354.209333,55.790666999999985
2330,RegionC,348.058667,56.941332999999986
2330,RegionD,228.195,491.805
2330,RegionE,353.572,206.428
2330,RegionF,354.344333,185.655667
2331,RegionA,395.261333,24.73866700000002
2331,RegionB,352.777333,57.222667
2331,RegionC,346.184,58.815999999999974
2331,RegionD,262.839333,457.160667
2331,RegionE,373.745333,186.25466699999998
2331,RegionF,419.14,120.86000000000001
2332,RegionA,391.86,28.139999999999986
2332,RegionB,339.100667,70.89933300000001
2332,RegionC,335.274667,69.72533299999998
2332,RegionD,335.328333,384.671667
2332,RegionE,412.736333,147.263667
2332,RegionF,423.715,116.28500000000003
2333,RegionA,393.064667,26.935333000000014
2333,RegionB,346.741333,63.258667
2333,RegionC,350.538,54.46199999999999
2333,RegionD,383.35,336.65
2333,RegionE,399.644,160.356
2333,RegionF,417.218,122.78199999999998
2334,RegionA,393.832,26.168000000000006
2334,RegionB,364.879333,45.120667000000026
2334,RegionC,361.123333,43.876667
2334,RegionD,394.974333,325.025667
2334,RegionE,382.474667,177.525333
2334,RegionF,431.517333,108.48266699999999
2335,RegionA,375.794667,44.205332999999996
2335,RegionB,346.489333,63.51066700000001
2335,RegionC,381.5,23.5
2335,RegionD,409.985333,310.014667
2335,RegionE,404.147667,155.852333
2335,RegionF,426.491333,113.508667
2336,RegionA,354.504667,65.49533300000002
2336,RegionB,358.462333,51.537667
2336,RegionC,382.404667,22.595332999999982
2336,RegionD,390.279667,329.720333
2336,RegionE,395.289,164.711
2336,RegionF,421.926667,118.07333299999999
2337,RegionA,350.470667,69.52933300000001
2337,RegionB,379.043333,30.95666699999998
2337,RegionC,379.085333,25.91466700000001
2337,RegionD,409.412667,310.587333
2337,RegionE,381.226667,178.77333299999998
2337,RegionF,377.09,162.91000000000003
2338,RegionA,340.953333,79.04666700000001
2338,RegionB,378.132,31.867999999999995
2338,RegionC,370.088,34.91199999999998
2338,RegionD,401.039333,318.960667
2338,RegionE,360.271,199.72899999999998
2338,RegionF,330.660667,209.339333
2339,RegionA,318.835333,101.16466700000001
2339,RegionB,372.823333,37.17666700000001
2339,RegionC,368.349333,36.650667
2339,RegionD,300.26,419.74
2339,RegionE,338.2,221.8
2339,RegionF,331.968,208.03199999999998
2340,RegionA,298.105333,121.89466700000003
2340,RegionB,322.604667,87.395333
2340,RegionC,352.512,52.488
2340,RegionD,254.09,465.90999999999997
2340,RegionE,260.36,299.64
2340,RegionF,275.391667,264.608333
2341,RegionA,285.200667,134.799333
2341,RegionB,323.337333,86.662667
2341,RegionC,297.421,107.57900000000001
2341,RegionD,189.087,530.913
2341,RegionE,267.329333,292.670667
2341,RegionF,240.608667,299.39133300000003
2342,RegionA,306.151667,113.84833300000003
2342,RegionB,276.184,133.81599999999997
2342,RegionC,262.421667,142.578333
2342,RegionD,212.742333,507.25766699999997
2342,RegionE,263.417,296.583
2342,RegionF,211.152667,328.847333
2343,RegionA,299.759333,120.24066699999997
2343,RegionB,242.699333,167.300667
2343,RegionC,236.347667,168.652333
2343,RegionD,147.915,572.085
2343,RegionE,258.560333,301.439667
2343,RegionF,197.307,342.693
2344,RegionA,220.942333,199.057667
2344,RegionB,238.436667,171.563333
2344,RegionC,216.343333,188.656667
2344,RegionD,130.301667,589.698333
2344,RegionE,228.408,331.592
2344,RegionF,169.381333,370.61866699999996
2345,RegionA,194.586667,225.413333
2345,RegionB,219.490333,190.509667
2345,RegionC,239.996,165.004
2345,RegionD,90.97,629.03
2345,RegionE,241.192,318.808
2345,RegionF,114.24,425.76
2346,RegionA,208.58,211.42
2346,RegionB,184.253333,225.746667
2346,RegionC,217.086,187.914
2346,RegionD,96.698,623.302
2346,RegionE,223.376667,336.623333
2346,RegionF,125.898333,414.101667
2347,RegionA,243.524667,176.475333
2347,RegionB,202.881333,207.118667
2347,RegionC,217.668667,187.331333
2347,RegionD,134.664667,585.335333
2347,RegionE,170.398667,389.601333
2347,RegionF,127.708333,412.291667
2348,RegionA,230.445333,189.554667
2348,RegionB,200.048,209.952
2348,RegionC,237.809,167.191
2348,RegionD,191.255333,528.7446669999999
2348,RegionE,160.055,399.945
2348,RegionF,125.194667,414.805333
2349,RegionA,257.28,162.72000000000003
2349,RegionB,242.964,167.036
2349,RegionC,268.83,136.17000000000002
2349,RegionD,213.748667,506.251333
2349,RegionE,155.844667,404.15533300000004
2349,RegionF,162.691333,377.308667
2350,RegionA,266.843333,153.15666700000003
2350,RegionB,267.692,142.308
2350,RegionC,207.668,197.332
2350,RegionD,170.304,549.696
2350,RegionE,144.602,415.398
2350,RegionF,247.488,292.512
2351,RegionA,315.127333,104.87266699999998
2351,RegionB,311.786667,98.21333299999998
2351,RegionC,329.118333,75.881667
2351,RegionD,193.310667,526.689333
2351,RegionE,156.597333,403.402667
2351,RegionF,234.893333,305.106667
2352,RegionA,320.06,99.94
2352,RegionB,331.223333,78.77666699999997
2352,RegionC,296.828,108.17200000000003
2352,RegionD,194.566667,525.433333
2352,RegionE,190.318,369.682
2352,RegionF,286.982333,253.01766700000002
2353,RegionA,357.614333,62.38566700000001
2353,RegionB,385.631,24.369000000000028
2353,RegionC,364.772,40.22800000000001
2353,RegionD,190.846,529.154
2353,RegionE,291.199333,268.800667
2353,RegionF,307.49,232.51
2354,RegionA,380.174,39.82600000000002
2354,RegionB,384.566667,25.433333000000005
2354,RegionC,373.908667,31.09133300000002
2354,RegionD,260.636,459.364
2354,RegionE,346.005,213.995
2354,RegionF,351.118,188.882
2355,RegionA,376.858667,43.141332999999975
2355,RegionB,381.807,28.192999999999984
2355,RegionC,383.448,21.55200000000002
2355,RegionD,313.188667,406.811333
2355,RegionE,336.97,223.02999999999997
2355,RegionF,368.749,171.25099999999998
2356,RegionA,382.048333,37.951666999999986
2356,RegionB,381.033333,28.966666999999973
2356,RegionC,382.45,22.55000000000001
2356,RegionD,370.535667,349.464333
2356,RegionE,374.490667,185.50933300000003
2356,RegionF,339.500667,200.49933299999998
2357,RegionA,394.315333,25.68466699999999
2357,RegionB,378.878333,31.121667000000002
2357,RegionC,374.548667,30.451332999999977
2357,RegionD,409.832667,310.167333
2357,RegionE,389.109667,170.890333
2357,RegionF,378.25,161.75
2358,RegionA,398.168667,21.831332999999972
2358,RegionB,381.236,28.76400000000001
2358,RegionC,374.988,30.012
2358,RegionD,393.328667,326.671333
2358,RegionE,402.543333,157.45666699999998
2358,RegionF,390.549333,149.450667
2359,RegionA,399.26,20.74000000000001
2359,RegionB,380.160667,29.83933300000001
2359,RegionC,373.144,31.855999999999995
2359,RegionD,361.891667,358.108333
2359,RegionE,402.316,157.68400000000003
2359,RegionF,364.123333,175.876667
2360,RegionA,397.653333,22.346667000000025
2360,RegionB,379.850667,30.149333000000013
2360,RegionC,375.781,29.218999999999994
2360,RegionD,370.064667,349.935333
2360,RegionE,346.443,213.55700000000002
2360,RegionF,317.414667,222.585333
2361,RegionA,396.584,23.415999999999997
2361,RegionB,350.211333,59.788666999999975
2361,RegionC,376.636,28.363999999999976
2361,RegionD,337.603333,382.396667
2361,RegionE,291.82,268.18
2361,RegionF,323.02,216.98000000000002
2362,RegionA,397.005333,22.994666999999993
2362,RegionB,365.454333,44.54566699999998
2362,RegionC,376.7,28.30000000000001
2362,RegionD,330.079333,389.920667
2362,RegionE,264.247667,295.752333
2362,RegionF,322.996667,217.003333
2363,RegionA,375.234333,44.76566700000001
2363,RegionB,362.790667,47.209333000000015
2363,RegionC,369.556,35.44400000000002
2363,RegionD,318.479333,401.520667
2363,RegionE,254.41,305.59000000000003
2363,RegionF,301.386,238.61399999999998
2364,RegionA,318.145333,101.854667
2364,RegionB,330.592,79.40800000000002
2364,RegionC,316.010333,88.989667
2364,RegionD,330.923333,389.076667
2364,RegionE,254.1,305.9
2364,RegionF,317.597333,222.402667
2365,RegionA,323.712,96.28800000000001
2365,RegionB,298.355,111.64499999999998
2365,RegionC,314.036,90.964
2365,RegionD,302.102667,417.897333
2365,RegionE,245.560667,314.43933300000003
2365,RegionF,307.142,232.858
2366,RegionA,306.784667,113.21533299999999
2366,RegionB,280.888333,129.111667
2366,RegionC,294.203333,110.79666700000001
2366,RegionD,272.702,447.298
2366,RegionE,294.720333,265.279667
2366,RegionF,256.319333,283.680667
2367,RegionA,279.265,140.735
2367,RegionB,256.333,153.66699999999997
2367,RegionC,279.114,125.88600000000002
2367,RegionD,217.241667,502.758333
2367,RegionE,237.489333,322.510667
2367,RegionF,186.483333,353.516667
2368,RegionA,252.677333,167.322667
2368,RegionB,200.689333,209.310667
2368,RegionC,232.794,172.206
2368,RegionD,164.310667,555.689333
2368,RegionE,192.512333,367.487667
2368,RegionF,163.547333,376.452667
2369,RegionA,244.037,175.963
2369,RegionB,190.894667,219.105333
2369,RegionC,225.588667,179.411333
2369,RegionD,147.247,572.7529999999999
2369,RegionE,148.52,411.48
2369,RegionF,135.331333,404.668667
2370,RegionA,223.778333,196.221667
2370,RegionB,178.594667,231.405333
2370,RegionC,232.939333,172.060667
2370,RegionD,141.344,578.656
2370,RegionE,162.789333,397.210667
2370,RegionF,105.996667,434.003333
2371,RegionA,211.681333,208.318667
2371,RegionB,191.327333,218.672667
2371,RegionC,208.954667,196.045333
2371,RegionD,160.785667,559.214333
2371,RegionE,152.108667,407.89133300000003
2371,RegionF,124.43,415.57
2372,RegionA,228.347333,191.652667
2372,RegionB,232.926,177.074
2372,RegionC,235.86,169.14
2372,RegionD,144.431333,575.568667
2372,RegionE,184.502,375.498
2372,RegionF,120.669,419.331
2373,RegionA,261.048667,158.95133299999998
2373,RegionB,237.536667,172.463333
2373,RegionC,248.680667,156.319333
2373,RegionD,166.727,553.273
2373,RegionE,210.608667,349.39133300000003
2373,RegionF,138.820667,401.17933300000004
2374,RegionA,271.923333,148.076667
2374,RegionB,296.936,113.06400000000002
2374,RegionC,260.68,144.32
2374,RegionD,168.469,551.531
2374,RegionE,180.176667,379.823333
2374,RegionF,183.228,356.772
2375,RegionA,314.171333,105.828667
2375,RegionB,282.975333,127.02466700000002
2375,RegionC,294.251333,110.74866700000001
2375,RegionD,228.954667,491.045333
2375,RegionE,225.865333,334.13466700000004
2375,RegionF,276.706,263.294
2376,RegionA,309.804667,110.195333
2376,RegionB,326.364667,83.635333
2376,RegionC,344.690333,60.30966699999999
2376,RegionD,306.754667,413.245333
2376,RegionE,284.838667,275.161333
2376,RegionF,294.039333,245.960667
2377,RegionA,365.486667,54.51333299999999
2377,RegionB,352.361333,57.638667
2377,RegionC,328.52,76.48000000000002
2377,RegionD,329.964667,390.035333
2377,RegionE,278.656667,281.343333
2377,RegionF,289.888,250.11200000000002
2378,RegionA,386.013333,33.98666700000001
2378,RegionB,382.850667,27.149333000000013
2378,RegionC,365.282667,39.717332999999996
2378,RegionD,348.947333,371.052667
2378,RegionE,270.491,289.509
2378,RegionF,288.251333,251.748667
2379,RegionA,393.177333,26.822667000000024
2379,RegionB,383.332,26.668000000000006
2379,RegionC,363.225333,41.77466700000002
2379,RegionD,373.827,346.173
2379,RegionE,303.226,256.774
2379,RegionF,297.421333,242.578667
2380,RegionA,376.727333,43.27266700000001
2380,RegionB,361.266667,48.733333000000016
2380,RegionC,367.83,37.170000000000016
2380,RegionD,401.420667,318.579333
2380,RegionE,379.651333,180.34866699999998
2380,RegionF,273.648333,266.351667
2381,RegionA,374.448667,45.551333
2381,RegionB,353.538667,56.461333000000025
2381,RegionC,365.41,39.589999999999975
2381,RegionD,402.656,317.344
2381,RegionE,357.794667,202.205333
2381,RegionF,299.575333,240.424667
2382,RegionA,376.852,43.148000000000025
2382,RegionB,357.084,52.916
2382,RegionC,353.62,51.379999999999995
2382,RegionD,364.554,355.446
2382,RegionE,424.756667,135.243333
2382,RegionF,360.613333,179.386667
2383,RegionA,391.778667,28.221333000000016
2383,RegionB,367.330667,42.669332999999995
2383,RegionC,365.773333,39.22666700000002
2383,RegionD,367.476,352.524
2383,RegionE,381.65,178.35000000000002
2383,RegionF,399.154667,140.84533299999998
2384,RegionA,394.555333,25.44466699999998
2384,RegionB,363.42,46.579999999999984
2384,RegionC,379.268667,25.731333000000006
2384,RegionD,382.357667,337.642333
2384,RegionE,391.725,168.27499999999998
2384,RegionF,389.646,150.35399999999998
2385,RegionA,397.473333,22.526666999999975
2385,RegionB,361.14,48.860000000000014
2385,RegionC,380.261333,24.73866700000002
2385,RegionD,376.262667,343.737333
2385,RegionE,308.909333,251.090667
2385,RegionF,323.424,216.57600000000002
2386,RegionA,396.824,23.175999999999988
2386,RegionB,348.609333,61.39066700000001
2386,RegionC,381.109333,23.890667000000008
2386,RegionD,345.526,374.474
2386,RegionE,318.36,241.64
2386,RegionF,289.396,250.60399999999998
2387,RegionA,369.585,50.41500000000002
2387,RegionB,357.312667,52.687333000000024
2387,RegionC,367.186333,37.81366700000001
2387,RegionD,284.687333,435.312667
2387,RegionE,237.059,322.94100000000003
2387,RegionF,268.386667,271.613333
2388,RegionA,342.459333,77.54066699999998
2388,RegionB,309.892667,100.10733299999998
2388,RegionC,304.750667,100.24933299999998
2388,RegionD,288.34,431.66
2388,RegionE,276.284,283.716
2388,RegionF,183.54,356.46000000000004
2389,RegionA,315.173333,104.82666699999999
2389,RegionB,312.122667,97.87733300000002
2389,RegionC,323.67,81.32999999999998
2389,RegionD,276.742333,443.257667
2389,RegionE,255.563333,304.436667
2389,RegionF,249.668667,290.331333
2390,RegionA,303.77,116.23000000000002
2390,RegionB,283.511333,126.48866700000002
2390,RegionC,297.518667,107.481333
2390,RegionD,220.578667,499.421333
2390,RegionE,162.153,397.847
2390,RegionF,207.527,332.473
2391,RegionA,261.085667,158.914333
2391,RegionB,267.384667,142.61533300000002
2391,RegionC,287.315333,117.68466699999999
2391,RegionD,163.742667,556.257333
2391,RegionE,136.862,423.13800000000003
2391,RegionF,176.351333,363.648667
2392,RegionA,246.132333,173.867667
2392,RegionB,246.264,163.736
2392,RegionC,251.304667,153.695333
2392,RegionD,135.089667,584.910333
2392,RegionE,138.071333,421.928667
2392,RegionF,110.130667,429.869333
2393,RegionA,205.558333,214.441667
2393,RegionB,186.761333,223.238667
2393,RegionC,199.5,205.5
2393,RegionD,162.847333,557.1526670000001
2393,RegionE,122.781333,437.218667
2393,RegionF,114.762667,425.23733300000004
2394,RegionA,216.963667,203.036333
2394,RegionB,204.92,205.08
2394,RegionC,221.473,183.527
2394,RegionD,152.298667,567.701333
2394,RegionE,111.780667,448.219333
2394,RegionF,159.15,380.85
2395,RegionA,224.566,195.434
2395,RegionB,193.223333,216.776667
2395,RegionC,229.516,175.484
2395,RegionD,135.815333,584.184667
2395,RegionE,86.956667,473.043333
2395,RegionF,165.802,374.198
2396,RegionA,219.676,200.324
2396,RegionB,192.422667,217.577333
2396,RegionC,227.382333,177.617667
2396,RegionD,149.052333,570.947667
2396,RegionE,127.568667,432.431333
2396,RegionF,129.38,410.62
2397,RegionA,207.508667,212.491333
2397,RegionB,240.434667,169.565333
2397,RegionC,275.196667,129.803333
2397,RegionD,170.268333,549.731667
2397,RegionE,160.878,399.122
2397,RegionF,166.16,373.84000000000003
2398,RegionA,260.890667,159.109333
2398,RegionB,273.081,136.91899999999998
2398,RegionC,288.158667,116.84133300000002
2398,RegionD,192.122667,527.877333
2398,RegionE,202.833333,357.16666699999996
2398,RegionF,179.29,360.71000000000004
2399,RegionA,302.28,117.72000000000003
2399,RegionB,283.883333,126.116667
2399,RegionC,316.006667,88.993333
2399,RegionD,238.008667,481.991333
2399,RegionE,226.501333,333.498667
2399,RegionF,216.338,323.66200000000003
2400,RegionA,367.981667,52.018332999999984
2400,RegionB,325.436667,84.563333
2400,RegionC,337.659333,67.340667
2400,RegionD,296.44,423.56
2400,RegionE,346.67,213.32999999999998
2400,RegionF,358.41,181.58999999999997
2401,RegionA,393.03,26.970000000000027
2401,RegionB,381.385333,28.614666999999997
2401,RegionC,357.876,47.124000000000024
2401,RegionD,304.584,415.416
2401,RegionE,382.138333,177.861667
2401,RegionF,314.83,225.17000000000002
2402,RegionA,395.664,24.336000000000013
2402,RegionB,361.789333,48.210667
2402,RegionC,357.1,47.89999999999998
2402,RegionD,309.091667,410.908333
2402,RegionE,382.82,177.18
2402,RegionF,319.95,220.05
2403,RegionA,392.285,27.714999999999975
2403,RegionB,363.532,46.46800000000002
2403,RegionC,357.1,47.89999999999998
2403,RegionD,310.994333,409.005667
2403,RegionE,390.24,169.76
2403,RegionF,331.53,208.47000000000003
2404,RegionA,390.553333,29.44666699999999
2404,RegionB,364.354667,45.645332999999994
2404,RegionC,355.5,49.5
2404,RegionD,357.345667,362.654333
2404,RegionE,376.258333,183.741667
2404,RegionF,339.75,200.25
2405,RegionA,390.19,29.810000000000002
2405,RegionB,376.153333,33.846667000000025
2405,RegionC,362.527333,42.472667
2405,RegionD,359.761333,360.238667
2405,RegionE,402.854,157.14600000000002
2405,RegionF,374.923333,165.076667
2406,RegionA,392.482667,27.517333000000008
2406,RegionB,379.895,30.105000000000018
2406,RegionC,356.012,48.988
2406,RegionD,376.36,343.64
2406,RegionE,438.076667,121.92333300000001
2406,RegionF,408.834667,131.16533299999998
